"rank_abs_delta","parid","county","acres_2020","acres_2026","n_tcc_pixels","mean_tcc_2020","mean_tcc_2025","delta_pp","abs_delta_pp","owner_type_2020","owner_type_2026","owner_type_changed","still_in_cfp_2026"
1,"5269","Keweenaw",40,40,177,77.8474576271186,5.28813559322034,-72.5593220338983,72.5593220338983,"Forest Industry","Forest Industry",FALSE,TRUE
2,"10325","Houghton",159.32,159.32,650,83.3830769230769,12.6830769230769,-70.7,70.7,"Forest Industry","Forest Industry",FALSE,TRUE
3,"22064","Houghton",40,40,176,83.0170454545455,24.2272727272727,-58.7897727272727,58.7897727272727,"Forest Industry","Forest Industry",FALSE,TRUE
4,"11930","Keweenaw",159.31,159.31,717,79.234309623431,22.2468619246862,-56.9874476987448,56.9874476987448,"Forest Industry","Forest Industry",FALSE,TRUE
5,"34673","Houghton",80.45,80.45,351,73.2763532763533,18.8518518518519,-54.4245014245014,54.4245014245014,"Forest Industry","Forest Industry",FALSE,TRUE
6,"22065","Houghton",80,80,335,82.3522388059701,29.5462686567164,-52.8059701492537,52.8059701492537,"Forest Industry","Forest Industry",FALSE,TRUE
7,"5203","Keweenaw",160,160,724,76.5773480662983,26.9530386740331,-49.6243093922652,49.6243093922652,"Forest Industry","Forest Industry",FALSE,TRUE
8,"10336","Houghton",40,40,182,85.1263736263736,35.6703296703297,-49.4560439560439,49.4560439560439,"Forest Industry","Forest Industry",FALSE,TRUE
9,"10402","Houghton",80,80,363,71.030303030303,23.7052341597796,-47.3250688705234,47.3250688705234,"Forest Industry","Forest Industry",FALSE,TRUE
10,"23265","Keweenaw",80,NA,363,26.3911845730028,72.6666666666667,46.2754820936639,46.2754820936639,"Forest Industry","non-CFP in 2026",FALSE,FALSE
11,"12041","Keweenaw",120,120,525,76.4609523809524,30.2285714285714,-46.232380952381,46.232380952381,"Forest Industry","Forest Industry",FALSE,TRUE
12,"15714","Houghton",162.45,162.45,693,77.7546897546897,31.6233766233766,-46.1313131313131,46.1313131313131,"Forest Industry","Forest Industry",FALSE,TRUE
13,"5165","Keweenaw",160,160,739,75.2016238159675,30.7970230040595,-44.404600811908,44.404600811908,"Forest Industry","Forest Industry",FALSE,TRUE
14,"5231","Keweenaw",320,320,1435,77.7344947735192,33.9951219512195,-43.7393728222997,43.7393728222997,"Forest Industry","Forest Industry",FALSE,TRUE
15,"35048","Houghton",50,50,224,18.7991071428571,61.6517857142857,42.8526785714286,42.8526785714286,"Other Business","Private Individual(s)",TRUE,TRUE
16,"5170","Keweenaw",80,80,357,76.5070028011204,34.1932773109244,-42.3137254901961,42.3137254901961,"Forest Industry","Forest Industry",FALSE,TRUE
17,"17621","Houghton",80,80,367,49.6948228882834,8.57765667574932,-41.1171662125341,41.1171662125341,"Forest Industry","Forest Industry",FALSE,TRUE
18,"23160","Houghton",40,40,183,84.4207650273224,43.672131147541,-40.7486338797814,40.7486338797814,"Private Individual(s)","Private Individual(s)",FALSE,TRUE
19,"5072","Houghton",40,40,172,41.6860465116279,81.7267441860465,40.0406976744186,40.0406976744186,"Forest Industry","Forest Industry",FALSE,TRUE
20,"5274","Keweenaw",80,80,365,83.3315068493151,43.7315068493151,-39.6,39.6,"Forest Industry","Forest Industry",FALSE,TRUE
21,"6143","Keweenaw",160,160,722,74.6246537396122,35.0401662049861,-39.584487534626,39.584487534626,"Forest Industry","Forest Industry",FALSE,TRUE
22,"5264","Keweenaw",40,40,177,39.2316384180791,78.6440677966102,39.4124293785311,39.4124293785311,"Forest Industry","Forest Industry",FALSE,TRUE
23,"779","Keweenaw",40,40,175,39.9885714285714,79.1885714285714,39.2,39.2,"Forest Industry","Forest Industry",FALSE,TRUE
24,"5202","Keweenaw",320,320,1446,77.1576763485477,38.6715076071923,-38.4861687413555,38.4861687413555,"Forest Industry","Forest Industry",FALSE,TRUE
25,"35572","Houghton",154.17,154.17,671,79.0938897168405,40.9493293591654,-38.1445603576751,38.1445603576751,"Forest Industry","Forest Industry",FALSE,TRUE
26,"32903","Keweenaw",81,NA,386,34.9274611398964,72.7901554404145,37.8626943005181,37.8626943005181,"Private Individual(s)","non-CFP in 2026",FALSE,FALSE
27,"11929","Keweenaw",478.39,478.39,2135,43.1344262295082,80.4224824355972,37.288056206089,37.288056206089,"Forest Industry","Forest Industry",FALSE,TRUE
28,"20309","Houghton",480,480,2156,78.9833024118738,41.9397031539889,-37.043599257885,37.043599257885,"Other Business","Forest Industry",TRUE,TRUE
29,"10333","Houghton",40,40,170,85.6117647058824,48.6117647058824,-37,37,"Forest Industry","Forest Industry",FALSE,TRUE
30,"18913","Houghton",20,20,92,83.8913043478261,47.8152173913044,-36.0760869565217,36.0760869565217,"Forest Industry","Forest Industry",FALSE,TRUE
31,"791","Keweenaw",80,80,357,74.7759103641457,40.3249299719888,-34.4509803921569,34.4509803921569,"Forest Industry","Forest Industry",FALSE,TRUE
32,"5182","Keweenaw",40,40,183,27.2459016393443,61.6775956284153,34.431693989071,34.431693989071,"Forest Industry","Forest Industry",FALSE,TRUE
33,"795","Keweenaw",69.83,69.83,313,41.8434504792332,75.7539936102236,33.9105431309904,33.9105431309904,"Forest Industry","Forest Industry",FALSE,TRUE
34,"34735","Houghton",116.02,116.02,520,75.2115384615385,41.5865384615385,-33.625,33.625,"Other Business","Other Business",FALSE,TRUE
35,"10416","Houghton",320,320,1443,37.8613998613999,71.3014553014553,33.4400554400554,33.4400554400554,"Forest Industry","Forest Industry",FALSE,TRUE
36,"17643","Houghton",40,40,181,42.8453038674033,76.2817679558011,33.4364640883978,33.4364640883978,"Forest Industry","Forest Industry",FALSE,TRUE
37,"16864","Keweenaw",160,160,720,81.5527777777778,48.5527777777778,-33,33,"Forest Industry","Forest Industry",FALSE,TRUE
38,"5166","Keweenaw",80,80,369,77.3306233062331,44.8780487804878,-32.4525745257453,32.4525745257453,"Forest Industry","Forest Industry",FALSE,TRUE
39,"6162","Keweenaw",40,40,179,79.1340782122905,46.877094972067,-32.2569832402235,32.2569832402235,"Forest Industry","Forest Industry",FALSE,TRUE
40,"34330","Houghton",40,40,180,71.4166666666667,39.2333333333333,-32.1833333333333,32.1833333333333,"Forest Industry","Forest Industry",FALSE,TRUE
41,"20655","Keweenaw",20,20,93,83.3870967741936,51.4408602150538,-31.9462365591398,31.9462365591398,"Forest Industry","Forest Industry",FALSE,TRUE
42,"16996","Houghton",600,600,2685,80.4353817504656,48.5567970204842,-31.8785847299814,31.8785847299814,"Other Business","Forest Industry",TRUE,TRUE
43,"5267","Keweenaw",40,40,176,47.3636363636364,78.4318181818182,31.0681818181818,31.0681818181818,"Forest Industry","Forest Industry",FALSE,TRUE
44,"15713","Houghton",83.23,83.23,329,75.2978723404255,44.4376899696049,-30.8601823708207,30.8601823708207,"Forest Industry","Forest Industry",FALSE,TRUE
45,"17620","Houghton",80,80,368,57.5054347826087,26.9266304347826,-30.5788043478261,30.5788043478261,"Forest Industry","Forest Industry",FALSE,TRUE
46,"5232","Keweenaw",160,160,711,79.4289732770745,48.873417721519,-30.5555555555556,30.5555555555556,"Forest Industry","Forest Industry",FALSE,TRUE
47,"5181","Keweenaw",80,80,363,72.0909090909091,41.6363636363636,-30.4545454545455,30.4545454545455,"Forest Industry","Forest Industry",FALSE,TRUE
48,"808","Keweenaw",40,40,185,46.3837837837838,76.7621621621622,30.3783783783784,30.3783783783784,"Forest Industry","Forest Industry",FALSE,TRUE
49,"23295","Keweenaw",40,40,178,41.685393258427,71.8932584269663,30.2078651685393,30.2078651685393,"Forest Industry","Forest Industry",FALSE,TRUE
50,"10260","Houghton",400,400,1866,78.3949624866024,48.4967845659164,-29.898177920686,29.898177920686,"Forest Industry","Forest Industry",FALSE,TRUE
51,"6113","Keweenaw",160,160,715,79.1552447552448,49.3636363636364,-29.7916083916084,29.7916083916084,"Forest Industry","Forest Industry",FALSE,TRUE
52,"31987","Houghton",40,40,183,83.6338797814208,54.2513661202186,-29.3825136612022,29.3825136612022,"Forest Industry","Forest Industry",FALSE,TRUE
53,"783","Keweenaw",40,40,179,70.4413407821229,41.0670391061453,-29.3743016759777,29.3743016759777,"Forest Industry","Forest Industry",FALSE,TRUE
54,"862","Houghton",40.01,40.01,186,52.8387096774194,81.6827956989247,28.8440860215054,28.8440860215054,"Private Individual(s)","Trust",TRUE,TRUE
55,"11971","Keweenaw",160,160,712,51.7176966292135,80.3637640449438,28.6460674157303,28.6460674157303,"Forest Industry","Forest Industry",FALSE,TRUE
56,"32925","Houghton",80,80,357,35.1960784313725,63.453781512605,28.2577030812325,28.2577030812325,"Forest Industry","Forest Industry",FALSE,TRUE
57,"874","Houghton",40,40,188,53.6063829787234,81.7553191489362,28.1489361702128,28.1489361702128,"Private Individual(s)","Trust",TRUE,TRUE
58,"10228","Houghton",160,160,711,48.7623066104079,76.9043600562588,28.1420534458509,28.1420534458509,"Forest Industry","Forest Industry",FALSE,TRUE
59,"32901","Keweenaw",40,NA,177,36.1920903954802,64.3276836158192,28.135593220339,28.135593220339,"Private Individual(s)","non-CFP in 2026",FALSE,FALSE
60,"10339","Houghton",599.64,599.64,2648,80.387084592145,52.2847432024169,-28.1023413897281,28.1023413897281,"Forest Industry","Forest Industry",FALSE,TRUE
61,"10183","Houghton",280,280,1287,53.3768453768454,81.3651903651904,27.988344988345,27.988344988345,"Forest Industry","Forest Industry",FALSE,TRUE
62,"11996","Keweenaw",320,320,1431,53.6841369671558,81.4423480083857,27.7582110412299,27.7582110412299,"Forest Industry","Other Business",TRUE,TRUE
63,"31442","Houghton",80,80,364,79.3241758241758,51.6043956043956,-27.7197802197802,27.7197802197802,"Other Business","Forest Industry",TRUE,TRUE
64,"10276","Houghton",320,320,1449,74.1021394064872,46.7888198757764,-27.3133195307108,27.3133195307108,"Forest Industry","Forest Industry",FALSE,TRUE
65,"17627","Houghton",35,35,110,49.3181818181818,76.4636363636364,27.1454545454545,27.1454545454545,"Forest Industry","Other",TRUE,TRUE
66,"12039","Keweenaw",163.85,163.85,735,48.1510204081633,75.2938775510204,27.1428571428572,27.1428571428572,"Forest Industry","Forest Industry",FALSE,TRUE
67,"11985","Keweenaw",160,160,710,55.130985915493,82.2507042253521,27.1197183098592,27.1197183098592,"Forest Industry","Other Business",TRUE,TRUE
68,"5198","Keweenaw",80,80,362,71.7016574585635,44.6933701657459,-27.0082872928177,27.0082872928177,"Forest Industry","Forest Industry",FALSE,TRUE
69,"11907","Keweenaw",40,40,179,78.586592178771,51.7541899441341,-26.8324022346369,26.8324022346369,"Forest Industry","Forest Industry",FALSE,TRUE
70,"877","Houghton",20,20,92,53.6739130434783,80.3913043478261,26.7173913043478,26.7173913043478,"Private Individual(s)","Trust",TRUE,TRUE
71,"10261","Houghton",160,160,740,79.777027027027,53.1810810810811,-26.5959459459459,26.5959459459459,"Forest Industry","Forest Industry",FALSE,TRUE
72,"5263","Keweenaw",80,80,352,45.9715909090909,72.5113636363636,26.5397727272727,26.5397727272727,"Forest Industry","Forest Industry",FALSE,TRUE
73,"19053","Keweenaw",80,80,352,66.1875,39.9289772727273,-26.2585227272727,26.2585227272727,"Forest Industry","Forest Industry",FALSE,TRUE
74,"5273","Keweenaw",320,320,1452,79.513085399449,53.267217630854,-26.245867768595,26.245867768595,"Forest Industry","Forest Industry",FALSE,TRUE
75,"27875","Houghton",639.77,639.77,2789,77.1272857655074,50.9609178917175,-26.1663678737899,26.1663678737899,"Forest Industry","Forest Industry",FALSE,TRUE
76,"20664","Keweenaw",320,320,1441,75.2401110340042,49.2338653712699,-26.0062456627342,26.0062456627342,"Forest Industry","Forest Industry",FALSE,TRUE
77,"23680","Keweenaw",80,NA,358,37.427374301676,63.3184357541899,25.891061452514,25.891061452514,"Private Individual(s)","non-CFP in 2026",FALSE,FALSE
78,"10307","Houghton",240,240,1091,58.8029330889093,84.6617781851512,25.858845096242,25.858845096242,"Forest Industry","Forest Industry",FALSE,TRUE
79,"15712","Houghton",83.36,83.36,342,71.8888888888889,46.2222222222222,-25.6666666666667,25.6666666666667,"Forest Industry","Forest Industry",FALSE,TRUE
80,"22063","Houghton",80,80,368,83.820652173913,58.375,-25.445652173913,25.445652173913,"Forest Industry","Forest Industry",FALSE,TRUE
81,"19012","Keweenaw",160,160,716,52.7527932960894,77.5223463687151,24.7695530726257,24.7695530726257,"Forest Industry","Other Business",TRUE,TRUE
82,"6150","Keweenaw",80,80,353,73.1218130311615,48.5325779036827,-24.5892351274788,24.5892351274788,"Forest Industry","Forest Industry",FALSE,TRUE
83,"18538","Houghton",40,40,180,55.0833333333333,79.6611111111111,24.5777777777778,24.5777777777778,"Private Individual(s)","Private Individual(s)",FALSE,TRUE
84,"23206","Keweenaw",80,80,360,51.4027777777778,75.9555555555555,24.5527777777778,24.5527777777778,"Forest Industry","Other Business",TRUE,TRUE
85,"10275","Houghton",320,320,1445,80.522491349481,56.038062283737,-24.4844290657439,24.4844290657439,"Forest Industry","Forest Industry",FALSE,TRUE
86,"5226","Keweenaw",280,280,1253,73.2083000798085,48.7406225059856,-24.4676775738228,24.4676775738228,"Forest Industry","Forest Industry",FALSE,TRUE
87,"5183","Keweenaw",160,160,726,76.3292011019284,52.1776859504132,-24.1515151515152,24.1515151515152,"Forest Industry","Forest Industry",FALSE,TRUE
88,"18922","Houghton",45.81,45.81,234,46.7179487179487,22.6923076923077,-24.025641025641,24.025641025641,"Forest Industry","Trust",TRUE,TRUE
89,"12034","Keweenaw",80,80,355,78.3971830985916,54.4281690140845,-23.969014084507,23.969014084507,"Forest Industry","Forest Industry",FALSE,TRUE
90,"17644","Houghton",40,40,183,77.3661202185792,53.4699453551913,-23.896174863388,23.896174863388,"Forest Industry","Forest Industry",FALSE,TRUE
91,"18914","Houghton",20,20,90,76.3777777777778,52.5666666666667,-23.8111111111111,23.8111111111111,"Forest Industry","Forest Industry",FALSE,TRUE
92,"6146","Keweenaw",80,80,360,76.4361111111111,52.6361111111111,-23.8,23.8,"Forest Industry","Forest Industry",FALSE,TRUE
93,"10335","Houghton",599.62,599.62,2480,82.6754032258064,58.9112903225806,-23.7641129032258,23.7641129032258,"Forest Industry","Forest Industry",FALSE,TRUE
94,"10195","Houghton",40,40,176,69.25,45.5,-23.75,23.75,"Forest Industry","Forest Industry",FALSE,TRUE
95,"10185","Houghton",120,120,546,77.7783882783883,54.1208791208791,-23.6575091575092,23.6575091575092,"Forest Industry","Forest Industry",FALSE,TRUE
96,"10281","Houghton",640,640,2870,80.3282229965157,57.2693379790941,-23.0588850174216,23.0588850174216,"Forest Industry","Forest Industry",FALSE,TRUE
97,"4952","Houghton",80,NA,351,57.9116809116809,80.6923076923077,22.7806267806268,22.7806267806268,"Forest Industry","non-CFP in 2026",FALSE,FALSE
98,"26761","Houghton",40,40,182,79.489010989011,56.8791208791209,-22.6098901098901,22.6098901098901,"Private Individual(s)","Private Individual(s)",FALSE,TRUE
99,"21447","Keweenaw",80,80,332,43.8584337349398,65.7560240963855,21.8975903614458,21.8975903614458,"Forest Industry","Other Business",TRUE,TRUE
100,"10366","Houghton",40,40,181,42.9005524861878,21.1049723756906,-21.7955801104972,21.7955801104972,"Forest Industry","Forest Industry",FALSE,TRUE
101,"10283","Houghton",160,160,715,79.7972027972028,58.186013986014,-21.6111888111888,21.6111888111888,"Forest Industry","Forest Industry",FALSE,TRUE
102,"6171","Keweenaw",80,80,367,77.3896457765668,55.7847411444142,-21.6049046321526,21.6049046321526,"Forest Industry","Forest Industry",FALSE,TRUE
103,"4217","Keweenaw",40,40,180,58.3166666666667,79.9111111111111,21.5944444444444,21.5944444444444,"Forest Industry","Other Business",TRUE,TRUE
104,"5257","Keweenaw",80,80,351,52.7350427350427,74.2222222222222,21.4871794871795,21.4871794871795,"Forest Industry","Other Business",TRUE,TRUE
105,"21458","Keweenaw",160,160,720,51.5319444444444,72.8013888888889,21.2694444444445,21.2694444444445,"Forest Industry","Other Business",TRUE,TRUE
106,"10343","Houghton",360,360,1630,80.4030674846626,59.2226993865031,-21.1803680981595,21.1803680981595,"Forest Industry","Forest Industry",FALSE,TRUE
107,"12042","Keweenaw",596.58,596.58,2685,75.9947858472998,54.9720670391061,-21.0227188081937,21.0227188081937,"Forest Industry","Forest Industry",FALSE,TRUE
108,"11994","Keweenaw",640,640,2824,59.6735127478754,80.6876770538244,21.014164305949,21.014164305949,"Forest Industry","Other Business",TRUE,TRUE
109,"10340","Houghton",359.68,359.68,1612,80.0967741935484,59.182382133995,-20.9143920595534,20.9143920595534,"Forest Industry","Forest Industry",FALSE,TRUE
110,"17642","Houghton",40,40,180,72.2055555555555,51.3333333333333,-20.8722222222222,20.8722222222222,"Forest Industry","Forest Industry",FALSE,TRUE
111,"12026","Keweenaw",631.18,631.18,2810,49.3003558718861,70.1313167259786,20.8309608540925,20.8309608540925,"Forest Industry","Other Business",TRUE,TRUE
112,"18919","Houghton",20,20,93,58.1505376344086,78.7849462365591,20.6344086021505,20.6344086021505,"Forest Industry","Forest Industry",FALSE,TRUE
113,"12036","Keweenaw",560,560,2552,59.8213166144201,80.3867554858934,20.5654388714734,20.5654388714734,"Forest Industry","Forest Industry",FALSE,TRUE
114,"5068","Houghton",319.72,319.72,1318,59.1403641881639,79.6767830045523,20.5364188163885,20.5364188163885,"Forest Industry","Forest Industry",FALSE,TRUE
115,"10385","Houghton",40,40,184,60.8097826086956,81.1304347826087,20.3206521739131,20.3206521739131,"Forest Industry","Trust",TRUE,TRUE
116,"10270","Houghton",557.68,557.68,2510,55.5741035856574,75.4394422310757,19.8653386454183,19.8653386454183,"Forest Industry","Forest Industry",FALSE,TRUE
117,"26010","Houghton",80,80,368,75.4809782608696,55.758152173913,-19.7228260869565,19.7228260869565,"Private Individual(s)","Private Individual(s)",FALSE,TRUE
118,"10265","Houghton",120,120,536,61.2705223880597,80.9384328358209,19.6679104477612,19.6679104477612,"Forest Industry","Forest Industry",FALSE,TRUE
119,"4216","Keweenaw",160,160,720,51.2972222222222,70.6791666666667,19.3819444444444,19.3819444444444,"Forest Industry","Other Business",TRUE,TRUE
120,"30818","Houghton",80,80,372,64.489247311828,83.8494623655914,19.3602150537634,19.3602150537634,"Private Individual(s)","Trust",TRUE,TRUE
121,"10164","Houghton",315.61,315.61,1426,72.1311360448808,52.9943899018233,-19.1367461430575,19.1367461430575,"Forest Industry","Forest Industry",FALSE,TRUE
122,"3661","Keweenaw",154.4,154.4,699,79.8397711015737,60.9241773962804,-18.9155937052933,18.9155937052933,"Forest Industry","Forest Industry",FALSE,TRUE
123,"16907","Keweenaw",40,40,182,71.5164835164835,52.6208791208791,-18.8956043956044,18.8956043956044,"Other Business","Forest Industry",TRUE,TRUE
124,"4903","Houghton",643.82,643.82,2878,74.7852675469076,55.9030576789437,-18.8822098679639,18.8822098679639,"Forest Industry","Forest Industry",FALSE,TRUE
125,"811","Keweenaw",160,160,717,79.5076708507671,60.6750348675035,-18.8326359832636,18.8326359832636,"Forest Industry","Forest Industry",FALSE,TRUE
126,"19727","Keweenaw",20,20,89,74.7977528089888,56.1123595505618,-18.685393258427,18.685393258427,"Forest Industry","Forest Industry",FALSE,TRUE
127,"17105","Houghton",116.3,116.3,536,60.4458955223881,79.0746268656716,18.6287313432836,18.6287313432836,"Other Business","Other Business",FALSE,TRUE
128,"22766","Houghton",320,320,1467,80.9441036128153,62.3415132924335,-18.6025903203817,18.6025903203817,"Other Business","Forest Industry",TRUE,TRUE
129,"16260","Keweenaw",82.96,82.96,383,63.023498694517,81.5953002610966,18.5718015665796,18.5718015665796,"Forest Industry","Forest Industry",FALSE,TRUE
130,"11988","Keweenaw",360,360,1607,53.4019912881145,71.7056627255756,18.3036714374611,18.3036714374611,"Forest Industry","Other Business",TRUE,TRUE
131,"5171","Keweenaw",160,160,709,75.1452750352609,56.9125528913963,-18.2327221438646,18.2327221438646,"Forest Industry","Forest Industry",FALSE,TRUE
132,"16994","Houghton",560.72,560.72,2535,81.3940828402367,63.1818540433925,-18.2122287968442,18.2122287968442,"Other Business","Forest Industry",TRUE,TRUE
133,"10426","Houghton",240,240,1055,58.7336492890995,76.9374407582938,18.2037914691943,18.2037914691943,"Forest Industry","Forest Industry",FALSE,TRUE
134,"22067","Houghton",640,640,2965,76.9325463743676,58.8880269814503,-18.0445193929174,18.0445193929174,"Forest Industry","Forest Industry",FALSE,TRUE
135,"5073","Houghton",40,40,189,60.6878306878307,78.6825396825397,17.994708994709,17.994708994709,"Forest Industry","Forest Industry",FALSE,TRUE
136,"35552","Keweenaw",120,120,535,53.8280373831776,71.7308411214953,17.9028037383178,17.9028037383178,"Forest Industry","Other Business",TRUE,TRUE
137,"10272","Houghton",640,640,2905,71.2578313253012,53.3865748709122,-17.871256454389,17.871256454389,"Forest Industry","Forest Industry",FALSE,TRUE
138,"810","Keweenaw",320,320,1434,74.0153417015342,56.1457461645746,-17.8695955369596,17.8695955369596,"Forest Industry","Forest Industry",FALSE,TRUE
139,"17625","Houghton",40,40,179,61.3240223463687,79.1564245810056,17.8324022346369,17.8324022346369,"Forest Industry","Other",TRUE,TRUE
140,"30474","Houghton",28.7,28.7,161,52.6521739130435,70.2919254658385,17.639751552795,17.639751552795,"Forest Industry","Forest Industry",FALSE,TRUE
141,"10342","Houghton",440,440,1993,82.452082288008,64.881585549423,-17.570496738585,17.570496738585,"Forest Industry","Forest Industry",FALSE,TRUE
142,"5168","Keweenaw",80,80,349,82.8825214899714,65.3409742120344,-17.541547277937,17.541547277937,"Forest Industry","Forest Industry",FALSE,TRUE
143,"5185","Keweenaw",160,160,709,76.672778561354,59.2186177715092,-17.4541607898449,17.4541607898449,"Forest Industry","Forest Industry",FALSE,TRUE
144,"11919","Keweenaw",474.7,474.7,2163,75.4373555247342,58.0892279241794,-17.3481276005548,17.3481276005548,"Forest Industry","Forest Industry",FALSE,TRUE
145,"32898","Keweenaw",40,NA,173,46.4913294797688,63.7687861271676,17.2774566473988,17.2774566473988,"Private Individual(s)","non-CFP in 2026",FALSE,FALSE
146,"11997","Keweenaw",600,600,2665,62.881425891182,80.0960600375235,17.2146341463415,17.2146341463415,"Forest Industry","Other Business",TRUE,TRUE
147,"10277","Houghton",160,160,737,56.7788331071913,39.6540027137042,-17.1248303934871,17.1248303934871,"Forest Industry","Forest Industry",FALSE,TRUE
148,"823","Keweenaw",600,600,2679,53.6786114221725,70.7801418439716,17.1015304217992,17.1015304217992,"Forest Industry","Forest Industry",FALSE,TRUE
149,"10326","Houghton",479.32,479.32,2056,80.7568093385214,63.8083657587549,-16.9484435797665,16.9484435797665,"Forest Industry","Forest Industry",FALSE,TRUE
150,"19799","Keweenaw",640,640,2751,81.1250454380225,64.2239185750636,-16.9011268629589,16.9011268629589,"Forest Industry","Forest Industry",FALSE,TRUE
151,"23281","Keweenaw",80,80,351,57.7834757834758,74.6780626780627,16.8945868945869,16.8945868945869,"Forest Industry","Forest Industry",FALSE,TRUE
152,"864","Houghton",20,20,88,65.5,82.3636363636364,16.8636363636364,16.8636363636364,"Private Individual(s)","Trust",TRUE,TRUE
153,"17641","Houghton",40,40,182,64.3736263736264,81.1483516483516,16.7747252747253,16.7747252747253,"Forest Industry","Forest Industry",FALSE,TRUE
154,"5205","Keweenaw",40,40,181,74.1823204419889,57.4419889502762,-16.7403314917127,16.7403314917127,"Forest Industry","Forest Industry",FALSE,TRUE
155,"10332","Houghton",160,160,746,80.0187667560322,63.3941018766756,-16.6246648793566,16.6246648793566,"Forest Industry","Forest Industry",FALSE,TRUE
156,"28973","Houghton",40,40,160,58.91875,75.50625,16.5875,16.5875,"Forest Industry","Private Individual(s)",TRUE,TRUE
157,"22077","Houghton",84.56,84.56,386,68.979274611399,52.4818652849741,-16.4974093264249,16.4974093264249,"Private Individual(s)","Private Individual(s)",FALSE,TRUE
158,"18907","Houghton",37.1,37.1,178,63.0112359550562,79.2640449438202,16.252808988764,16.252808988764,"Forest Industry","Other",TRUE,TRUE
159,"11975","Keweenaw",160,160,714,62.1498599439776,78.3655462184874,16.2156862745098,16.2156862745098,"Forest Industry","Forest Industry",FALSE,TRUE
160,"27243","Houghton",82.51,82.51,362,78.0718232044199,61.9281767955801,-16.1436464088398,16.1436464088398,"Forest Industry","Forest Industry",FALSE,TRUE
161,"16105","Houghton",78.19,78.19,349,74.8452722063037,58.785100286533,-16.0601719197708,16.0601719197708,"Forest Industry","Forest Industry",FALSE,TRUE
162,"32266","Keweenaw",240,240,1069,81.5687558465856,65.5453695042095,-16.023386342376,16.023386342376,"Forest Industry","Forest Industry",FALSE,TRUE
163,"32627","Houghton",141.4,141.4,641,52.6458658346334,68.5288611544462,15.8829953198128,15.8829953198128,"Private Individual(s)","Forest Industry",TRUE,TRUE
164,"21448","Keweenaw",40,40,178,43.5730337078652,59.4213483146067,15.8483146067416,15.8483146067416,"Forest Industry","Other Business",TRUE,TRUE
165,"33226","Houghton",80,80,350,66.8142857142857,82.5257142857143,15.7114285714286,15.7114285714286,"Other Business","Other Business",FALSE,TRUE
166,"10338","Houghton",480,480,2199,78.6707594361073,62.9809004092769,-15.6898590268304,15.6898590268304,"Forest Industry","Forest Industry",FALSE,TRUE
167,"26760","Houghton",40,40,180,84.2111111111111,68.5444444444445,-15.6666666666667,15.6666666666667,"Private Individual(s)","Private Individual(s)",FALSE,TRUE
168,"4213","Keweenaw",40,40,176,80.4602272727273,64.8295454545455,-15.6306818181818,15.6306818181818,"Forest Industry","Forest Industry",FALSE,TRUE
169,"32899","Keweenaw",79.2,NA,350,45.6857142857143,61.2028571428571,15.5171428571429,15.5171428571429,"Private Individual(s)","non-CFP in 2026",FALSE,FALSE
170,"10262","Houghton",160,160,701,63.5720399429387,78.9757489300999,15.4037089871612,15.4037089871612,"Forest Industry","Forest Industry",FALSE,TRUE
171,"19691","Keweenaw",20,20,87,80.0459770114943,64.6551724137931,-15.3908045977011,15.3908045977011,"Forest Industry","Forest Industry",FALSE,TRUE
172,"17628","Houghton",64.4,64.4,202,61.1089108910891,76.4356435643564,15.3267326732673,15.3267326732673,"Forest Industry","Other",TRUE,TRUE
173,"17637","Houghton",40,40,184,57.7663043478261,73.0054347826087,15.2391304347826,15.2391304347826,"Forest Industry","Forest Industry",FALSE,TRUE
174,"5210","Keweenaw",80,80,361,76.6315789473684,61.398891966759,-15.2326869806094,15.2326869806094,"Forest Industry","Forest Industry",FALSE,TRUE
175,"5129","Houghton",80,80,361,63.2326869806094,78.415512465374,15.1828254847645,15.1828254847645,"Forest Industry","Forest Industry",FALSE,TRUE
176,"20646","Houghton",20,20,93,53.6774193548387,68.7096774193548,15.0322580645161,15.0322580645161,"Forest Industry","Forest Industry",FALSE,TRUE
177,"17976","Keweenaw",360,360,1612,61.4261786600496,76.4218362282878,14.9956575682382,14.9956575682382,"Forest Industry","Other Business",TRUE,TRUE
178,"17537","Houghton",40,40,171,81.9298245614035,66.9356725146199,-14.9941520467836,14.9941520467836,"Forest Industry","Forest Industry",FALSE,TRUE
179,"20310","Houghton",160,160,743,79.978465679677,64.9905787348587,-14.9878869448183,14.9878869448183,"Other Business","Forest Industry",TRUE,TRUE
180,"35626","Houghton",149.5,NA,737,56.2645861601085,71.2388059701493,14.9742198100407,14.9742198100407,"Forest Industry","non-CFP in 2026",FALSE,FALSE
181,"35178","Keweenaw",80,80,356,57.2556179775281,72.1488764044944,14.8932584269663,14.8932584269663,"Forest Industry","Other Business",TRUE,TRUE
182,"17447","Keweenaw",80,80,361,64.0360110803324,78.8753462603878,14.8393351800554,14.8393351800554,"Forest Industry","Forest Industry",FALSE,TRUE
183,"34669","Keweenaw",180,180,786,59.236641221374,74.0725190839695,14.8358778625954,14.8358778625954,"Other Business","Other",TRUE,TRUE
184,"6163","Keweenaw",160,160,707,69.4752475247525,54.6888260254597,-14.7864214992928,14.7864214992928,"Forest Industry","Forest Industry",FALSE,TRUE
185,"19750","Keweenaw",151.99,151.99,684,56.9590643274854,71.7324561403509,14.7733918128655,14.7733918128655,"Forest Industry","Other Business",TRUE,TRUE
186,"18868","Houghton",35,35,158,39.1962025316456,24.4746835443038,-14.7215189873418,14.7215189873418,"Forest Industry","Forest Industry",FALSE,TRUE
187,"17624","Houghton",77.48,77.48,325,52.72,67.3907692307692,14.6707692307692,14.6707692307692,"Forest Industry","Other",TRUE,TRUE
188,"18995","Keweenaw",80,80,360,62.3027777777778,76.9333333333333,14.6305555555556,14.6305555555556,"Forest Industry","Forest Industry",FALSE,TRUE
189,"814","Keweenaw",160,160,716,77.7011173184357,63.0712290502793,-14.6298882681564,14.6298882681564,"Forest Industry","Forest Industry",FALSE,TRUE
190,"31159","Keweenaw",40,40,172,74.9360465116279,60.3604651162791,-14.5755813953488,14.5755813953488,"Forest Industry","Forest Industry",FALSE,TRUE
191,"23184","Keweenaw",160,NA,724,62.4350828729282,76.9779005524862,14.542817679558,14.542817679558,"Forest Industry","non-CFP in 2026",FALSE,FALSE
192,"6190","Houghton",40,40,182,62.9285714285714,77.4615384615385,14.532967032967,14.532967032967,"Forest Industry","Forest Industry",FALSE,TRUE
193,"11966","Keweenaw",640,640,2842,76.5021111893033,61.9978888106967,-14.5042223786066,14.5042223786066,"Forest Industry","Forest Industry",FALSE,TRUE
194,"16823","Keweenaw",480,480,2151,74.4704788470479,60.1510925151093,-14.3193863319386,14.3193863319386,"Forest Industry","Forest Industry",FALSE,TRUE
195,"22024","Keweenaw",40,40,181,61.3259668508287,75.6298342541436,14.3038674033149,14.3038674033149,"Forest Industry","Other Business",TRUE,TRUE
196,"16268","Keweenaw",81.92,81.92,360,61.8305555555556,76.0361111111111,14.2055555555556,14.2055555555556,"Forest Industry","Forest Industry",FALSE,TRUE
197,"10282","Houghton",640,640,2872,80.5640668523677,66.3642061281337,-14.199860724234,14.199860724234,"Forest Industry","Forest Industry",FALSE,TRUE
198,"10279","Houghton",320,320,1434,57.7601115760112,71.9567642956764,14.1966527196653,14.1966527196653,"Forest Industry","Forest Industry",FALSE,TRUE
199,"27244","Houghton",42.46,42.46,182,73.9945054945055,59.8681318681319,-14.1263736263736,14.1263736263736,"Forest Industry","Forest Industry",FALSE,TRUE
200,"35245","Houghton",116.1,NA,524,53.0896946564885,67.1774809160305,14.087786259542,14.087786259542,"Other Business","non-CFP in 2026",FALSE,FALSE
201,"10423","Houghton",440,440,1946,81.9465570400822,67.8638232271326,-14.0827338129496,14.0827338129496,"Forest Industry","Forest Industry",FALSE,TRUE
202,"29317","Keweenaw",590,590,2655,78.7472693032015,64.8497175141243,-13.8975517890772,13.8975517890772,"Forest Industry","Forest Industry",FALSE,TRUE
203,"10399","Houghton",40,40,186,76.3225806451613,62.4301075268817,-13.8924731182796,13.8924731182796,"Other","Other",FALSE,TRUE
204,"10208","Houghton",160,160,723,75.4412171507607,61.6196403872752,-13.8215767634855,13.8215767634855,"Forest Industry","Forest Industry",FALSE,TRUE
205,"10285","Houghton",320,320,1403,66.3627940128297,80.1625089094797,13.79971489665,13.79971489665,"Forest Industry","Forest Industry",FALSE,TRUE
206,"5078","Houghton",80,NA,363,64.3388429752066,78.1349862258953,13.7961432506887,13.7961432506887,"Forest Industry","non-CFP in 2026",FALSE,FALSE
207,"10286","Houghton",478.38,478.38,2191,76.7854860794158,63.0853491556367,-13.7001369237791,13.7001369237791,"Forest Industry","Forest Industry",FALSE,TRUE
208,"11963","Keweenaw",160,NA,703,64.6899004267425,51.0184921763869,-13.6714082503556,13.6714082503556,"Forest Industry","non-CFP in 2026",FALSE,FALSE
209,"4959","Houghton",40,40,163,50.920245398773,64.5276073619632,13.6073619631902,13.6073619631902,"Forest Industry","Forest Industry",FALSE,TRUE
210,"12116","Keweenaw",640,NA,2805,74.1329768270945,60.531550802139,-13.6014260249554,13.6014260249554,"Forest Industry","non-CFP in 2026",FALSE,FALSE
211,"5069","Houghton",159.83,159.83,663,68.2564102564103,81.7858220211161,13.5294117647059,13.5294117647059,"Forest Industry","Forest Industry",FALSE,TRUE
212,"28899","Houghton",575.95,NA,2676,57.326980568012,70.8508968609866,13.5239162929746,13.5239162929746,"Forest Industry","non-CFP in 2026",FALSE,FALSE
213,"31239","Houghton",80,80,362,70.9889502762431,84.4502762430939,13.4613259668508,13.4613259668508,"Private Individual(s)","Trust",TRUE,TRUE
214,"20663","Keweenaw",320,320,1445,63.2705882352941,76.6484429065744,13.3778546712803,13.3778546712803,"Forest Industry","Forest Industry",FALSE,TRUE
215,"10417","Houghton",320,320,1443,69.4331254331254,82.7373527373527,13.3042273042273,13.3042273042273,"Forest Industry","Forest Industry",FALSE,TRUE
216,"27245","Houghton",42.41,42.41,181,76.6740331491713,63.3701657458564,-13.3038674033149,13.3038674033149,"Forest Industry","Forest Industry",FALSE,TRUE
217,"19711","Keweenaw",40,40,176,59.9602272727273,73.2386363636364,13.2784090909091,13.2784090909091,"Forest Industry","Forest Industry",FALSE,TRUE
218,"10351","Houghton",640,640,2748,81.9636098981077,68.7503639010189,-13.2132459970888,13.2132459970888,"Forest Industry","Forest Industry",FALSE,TRUE
219,"10327","Houghton",599.26,599.26,2652,75.9958521870287,62.880467571644,-13.1153846153846,13.1153846153846,"Forest Industry","Forest Industry",FALSE,TRUE
220,"31125","Houghton",73.69,73.69,312,72.6570512820513,59.6923076923077,-12.9647435897436,12.9647435897436,"Forest Industry","Forest Industry",FALSE,TRUE
221,"10266","Houghton",80,80,356,78.3286516853933,65.3679775280899,-12.9606741573034,12.9606741573034,"Forest Industry","Forest Industry",FALSE,TRUE
222,"4993","Houghton",160,160,776,65.5025773195876,78.326030927835,12.8234536082474,12.8234536082474,"Forest Industry","Private Individual(s)",TRUE,TRUE
223,"33711","Houghton",40,40,180,59.7833333333333,72.6055555555556,12.8222222222222,12.8222222222222,"Forest Industry","Forest Industry",FALSE,TRUE
224,"35029","Houghton",40,40,179,70.5754189944134,83.2849162011173,12.7094972067039,12.7094972067039,"Forest Industry","Forest Industry",FALSE,TRUE
225,"10251","Houghton",80,80,355,72.1746478873239,59.4929577464789,-12.6816901408451,12.6816901408451,"Forest Industry","Forest Industry",FALSE,TRUE
226,"18846","Houghton",40,40,179,66.0446927374302,78.7262569832402,12.6815642458101,12.6815642458101,"Forest Industry","Forest Industry",FALSE,TRUE
227,"10403","Houghton",30,30,132,75.6742424242424,63.1363636363636,-12.5378787878788,12.5378787878788,"Forest Industry","Forest Industry",FALSE,TRUE
228,"4214","Keweenaw",80,80,355,84.2450704225352,71.7183098591549,-12.5267605633803,12.5267605633803,"Forest Industry","Forest Industry",FALSE,TRUE
229,"26182","Houghton",20,NA,90,52.5555555555556,65.0777777777778,12.5222222222222,12.5222222222222,"Private Individual(s)","non-CFP in 2026",FALSE,FALSE
230,"29604","Keweenaw",80,80,350,68.4314285714286,80.8542857142857,12.4228571428571,12.4228571428571,"Forest Industry","Other Business",TRUE,TRUE
231,"10167","Houghton",160,160,724,73.7720994475138,61.5193370165746,-12.2527624309392,12.2527624309392,"Forest Industry","Forest Industry",FALSE,TRUE
232,"16149","Houghton",40,40,179,66.8435754189944,79.0502793296089,12.2067039106145,12.2067039106145,"Forest Industry","Forest Industry",FALSE,TRUE
233,"34593","Houghton",320,NA,1441,69.1623872310895,81.3657182512144,12.2033310201249,12.2033310201249,"Forest Industry","non-CFP in 2026",FALSE,FALSE
234,"5270","Keweenaw",320,320,1455,60.3560137457045,72.547766323024,12.1917525773196,12.1917525773196,"Forest Industry","Forest Industry",FALSE,TRUE
235,"17448","Keweenaw",80,80,360,70.1305555555556,82.2944444444445,12.1638888888889,12.1638888888889,"Forest Industry","Forest Industry",FALSE,TRUE
236,"10359","Houghton",600,600,2796,64.0894134477825,76.2153075822604,12.1258941344778,12.1258941344778,"Forest Industry","Forest Industry",FALSE,TRUE
237,"23173","Houghton",80,80,357,67.5518207282913,79.6526610644258,12.1008403361345,12.1008403361345,"Forest Industry","Forest Industry",FALSE,TRUE
238,"35425","Houghton",40,40,182,62.4835164835165,74.5824175824176,12.0989010989011,12.0989010989011,"Forest Industry","Forest Industry",FALSE,TRUE
239,"6144","Keweenaw",80,NA,362,62.4171270718232,74.5082872928177,12.0911602209945,12.0911602209945,"Forest Industry","non-CFP in 2026",FALSE,FALSE
240,"4939","Houghton",40,40,179,63.1899441340782,51.2178770949721,-11.9720670391061,11.9720670391061,"Forest Industry","Forest Industry",FALSE,TRUE
241,"4935","Houghton",40,40,178,55.5280898876404,43.5786516853933,-11.9494382022472,11.9494382022472,"Forest Industry","Forest Industry",FALSE,TRUE
242,"4204","Keweenaw",160,160,715,70.3566433566434,82.2685314685315,11.9118881118881,11.9118881118881,"Forest Industry","Forest Industry",FALSE,TRUE
243,"22763","Houghton",160.38,160.38,752,77.9827127659574,66.1954787234042,-11.7872340425532,11.7872340425532,"Other Business","Forest Industry",TRUE,TRUE
244,"22045","Keweenaw",313.6,NA,1420,64.2661971830986,75.9901408450704,11.7239436619718,11.7239436619718,"Forest Industry","non-CFP in 2026",FALSE,FALSE
245,"5173","Keweenaw",160,160,724,77.5524861878453,65.8397790055249,-11.7127071823204,11.7127071823204,"Forest Industry","Forest Industry",FALSE,TRUE
246,"10181","Houghton",80,80,360,80.925,69.2916666666667,-11.6333333333333,11.6333333333333,"Forest Industry","Forest Industry",FALSE,TRUE
247,"5135","Houghton",40,40,184,64.7173913043478,76.2934782608696,11.5760869565217,11.5760869565217,"Private Individual(s)","Private Individual(s)",FALSE,TRUE
248,"17483","Houghton",80,80,350,69.7171428571429,81.2914285714286,11.5742857142857,11.5742857142857,"Forest Industry","Forest Industry",FALSE,TRUE
249,"18909","Houghton",67.5,67.5,300,43.9366666666667,55.38,11.4433333333333,11.4433333333333,"Forest Industry","Other",TRUE,TRUE
250,"17675","Houghton",40,NA,179,46.6648044692737,58.0949720670391,11.4301675977654,11.4301675977654,"Forest Industry","non-CFP in 2026",FALSE,FALSE
251,"17486","Houghton",40,40,177,68.271186440678,79.6949152542373,11.4237288135593,11.4237288135593,"Forest Industry","Forest Industry",FALSE,TRUE
252,"18018","Keweenaw",160,160,699,80.5979971387697,69.2403433476395,-11.3576537911302,11.3576537911302,"Forest Industry","Forest Industry",FALSE,TRUE
253,"12105","Keweenaw",320,320,1437,64.7814892136395,76.0744606819763,11.2929714683368,11.2929714683368,"Forest Industry","Forest Industry",FALSE,TRUE
254,"5134","Houghton",40,40,181,62.0718232044199,73.3591160220994,11.2872928176795,11.2872928176795,"Private Individual(s)","Private Individual(s)",FALSE,TRUE
255,"10187","Houghton",160,160,730,73.3547945205479,62.0821917808219,-11.272602739726,11.272602739726,"Forest Industry","Forest Industry",FALSE,TRUE
256,"5197","Keweenaw",158.49,NA,724,62.3190607734807,73.5621546961326,11.2430939226519,11.2430939226519,"Forest Industry","non-CFP in 2026",FALSE,FALSE
257,"12120","Keweenaw",520,520,2380,61.9852941176471,73.2004201680672,11.2151260504202,11.2151260504202,"Forest Industry","Forest Industry",FALSE,TRUE
258,"28441","Keweenaw",140,140,646,67.6640866873065,78.8777089783282,11.2136222910217,11.2136222910217,"Forest Industry","Forest Industry",FALSE,TRUE
259,"10213","Houghton",639.88,639.88,2898,80.7008281573499,69.4975845410628,-11.2032436162871,11.2032436162871,"Forest Industry","Forest Industry",FALSE,TRUE
260,"12048","Keweenaw",80,80,361,83.1689750692521,72.0498614958449,-11.1191135734072,11.1191135734072,"Forest Industry","Forest Industry",FALSE,TRUE
261,"33438","Houghton",40,40,179,79.4189944134078,68.3016759776536,-11.1173184357542,11.1173184357542,"Other Business","Forest Industry",TRUE,TRUE
262,"35623","Houghton",40,40,185,67.6162162162162,78.7297297297297,11.1135135135135,11.1135135135135,"Private Individual(s)","Private Individual(s)",FALSE,TRUE
263,"18911","Houghton",40,40,179,81.5083798882682,70.4357541899441,-11.072625698324,11.072625698324,"Forest Industry","Forest Industry",FALSE,TRUE
264,"31135","Houghton",480,480,2217,72.5931438881371,61.6238159675237,-10.9693279206134,10.9693279206134,"Forest Industry","Forest Industry",FALSE,TRUE
265,"787","Keweenaw",40,40,182,78.3076923076923,67.4120879120879,-10.8956043956044,10.8956043956044,"Forest Industry","Forest Industry",FALSE,TRUE
266,"31975","Houghton",38,38,175,73.2742857142857,84.1028571428571,10.8285714285714,10.8285714285714,"Forest Industry","Forest Industry",FALSE,TRUE
267,"33177","Keweenaw",40,40,173,70.6705202312139,81.4682080924856,10.7976878612717,10.7976878612717,"Private Individual(s)","Private Individual(s)",FALSE,TRUE
268,"21446","Keweenaw",160,160,687,55.6404657933042,66.3260553129549,10.6855895196507,10.6855895196507,"Forest Industry","Other Business",TRUE,TRUE
269,"26008","Houghton",40,40,182,73.6098901098901,62.956043956044,-10.6538461538462,10.6538461538462,"Private Individual(s)","Private Individual(s)",FALSE,TRUE
270,"23181","Houghton",40,40,184,69.4891304347826,80.0978260869565,10.6086956521739,10.6086956521739,"Private Individual(s)","Private Individual(s)",FALSE,TRUE
271,"11990","Keweenaw",240,NA,1078,62.6873840445269,73.2903525046382,10.6029684601113,10.6029684601113,"Forest Industry","non-CFP in 2026",FALSE,FALSE
272,"31010","Keweenaw",520,520,2324,66.4367469879518,76.9229776247848,10.486230636833,10.486230636833,"Forest Industry","Other Business",TRUE,TRUE
273,"343","Houghton",40,40,191,83.5392670157068,73.1937172774869,-10.3455497382199,10.3455497382199,"Forest Industry","Forest Industry",FALSE,TRUE
274,"11961","Keweenaw",200,200,879,74.1399317406143,84.4641638225256,10.3242320819113,10.3242320819113,"Forest Industry","Forest Industry",FALSE,TRUE
275,"29093","Houghton",48.14,48.14,235,70.2510638297872,80.4893617021277,10.2382978723404,10.2382978723404,"Forest Industry","Forest Industry",FALSE,TRUE
276,"22062","Houghton",160.36,160.36,768,82.69921875,72.5403645833333,-10.1588541666667,10.1588541666667,"Forest Industry","Forest Industry",FALSE,TRUE
277,"16973","Houghton",40,40,160,67.4125,77.4375,10.025,10.025,"Private Individual(s)","Private Individual(s)",FALSE,TRUE
278,"32739","Houghton",41.35,41.35,195,63.3025641025641,73.2666666666667,9.96410256410256,9.96410256410256,"Forest Industry","Other",TRUE,TRUE
279,"18920","Houghton",20,20,89,73.7191011235955,63.7865168539326,-9.93258426966293,9.93258426966293,"Forest Industry","Forest Industry",FALSE,TRUE
280,"17626","Houghton",37.7,37.7,157,72.6624203821656,82.5859872611465,9.92356687898089,9.92356687898089,"Forest Industry","Other",TRUE,TRUE
281,"33445","Keweenaw",40,40,170,61.0882352941176,71,9.91176470588236,9.91176470588236,"Forest Industry","Forest Industry",FALSE,TRUE
282,"31012","Keweenaw",80,80,358,67.7960893854749,77.6843575418994,9.88826815642459,9.88826815642459,"Forest Industry","Other Business",TRUE,TRUE
283,"18918","Houghton",20,20,88,61.9204545454545,52.0795454545455,-9.84090909090909,9.84090909090909,"Forest Industry","Forest Industry",FALSE,TRUE
284,"22886","Houghton",20,20,88,49.2159090909091,59.0340909090909,9.81818181818181,9.81818181818181,"Forest Industry","Forest Industry",FALSE,TRUE
285,"35177","Keweenaw",40,40,177,63.5819209039548,73.3785310734463,9.79661016949152,9.79661016949152,"Forest Industry","Other Business",TRUE,TRUE
286,"17473","Houghton",35.45,35.45,152,66.4605263157895,76.2434210526316,9.7828947368421,9.7828947368421,"Forest Industry","Private Individual(s)",TRUE,TRUE
287,"18916","Houghton",20,20,87,78.9770114942529,69.2183908045977,-9.75862068965517,9.75862068965517,"Forest Industry","Forest Industry",FALSE,TRUE
288,"12063","Keweenaw",560,560,2457,69.4232804232804,79.1587301587302,9.73544973544975,9.73544973544975,"Forest Industry","Forest Industry",FALSE,TRUE
289,"5220","Keweenaw",360,360,1610,76.3875776397516,66.7316770186335,-9.65590062111802,9.65590062111802,"Forest Industry","Forest Industry",FALSE,TRUE
290,"10203","Houghton",400,400,1793,80.3970998326827,70.7590630228667,-9.63803680981596,9.63803680981596,"Forest Industry","Forest Industry",FALSE,TRUE
291,"5099","Houghton",320,320,1470,80.7292517006803,71.2047619047619,-9.52448979591836,9.52448979591836,"Forest Industry","Forest Industry",FALSE,TRUE
292,"10207","Houghton",324.57,324.57,1404,69.1609686609687,78.6160968660969,9.4551282051282,9.4551282051282,"Forest Industry","Forest Industry",FALSE,TRUE
293,"30728","Houghton",40,40,178,65.9831460674157,75.438202247191,9.45505617977528,9.45505617977528,"Private Individual(s)","Private Individual(s)",FALSE,TRUE
294,"5067","Houghton",160.04,160.04,614,67.2068403908795,76.6530944625407,9.44625407166124,9.44625407166124,"Forest Industry","Forest Industry",FALSE,TRUE
295,"11950","Keweenaw",200.3,200.3,874,74.7482837528604,65.3100686498856,-9.43821510297484,9.43821510297484,"Forest Industry","Forest Industry",FALSE,TRUE
296,"34543","Houghton",64.49,64.49,293,60.8293515358362,70.2320819112628,9.40273037542662,9.40273037542662,"Forest Industry","Forest Industry",FALSE,TRUE
297,"35418","Houghton",40,40,181,68.1823204419889,77.5635359116022,9.38121546961327,9.38121546961327,"Forest Industry","Forest Industry",FALSE,TRUE
298,"17979","Keweenaw",80,80,390,71.1179487179487,80.4897435897436,9.37179487179486,9.37179487179486,"Forest Industry","Other Business",TRUE,TRUE
299,"10352","Houghton",600,600,2661,78.087185268696,68.7534761367907,-9.33370913190529,9.33370913190529,"Forest Industry","Forest Industry",FALSE,TRUE
300,"4965","Houghton",40,40,156,70.2884615384615,60.9679487179487,-9.32051282051282,9.32051282051282,"Forest Industry","Forest Industry",FALSE,TRUE
301,"18848","Houghton",80,80,359,69.1977715877437,78.5013927576602,9.30362116991644,9.30362116991644,"Forest Industry","Forest Industry",FALSE,TRUE
302,"35624","Houghton",40,40,183,71.0491803278689,80.3497267759563,9.30054644808743,9.30054644808743,"Private Individual(s)","Private Individual(s)",FALSE,TRUE
303,"10331","Houghton",280,280,1340,80.7940298507463,71.5298507462687,-9.26417910447762,9.26417910447762,"Forest Industry","Forest Industry",FALSE,TRUE
304,"10321","Houghton",280.02,280.02,1215,74.7637860082305,65.5127572016461,-9.25102880658436,9.25102880658436,"Forest Industry","Forest Industry",FALSE,TRUE
305,"16272","Keweenaw",160,160,701,66.0841654778887,75.3323823109843,9.24821683309558,9.24821683309558,"Forest Industry","Forest Industry",FALSE,TRUE
306,"10250","Houghton",240,240,1092,71.3369963369963,80.5210622710623,9.18406593406594,9.18406593406594,"Forest Industry","Forest Industry",FALSE,TRUE
307,"31466","Houghton",40,40,183,75.2295081967213,84.4098360655738,9.18032786885246,9.18032786885246,"Forest Industry","Forest Industry",FALSE,TRUE
308,"23185","Houghton",40,NA,180,58.3,67.4777777777778,9.17777777777778,9.17777777777778,"Private Individual(s)","non-CFP in 2026",FALSE,FALSE
309,"10149","Houghton",40,NA,181,55.3812154696133,64.5524861878453,9.17127071823204,9.17127071823204,"Private Individual(s)","non-CFP in 2026",FALSE,FALSE
310,"6078","Houghton",40,40,182,68.2252747252747,77.3626373626374,9.13736263736263,9.13736263736263,"Forest Industry","Forest Industry",FALSE,TRUE
311,"30935","Houghton",41.26,NA,199,73,82.1256281407035,9.12562814070351,9.12562814070351,"Other Business","non-CFP in 2026",FALSE,FALSE
312,"4963","Houghton",160,160,661,44.4841149773071,53.6051437216339,9.12102874432678,9.12102874432678,"Forest Industry","Private Individual(s)",TRUE,TRUE
313,"10118","Houghton",40,40,174,73.3735632183908,82.4367816091954,9.06321839080461,9.06321839080461,"Other Business","Other Business",FALSE,TRUE
314,"33569","Houghton",35,35,153,56.1176470588235,65.1699346405229,9.05228758169935,9.05228758169935,"Private Individual(s)","Private Individual(s)",FALSE,TRUE
315,"12043","Keweenaw",595.29,595.29,2700,68.5559259259259,77.5874074074074,9.03148148148149,9.03148148148149,"Forest Industry","Forest Industry",FALSE,TRUE
316,"12118","Keweenaw",400,400,1767,63.2535370684776,72.2608941709111,9.0073571024335,9.0073571024335,"Forest Industry","Forest Industry",FALSE,TRUE
317,"11970","Keweenaw",280,280,1243,69.5020112630732,78.484312148029,8.98230088495575,8.98230088495575,"Forest Industry","Forest Industry",FALSE,TRUE
318,"28443","Keweenaw",71.45,71.45,316,68.9810126582279,77.9398734177215,8.95886075949366,8.95886075949366,"Forest Industry","Forest Industry",FALSE,TRUE
319,"5282","Keweenaw",160,160,719,76.5424200278164,67.6203059805285,-8.92211404728789,8.92211404728789,"Forest Industry","Forest Industry",FALSE,TRUE
320,"23233","Keweenaw",311.02,311.02,1346,67.9205052005943,76.834323922734,8.91381872213968,8.91381872213968,"Forest Industry","Other Business",TRUE,TRUE
321,"822","Keweenaw",80,80,350,66.1371428571429,57.2971428571429,-8.84,8.84,"Forest Industry","Forest Industry",FALSE,TRUE
322,"17484","Houghton",34.7,34.7,177,71.6723163841808,80.5028248587571,8.83050847457628,8.83050847457628,"Forest Industry","Forest Industry",FALSE,TRUE
323,"19724","Keweenaw",40,40,174,63.0172413793103,71.8448275862069,8.82758620689655,8.82758620689655,"Forest Industry","Forest Industry",FALSE,TRUE
324,"16847","Keweenaw",301.5,301.5,1350,74.9503703703704,66.1251851851852,-8.82518518518518,8.82518518518518,"Forest Industry","Forest Industry",FALSE,TRUE
325,"23210","Keweenaw",160,160,712,67.5252808988764,76.3497191011236,8.82443820224719,8.82443820224719,"Forest Industry","Other Business",TRUE,TRUE
326,"5214","Keweenaw",640,640,2880,67.0190972222222,75.8194444444444,8.80034722222221,8.80034722222221,"Forest Industry","Forest Industry",FALSE,TRUE
327,"16845","Keweenaw",40,40,179,49.7709497206704,58.5474860335196,8.77653631284916,8.77653631284916,"Forest Industry","Other Business",TRUE,TRUE
328,"23302","Keweenaw",244.2,244.2,1045,58.7100478468899,67.4755980861244,8.76555023923446,8.76555023923446,"Forest Industry","Other Business",TRUE,TRUE
329,"23262","Keweenaw",80,80,359,64.2757660167131,72.9972144846797,8.72144846796657,8.72144846796657,"Forest Industry","Forest Industry",FALSE,TRUE
330,"16115","Houghton",80,80,369,72.5392953929539,81.2276422764228,8.68834688346884,8.68834688346884,"Forest Industry","Forest Industry",FALSE,TRUE
331,"12106","Keweenaw",400,400,1820,71.6489010989011,80.3335164835165,8.6846153846154,8.6846153846154,"Forest Industry","Forest Industry",FALSE,TRUE
332,"10365","Houghton",280,280,1268,73.1293375394322,81.7981072555205,8.66876971608833,8.66876971608833,"Forest Industry","Forest Industry",FALSE,TRUE
333,"5216","Keweenaw",480,480,2162,71.7627197039778,80.4084181313599,8.64569842738206,8.64569842738206,"Forest Industry","Forest Industry",FALSE,TRUE
334,"16821","Keweenaw",80,80,360,68.2972222222222,59.7055555555556,-8.59166666666666,8.59166666666666,"Forest Industry","Forest Industry",FALSE,TRUE
335,"16995","Houghton",160,160,725,79.1268965517241,70.5668965517241,-8.56,8.56,"Other Business","Forest Industry",TRUE,TRUE
336,"816","Keweenaw",80,80,355,75.1577464788732,83.6985915492958,8.54084507042253,8.54084507042253,"Forest Industry","Forest Industry",FALSE,TRUE
337,"18878","Houghton",40,40,178,46.4775280898876,55.0168539325843,8.53932584269663,8.53932584269663,"Forest Industry","Private Individual(s)",TRUE,TRUE
338,"34399","Houghton",115,115,504,63.5357142857143,72.0595238095238,8.52380952380953,8.52380952380953,"Forest Industry","Forest Industry",FALSE,TRUE
339,"10274","Houghton",320,320,1451,68.1688490696072,76.6822880771881,8.51343900758098,8.51343900758098,"Forest Industry","Forest Industry",FALSE,TRUE
340,"10412","Houghton",160,160,714,72.0252100840336,80.5210084033613,8.49579831932773,8.49579831932773,"Forest Industry","Forest Industry",FALSE,TRUE
341,"5186","Keweenaw",40,40,180,74.6277777777778,83.1055555555556,8.47777777777777,8.47777777777777,"Forest Industry","Forest Industry",FALSE,TRUE
342,"11962","Keweenaw",240,NA,1062,63.6591337099812,72.0969868173258,8.43785310734463,8.43785310734463,"Forest Industry","non-CFP in 2026",FALSE,FALSE
343,"18021","Keweenaw",80,80,358,69.2011173184357,77.6061452513967,8.40502793296091,8.40502793296091,"Forest Industry","Forest Industry",FALSE,TRUE
344,"20437","Houghton",40,40,178,74.247191011236,82.6123595505618,8.36516853932584,8.36516853932584,"Private Individual(s)","Private Individual(s)",FALSE,TRUE
345,"32443","Keweenaw",110,110,464,65.0775862068966,73.4137931034483,8.33620689655172,8.33620689655172,"Forest Industry","Forest Industry",FALSE,TRUE
346,"17479","Houghton",80,80,360,69.5583333333333,77.8222222222222,8.26388888888889,8.26388888888889,"Forest Industry","Forest Industry",FALSE,TRUE
347,"10252","Houghton",640.4,640.4,2855,75.9779334500876,67.7429071803853,-8.23502626970227,8.23502626970227,"Forest Industry","Forest Industry",FALSE,TRUE
348,"31325","Keweenaw",87,87,413,65.7409200968523,73.9515738498789,8.21065375302663,8.21065375302663,"Forest Industry","Other Business",TRUE,TRUE
349,"5301","Keweenaw",80,80,355,64.0591549295775,72.256338028169,8.19718309859155,8.19718309859155,"Forest Industry","Forest Industry",FALSE,TRUE
350,"10253","Houghton",320.24,320.24,1411,78.8504606661942,70.6966690290574,-8.15379163713679,8.15379163713679,"Forest Industry","Forest Industry",FALSE,TRUE
351,"31331","Houghton",80,80,359,81.5905292479109,73.4484679665738,-8.14206128133705,8.14206128133705,"Private Individual(s)","Private Individual(s)",FALSE,TRUE
352,"20435","Houghton",40,40,178,75.5505617977528,83.6910112359551,8.14044943820225,8.14044943820225,"Private Individual(s)","Private Individual(s)",FALSE,TRUE
353,"10186","Houghton",120,120,549,75.1457194899818,83.2732240437158,8.12750455373406,8.12750455373406,"Forest Industry","Forest Industry",FALSE,TRUE
354,"17517","Houghton",80,80,348,70.7212643678161,78.8419540229885,8.12068965517241,8.12068965517241,"Forest Industry","Forest Industry",FALSE,TRUE
355,"19749","Keweenaw",455.7,455.7,2056,55.7290856031128,63.8375486381323,8.10846303501945,8.10846303501945,"Forest Industry","Other Business",TRUE,TRUE
356,"5204","Keweenaw",80,80,361,76.1108033240997,68.0664819944598,-8.04432132963989,8.04432132963989,"Forest Industry","Forest Industry",FALSE,TRUE
357,"29342","Houghton",40,40,181,71.3038674033149,79.292817679558,7.9889502762431,7.9889502762431,"Forest Industry","Forest Industry",FALSE,TRUE
358,"6192","Houghton",631.12,631.12,2842,70.1351161154117,62.1752287121745,-7.95988740323715,7.95988740323715,"Forest Industry","Forest Industry",FALSE,TRUE
359,"6116","Keweenaw",40,40,181,83.5745856353591,75.6187845303867,-7.95580110497238,7.95580110497238,"Forest Industry","Forest Industry",FALSE,TRUE
360,"4936","Houghton",80,80,358,33.9301675977654,25.9776536312849,-7.95251396648045,7.95251396648045,"Forest Industry","Forest Industry",FALSE,TRUE
361,"22048","Keweenaw",80,80,357,68.03081232493,75.9607843137255,7.92997198879551,7.92997198879551,"Forest Industry","Other Business",TRUE,TRUE
362,"31485","Houghton",80,NA,375,75.3466666666667,83.2426666666667,7.896,7.896,"Private Individual(s)","non-CFP in 2026",FALSE,FALSE
363,"12008","Keweenaw",120.82,120.82,543,70.1694290976059,78.0552486187845,7.88581952117863,7.88581952117863,"Forest Industry","Forest Industry",FALSE,TRUE
364,"16261","Keweenaw",80.09,80.09,360,75.0694444444444,82.9416666666667,7.87222222222222,7.87222222222222,"Forest Industry","Forest Industry",FALSE,TRUE
365,"19800","Keweenaw",40.69,40.69,184,72.4076086956522,80.2445652173913,7.83695652173913,7.83695652173913,"Forest Industry","Forest Industry",FALSE,TRUE
366,"22049","Keweenaw",160,160,710,65.2985915492958,73.1253521126761,7.82676056338028,7.82676056338028,"Forest Industry","Private Individual(s)",TRUE,TRUE
367,"34165","Houghton",30.9,30.9,171,76.5438596491228,68.7543859649123,-7.78947368421053,7.78947368421053,"Other Business","Other Business",FALSE,TRUE
368,"22057","Houghton",320,320,1464,74.9071038251366,82.6851092896175,7.77800546448087,7.77800546448087,"Forest Industry","Forest Industry",FALSE,TRUE
369,"35176","Keweenaw",80,80,358,57.4301675977654,65.1703910614525,7.74022346368716,7.74022346368716,"Forest Industry","Other Business",TRUE,TRUE
370,"12050","Keweenaw",480,480,2129,82.7543447627994,75.0577736026303,-7.69657116016909,7.69657116016909,"Forest Industry","Forest Industry",FALSE,TRUE
371,"35426","Houghton",40,40,181,62.6077348066298,70.292817679558,7.68508287292818,7.68508287292818,"Forest Industry","Forest Industry",FALSE,TRUE
372,"11959","Keweenaw",120,120,530,76.688679245283,84.3471698113208,7.65849056603774,7.65849056603774,"Forest Industry","Forest Industry",FALSE,TRUE
373,"10273","Houghton",160,160,716,69.8491620111732,62.1913407821229,-7.65782122905027,7.65782122905027,"Forest Industry","Forest Industry",FALSE,TRUE
374,"19501","Houghton",20,20,90,60.1111111111111,67.7666666666667,7.65555555555555,7.65555555555555,"Forest Industry","Forest Industry",FALSE,TRUE
375,"35036","Houghton",40,40,179,67.2569832402235,74.8994413407821,7.64245810055866,7.64245810055866,"Private Individual(s)","Private Individual(s)",FALSE,TRUE
376,"26762","Houghton",40,40,183,81.1420765027322,73.5081967213115,-7.63387978142076,7.63387978142076,"Private Individual(s)","Private Individual(s)",FALSE,TRUE
377,"20440","Houghton",40,40,176,75.7272727272727,83.3522727272727,7.625,7.625,"Private Individual(s)","Private Individual(s)",FALSE,TRUE
378,"10098","Houghton",240,240,1064,72.6278195488722,80.2462406015038,7.61842105263158,7.61842105263158,"Other Business","Other Business",FALSE,TRUE
379,"6142","Keweenaw",40,40,180,72.5166666666667,64.9166666666667,-7.59999999999999,7.59999999999999,"Forest Industry","Forest Industry",FALSE,TRUE
380,"16974","Houghton",160,160,623,74.338683788122,81.900481540931,7.561797752809,7.561797752809,"Private Individual(s)","Trust",TRUE,TRUE
381,"6179","Keweenaw",480,480,2166,66.2982456140351,73.8578024007387,7.55955678670361,7.55955678670361,"Forest Industry","Forest Industry",FALSE,TRUE
382,"30318","Keweenaw",80,80,363,65.6363636363636,73.168044077135,7.53168044077134,7.53168044077134,"Forest Industry","Other Business",TRUE,TRUE
383,"19004","Keweenaw",320,320,1411,68.3827072997874,75.900779588944,7.51807228915662,7.51807228915662,"Forest Industry","Other Business",TRUE,TRUE
384,"32263","Houghton",162,162,723,72.3623789764869,79.8395573997234,7.47717842323651,7.47717842323651,"Forest Industry","Forest Industry",FALSE,TRUE
385,"10175","Houghton",79.53,79.53,361,83.4598337950139,75.98891966759,-7.47091412742382,7.47091412742382,"Private Individual(s)","Private Individual(s)",FALSE,TRUE
386,"4897","Houghton",40,40,182,76.6373626373626,84.0934065934066,7.45604395604396,7.45604395604396,"Private Individual(s)","Private Individual(s)",FALSE,TRUE
387,"30831","Keweenaw",92.57,67.66,308,64.0162337662338,71.461038961039,7.4448051948052,7.4448051948052,"Forest Industry","Forest Industry",FALSE,TRUE
388,"31600","Houghton",40,40,163,74.5460122699387,81.9877300613497,7.44171779141104,7.44171779141104,"Forest Industry","Forest Industry",FALSE,TRUE
389,"19500","Houghton",35.13,35.13,184,59.3913043478261,66.8315217391304,7.44021739130435,7.44021739130435,"Forest Industry","Forest Industry",FALSE,TRUE
390,"31338","Houghton",40,40,181,56.0828729281768,63.5193370165746,7.43646408839779,7.43646408839779,"Private Individual(s)","Private Individual(s)",FALSE,TRUE
391,"30301","Keweenaw",56,56,363,61.534435261708,68.8787878787879,7.34435261707988,7.34435261707988,"Forest Industry","Other Business",TRUE,TRUE
392,"30489","Houghton",75,75,347,64.7665706051873,72.0778097982709,7.31123919308357,7.31123919308357,"Forest Industry","Forest Industry",FALSE,TRUE
393,"34213","Houghton",230,230,1065,74.7605633802817,82.037558685446,7.27699530516432,7.27699530516432,"Forest Industry","Forest Industry",FALSE,TRUE
394,"18908","Houghton",33.7,33.7,154,73.6038961038961,80.8571428571429,7.25324675324676,7.25324675324676,"Forest Industry","Other",TRUE,TRUE
395,"22765","Houghton",160,160,726,81.0013774104683,73.7520661157025,-7.24931129476585,7.24931129476585,"Other Business","Forest Industry",TRUE,TRUE
396,"16848","Keweenaw",160,160,727,79.2159559834938,71.9779917469051,-7.23796423658872,7.23796423658872,"Forest Industry","Forest Industry",FALSE,TRUE
397,"22888","Keweenaw",640,640,2878,73.7380125086866,80.9701181375955,7.23210562890895,7.23210562890895,"Forest Industry","Forest Industry",FALSE,TRUE
398,"31337","Houghton",40,40,179,65.3463687150838,72.5754189944134,7.22905027932961,7.22905027932961,"Private Individual(s)","Private Individual(s)",FALSE,TRUE
399,"4966","Houghton",20,20,77,63.038961038961,55.8311688311688,-7.20779220779221,7.20779220779221,"Forest Industry","Forest Industry",FALSE,TRUE
400,"11952","Keweenaw",80,80,351,80.5185185185185,73.3903133903134,-7.12820512820512,7.12820512820512,"Forest Industry","Forest Industry",FALSE,TRUE
401,"11910","Keweenaw",320,320,1385,74.5292418772563,67.4245487364621,-7.10469314079421,7.10469314079421,"Forest Industry","Forest Industry",FALSE,TRUE
402,"5172","Keweenaw",40,40,178,77.747191011236,70.6797752808989,-7.06741573033707,7.06741573033707,"Forest Industry","Forest Industry",FALSE,TRUE
403,"35625","Houghton",160,NA,741,60.2159244264507,67.2550607287449,7.0391363022942,7.0391363022942,"Private Individual(s)","non-CFP in 2026",FALSE,FALSE
404,"10294","Houghton",320,320,1456,80.7657967032967,73.7396978021978,-7.02609890109891,7.02609890109891,"Forest Industry","Trust",TRUE,TRUE
405,"12071","Keweenaw",120.87,120.87,530,67.3320754716981,74.3566037735849,7.02452830188679,7.02452830188679,"Forest Industry","Other Business",TRUE,TRUE
406,"22051","Keweenaw",20,20,87,69.816091954023,76.8390804597701,7.02298850574712,7.02298850574712,"Forest Industry","Private Individual(s)",TRUE,TRUE
407,"27591","Keweenaw",480,480,2167,81.2256575911398,74.2265805260729,-6.99907706506691,6.99907706506691,"Forest Industry","Forest Industry",FALSE,TRUE
408,"29091","Houghton",162.36,162.36,725,68.3889655172414,75.368275862069,6.9793103448276,6.9793103448276,"Forest Industry","Forest Industry",FALSE,TRUE
409,"10324","Houghton",160.01,160.01,672,81.6205357142857,74.7098214285714,-6.91071428571428,6.91071428571428,"Forest Industry","Forest Industry",FALSE,TRUE
410,"10308","Houghton",440,440,1978,75.8998988877654,82.7997977755308,6.89989888776542,6.89989888776542,"Forest Industry","Forest Industry",FALSE,TRUE
411,"4984","Houghton",40,40,175,71.0742857142857,77.96,6.88571428571429,6.88571428571429,"Forest Industry","Private Individual(s)",TRUE,TRUE
412,"18873","Houghton",40,40,174,65.8505747126437,72.7241379310345,6.8735632183908,6.8735632183908,"Forest Industry","Forest Industry",FALSE,TRUE
413,"10117","Houghton",80,80,346,70.9682080924856,77.8381502890173,6.86994219653178,6.86994219653178,"Other Business","Other Business",FALSE,TRUE
414,"21888","Houghton",40,40,177,84.8474576271186,78.0225988700565,-6.82485875706215,6.82485875706215,"Private Individual(s)","Private Individual(s)",FALSE,TRUE
415,"29398","Houghton",40,NA,181,70.6850828729282,63.8729281767956,-6.81215469613259,6.81215469613259,"Private Individual(s)","non-CFP in 2026",FALSE,FALSE
416,"10254","Houghton",320.15,320.15,1408,65.8856534090909,72.6448863636364,6.75923295454545,6.75923295454545,"Forest Industry","Forest Industry",FALSE,TRUE
417,"4225","Keweenaw",280,280,1262,73.7258320126783,80.4683042789223,6.74247226624406,6.74247226624406,"Forest Industry","Forest Industry",FALSE,TRUE
418,"11951","Keweenaw",360.92,360.92,1568,81.4910714285714,74.7602040816327,-6.73086734693878,6.73086734693878,"Forest Industry","Forest Industry",FALSE,TRUE
419,"30575","Houghton",598,598,2712,73.0549410029498,79.7835545722714,6.72861356932154,6.72861356932154,"Forest Industry","Trust",TRUE,TRUE
420,"22043","Keweenaw",320,320,1418,65.9315937940762,72.6417489421721,6.71015514809591,6.71015514809591,"Forest Industry","Other Business",TRUE,TRUE
421,"18010","Keweenaw",640,640,2868,66.278940027894,72.9860529986053,6.70711297071129,6.70711297071129,"Forest Industry","Forest Industry",FALSE,TRUE
422,"33715","Houghton",40,40,185,61.5621621621622,68.2648648648649,6.7027027027027,6.7027027027027,"Forest Industry","Forest Industry",FALSE,TRUE
423,"4978","Houghton",160,160,718,74.0598885793872,67.3760445682451,-6.68384401114207,6.68384401114207,"Forest Industry","Forest Industry",FALSE,TRUE
424,"18917","Houghton",40,40,173,73.4797687861272,66.8034682080925,-6.67630057803468,6.67630057803468,"Forest Industry","Forest Industry",FALSE,TRUE
425,"10194","Houghton",360,360,1603,74.0455396132252,67.3718028696195,-6.67373674360574,6.67373674360574,"Forest Industry","Forest Industry",FALSE,TRUE
426,"20786","Houghton",80,80,363,77.4765840220386,70.8126721763085,-6.66391184573003,6.66391184573003,"Private Individual(s)","Other Business",TRUE,TRUE
427,"30066","Houghton",640,640,2870,78.1104529616725,71.4519163763066,-6.65853658536587,6.65853658536587,"Forest Industry","Forest Industry",FALSE,TRUE
428,"15711","Houghton",77.52,77.52,350,70.9571428571429,64.3,-6.65714285714286,6.65714285714286,"Forest Industry","Forest Industry",FALSE,TRUE
429,"11992","Keweenaw",440,NA,1956,71.3634969325153,77.989263803681,6.62576687116565,6.62576687116565,"Forest Industry","non-CFP in 2026",FALSE,FALSE
430,"30457","Houghton",40,40,186,73.6397849462366,80.2634408602151,6.6236559139785,6.6236559139785,"Forest Industry","Forest Industry",FALSE,TRUE
431,"26759","Houghton",40,40,183,82.4153005464481,75.8032786885246,-6.61202185792351,6.61202185792351,"Private Individual(s)","Private Individual(s)",FALSE,TRUE
432,"16909","Houghton",52.85,NA,239,74.8117154811715,81.4058577405858,6.59414225941423,6.59414225941423,"Other Business","non-CFP in 2026",FALSE,FALSE
433,"22764","Houghton",160.46,160.46,752,75.6289893617021,69.0518617021277,-6.57712765957447,6.57712765957447,"Other Business","Forest Industry",TRUE,TRUE
434,"16269","Keweenaw",163.75,163.75,730,68.2493150684931,74.8178082191781,6.56849315068493,6.56849315068493,"Forest Industry","Forest Industry",FALSE,TRUE
435,"12040","Keweenaw",121.95,121.95,539,70.4675324675325,77.0352504638219,6.56771799628943,6.56771799628943,"Forest Industry","Forest Industry",FALSE,TRUE
436,"18869","Houghton",80,80,350,67.6371428571429,61.0771428571429,-6.56,6.56,"Forest Industry","Forest Industry",FALSE,TRUE
437,"17510","Houghton",35.76,35.76,174,55.2298850574713,61.7471264367816,6.51724137931034,6.51724137931034,"Forest Industry","Forest Industry",FALSE,TRUE
438,"16822","Keweenaw",40,40,179,68,74.5139664804469,6.51396648044692,6.51396648044692,"Forest Industry","Forest Industry",FALSE,TRUE
439,"16941","Houghton",160,160,726,76.6955922865014,70.1845730027548,-6.51101928374656,6.51101928374656,"Other Business","Other Business",FALSE,TRUE
440,"10255","Houghton",158.67,158.67,709,73.9915373765867,80.459802538787,6.46826516220028,6.46826516220028,"Forest Industry","Forest Industry",FALSE,TRUE
441,"33639","Houghton",273.67,NA,1233,79.5328467153285,73.0827250608272,-6.45012165450122,6.45012165450122,"Other Business","non-CFP in 2026",FALSE,FALSE
442,"880","Houghton",40,40,186,78.5161290322581,84.9301075268817,6.41397849462366,6.41397849462366,"Private Individual(s)","Trust",TRUE,TRUE
443,"30541","Houghton",602.78,602.78,2703,72.4395116537181,78.8279689234184,6.38845726970034,6.38845726970034,"Forest Industry","Forest Industry",FALSE,TRUE
444,"16987","Houghton",40,40,178,45.6966292134831,39.3426966292135,-6.35393258426966,6.35393258426966,"Forest Industry","Forest Industry",FALSE,TRUE
445,"5271","Keweenaw",36.87,36.87,166,69.0180722891566,75.3674698795181,6.34939759036145,6.34939759036145,"Forest Industry","Forest Industry",FALSE,TRUE
446,"30459","Houghton",40,40,179,53.877094972067,47.536312849162,-6.34078212290503,6.34078212290503,"Forest Industry","Forest Industry",FALSE,TRUE
447,"815","Keweenaw",160,160,704,75.5071022727273,69.1803977272727,-6.32670454545453,6.32670454545453,"Forest Industry","Forest Industry",FALSE,TRUE
448,"4905","Houghton",40,40,183,75.1311475409836,81.448087431694,6.31693989071039,6.31693989071039,"Forest Industry","Forest Industry",FALSE,TRUE
449,"18540","Houghton",40,40,174,72.816091954023,79.132183908046,6.31609195402298,6.31609195402298,"Forest Industry","Forest Industry",FALSE,TRUE
450,"17535","Houghton",39.1,39.1,178,74.7808988764045,81.0955056179775,6.31460674157303,6.31460674157303,"Forest Industry","Private Individual(s)",TRUE,TRUE
451,"28971","Houghton",480,480,2180,47.893119266055,54.1715596330275,6.27844036697248,6.27844036697248,"Forest Industry","Private Individual(s)",TRUE,TRUE
452,"16844","Keweenaw",80,80,351,63.9458689458689,57.6695156695157,-6.27635327635328,6.27635327635328,"Forest Industry","Other Business",TRUE,TRUE
453,"19049","Keweenaw",643.66,643.66,2866,64.5048848569435,58.2588974180042,-6.24598743893929,6.24598743893929,"Forest Industry","Forest Industry",FALSE,TRUE
454,"32663","Houghton",79.5,79.5,359,76.4568245125348,70.2116991643454,-6.24512534818942,6.24512534818942,"Forest Industry","Forest Industry",FALSE,TRUE
455,"10191","Houghton",80,80,344,72.2005813953488,78.4302325581395,6.2296511627907,6.2296511627907,"Forest Industry","Forest Industry",FALSE,TRUE
456,"33717","Houghton",40,40,182,75.2802197802198,69.0769230769231,-6.2032967032967,6.2032967032967,"Forest Industry","Forest Industry",FALSE,TRUE
457,"29099","Keweenaw",440,440,1967,76.0859176410778,82.2872394509405,6.20132180986273,6.20132180986273,"Forest Industry","Forest Industry",FALSE,TRUE
458,"16104","Houghton",35.16,35.16,176,65.125,58.9261363636364,-6.19886363636363,6.19886363636363,"Forest Industry","Forest Industry",FALSE,TRUE
459,"790","Keweenaw",320,320,1431,67.5639412997904,61.3801537386443,-6.18378756114605,6.18378756114605,"Forest Industry","Forest Industry",FALSE,TRUE
460,"18020","Keweenaw",159.25,159.25,723,71.4744121715076,77.640387275242,6.16597510373444,6.16597510373444,"Forest Industry","Forest Industry",FALSE,TRUE
461,"33416","Houghton",80,80,351,72.5413105413105,78.7065527065527,6.16524216524218,6.16524216524218,"Forest Industry","Forest Industry",FALSE,TRUE
462,"10350","Houghton",560,560,2503,78.9680383539752,72.8098282061526,-6.15821014782261,6.15821014782261,"Forest Industry","Forest Industry",FALSE,TRUE
463,"878","Houghton",40,40,178,79.0280898876404,85.1797752808989,6.15168539325843,6.15168539325843,"Private Individual(s)","Private Individual(s)",FALSE,TRUE
464,"881","Houghton",40,40,182,78.5384615384615,84.6813186813187,6.14285714285715,6.14285714285715,"Private Individual(s)","Trust",TRUE,TRUE
465,"5174","Keweenaw",320,320,1433,65.7522679692952,71.8590369853454,6.10676901605024,6.10676901605024,"Forest Industry","Forest Industry",FALSE,TRUE
466,"10202","Houghton",320,320,1430,83.748951048951,77.6482517482518,-6.10069930069929,6.10069930069929,"Forest Industry","Forest Industry",FALSE,TRUE
467,"19047","Keweenaw",80,80,362,78.0552486187845,71.9640883977901,-6.09116022099448,6.09116022099448,"Forest Industry","Forest Industry",FALSE,TRUE
468,"876","Houghton",40,40,180,74.35,80.4277777777778,6.07777777777778,6.07777777777778,"Private Individual(s)","Trust",TRUE,TRUE
469,"11976","Keweenaw",482.66,482.66,2149,76.1917170777106,82.2675663099116,6.07584923220102,6.07584923220102,"Forest Industry","Forest Industry",FALSE,TRUE
470,"12119","Keweenaw",480,480,2123,66.8511540273198,72.8864813942534,6.03532736693357,6.03532736693357,"Forest Industry","Forest Industry",FALSE,TRUE
471,"10113","Houghton",320,320,1429,74.9174247725682,80.9440167949615,6.02659202239329,6.02659202239329,"Other Business","Other Business",FALSE,TRUE
472,"30413","Houghton",160,160,732,73.8087431693989,79.8224043715847,6.01366120218579,6.01366120218579,"Private Individual(s)","Trust",TRUE,TRUE
473,"31767","Keweenaw",160,160,717,59.1492329149233,65.1534170153417,6.00418410041841,6.00418410041841,"Forest Industry","Forest Industry",FALSE,TRUE
474,"19013","Keweenaw",320,320,1431,74.3095737246681,80.2976939203354,5.98812019566736,5.98812019566736,"Forest Industry","Other Business",TRUE,TRUE
475,"26773","Houghton",40,40,182,76.6868131868132,82.6703296703297,5.98351648351648,5.98351648351648,"Private Individual(s)","Private Individual(s)",FALSE,TRUE
476,"5105","Houghton",640,640,2830,80.6982332155477,74.7183745583039,-5.97985865724381,5.97985865724381,"Forest Industry","Forest Industry",FALSE,TRUE
477,"5196","Keweenaw",40,40,178,79.2134831460674,73.247191011236,-5.96629213483146,5.96629213483146,"Forest Industry","Forest Industry",FALSE,TRUE
478,"35222","Houghton",55.09,55.09,245,54.8081632653061,60.7632653061224,5.95510204081633,5.95510204081633,"Other Business","Other Business",FALSE,TRUE
479,"21469","Keweenaw",640,NA,2885,68.6124783362218,74.559445407279,5.94696707105719,5.94696707105719,"Forest Industry","non-CFP in 2026",FALSE,FALSE
480,"18849","Houghton",40,40,179,69.7430167597765,75.6815642458101,5.93854748603351,5.93854748603351,"Forest Industry","Forest Industry",FALSE,TRUE
481,"11913","Keweenaw",400,400,1777,56.3595948227349,62.2689926842994,5.90939786156444,5.90939786156444,"Forest Industry","Forest Industry",FALSE,TRUE
482,"10174","Houghton",382.78,382.78,1760,74.7539772727273,80.6607954545455,5.90681818181818,5.90681818181818,"Forest Industry","Forest Industry",FALSE,TRUE
483,"32902","Keweenaw",82,NA,334,73.8892215568862,79.7724550898204,5.88323353293413,5.88323353293413,"Private Individual(s)","non-CFP in 2026",FALSE,FALSE
484,"5164","Keweenaw",163.33,163.33,742,73.8530997304582,79.7237196765499,5.87061994609164,5.87061994609164,"Forest Industry","Forest Industry",FALSE,TRUE
485,"35632","Houghton",35.77,NA,158,73.0063291139241,67.1392405063291,-5.86708860759494,5.86708860759494,"Forest Industry","non-CFP in 2026",FALSE,FALSE
486,"813","Keweenaw",295.5,295.5,1330,63.3052631578947,57.5015037593985,-5.80375939849624,5.80375939849624,"Forest Industry","Forest Industry",FALSE,TRUE
487,"16947","Houghton",80,80,364,74.1703296703297,79.9697802197802,5.79945054945055,5.79945054945055,"Other Business","Other Business",FALSE,TRUE
488,"17482","Houghton",320.38,320.38,1395,76.2035842293907,81.984229390681,5.78064516129032,5.78064516129032,"Forest Industry","Forest Industry",FALSE,TRUE
489,"11915","Keweenaw",160,NA,718,67.7451253481894,73.508356545961,5.76323119777159,5.76323119777159,"Forest Industry","non-CFP in 2026",FALSE,FALSE
490,"11917","Keweenaw",638,638,2888,76.3154432132964,82.0554016620499,5.73995844875346,5.73995844875346,"Forest Industry","Forest Industry",FALSE,TRUE
491,"23068","Houghton",640.62,640.62,2868,82.7569735006974,77.0271966527197,-5.72977684797769,5.72977684797769,"Forest Industry","Forest Industry",FALSE,TRUE
492,"23171","Houghton",160,160,742,79.0822102425876,73.3611859838275,-5.72102425876011,5.72102425876011,"Other Business","Other Business",FALSE,TRUE
493,"30533","Houghton",130.44,130.44,657,71.5464231354642,65.8280060882801,-5.71841704718418,5.71841704718418,"Forest Industry","Forest Industry",FALSE,TRUE
494,"11927","Keweenaw",76.88,76.88,358,77.2932960893855,82.9944134078212,5.70111731843575,5.70111731843575,"Forest Industry","Forest Industry",FALSE,TRUE
495,"26763","Houghton",40,40,186,77.6129032258064,83.3010752688172,5.68817204301075,5.68817204301075,"Private Individual(s)","Private Individual(s)",FALSE,TRUE
496,"30740","Houghton",230,230,856,82.9357476635514,77.2511682242991,-5.68457943925233,5.68457943925233,"Forest Industry","Forest Industry",FALSE,TRUE
497,"11939","Keweenaw",440,440,1970,72.1187817258883,77.7918781725888,5.67309644670051,5.67309644670051,"Forest Industry","Forest Industry",FALSE,TRUE
498,"29986","Houghton",100,100,450,67.5577777777778,73.2111111111111,5.65333333333334,5.65333333333334,"Private Individual(s)","Other Business",TRUE,TRUE
499,"22868","Houghton",160,160,738,79.7750677506775,74.1260162601626,-5.64905149051491,5.64905149051491,"Other Business","Forest Industry",TRUE,TRUE
500,"30529","Houghton",33.85,33.85,163,68.7423312883436,63.0981595092025,-5.64417177914111,5.64417177914111,"Forest Industry","Forest Industry",FALSE,TRUE
501,"23224","Keweenaw",80,80,359,65.0194986072423,59.3871866295265,-5.63231197771588,5.63231197771588,"Forest Industry","Other Business",TRUE,TRUE
502,"344","Houghton",80,80,386,76.7383419689119,71.1373056994819,-5.60103626943004,5.60103626943004,"Forest Industry","Forest Industry",FALSE,TRUE
503,"31553","Houghton",20,NA,89,76.9550561797753,82.5393258426966,5.58426966292134,5.58426966292134,"Private Individual(s)","non-CFP in 2026",FALSE,FALSE
504,"30425","Houghton",40,40,181,73.8342541436464,79.3701657458564,5.53591160220995,5.53591160220995,"Forest Industry","Forest Industry",FALSE,TRUE
505,"17635","Houghton",40,40,188,65.4148936170213,59.8829787234043,-5.53191489361702,5.53191489361702,"Forest Industry","Forest Industry",FALSE,TRUE
506,"4212","Keweenaw",160,160,731,72.5430916552668,78.0478796169631,5.50478796169629,5.50478796169629,"Forest Industry","Forest Industry",FALSE,TRUE
507,"793","Keweenaw",640,640,2801,72.7857907890039,67.2884684041414,-5.49732238486254,5.49732238486254,"Forest Industry","Forest Industry",FALSE,TRUE
508,"11995","Keweenaw",320,320,1417,74.3521524347212,79.8419195483416,5.48976711362032,5.48976711362032,"Forest Industry","Other Business",TRUE,TRUE
509,"10179","Houghton",360,360,1613,77.7774333539988,83.2653440793552,5.48791072535649,5.48791072535649,"Forest Industry","Forest Industry",FALSE,TRUE
510,"19629","Houghton",40,40,179,69.1005586592179,74.586592178771,5.48603351955308,5.48603351955308,"Forest Industry","Forest Industry",FALSE,TRUE
511,"5179","Keweenaw",160,160,720,62.7722222222222,68.2569444444444,5.48472222222222,5.48472222222222,"Forest Industry","Forest Industry",FALSE,TRUE
512,"30539","Houghton",68.61,68.61,302,68.9933774834437,74.4735099337748,5.48013245033113,5.48013245033113,"Forest Industry","Forest Industry",FALSE,TRUE
513,"17662","Houghton",40,40,180,74.2555555555556,79.6888888888889,5.43333333333332,5.43333333333332,"Forest Industry","Forest Industry",FALSE,TRUE
514,"21459","Keweenaw",80,80,363,76.5234159779614,81.9366391184573,5.41322314049586,5.41322314049586,"Forest Industry","Other Business",TRUE,TRUE
515,"34589","Houghton",120,120,551,75.1941923774955,80.6043557168784,5.41016333938293,5.41016333938293,"Other Business","Other Business",FALSE,TRUE
516,"19010","Keweenaw",151.5,151.5,687,70.0771470160117,75.4832605531296,5.4061135371179,5.4061135371179,"Forest Industry","Other Business",TRUE,TRUE
517,"10409","Houghton",80,80,365,70.3616438356164,75.7534246575343,5.39178082191782,5.39178082191782,"Forest Industry","Forest Industry",FALSE,TRUE
518,"28040","Houghton",153,153,532,76.0357142857143,81.4116541353384,5.37593984962406,5.37593984962406,"Forest Industry","Forest Industry",FALSE,TRUE
519,"5159","Houghton",40,40,196,63.6428571428571,69.015306122449,5.37244897959183,5.37244897959183,"Forest Industry","Forest Industry",FALSE,TRUE
520,"10264","Houghton",360,360,1612,77.8002481389578,83.1501240694789,5.34987593052109,5.34987593052109,"Forest Industry","Forest Industry",FALSE,TRUE
521,"12111","Keweenaw",320,320,1439,70.9499652536484,76.2981236970118,5.34815844336345,5.34815844336345,"Forest Industry","Private Individual(s)",TRUE,TRUE
522,"19011","Keweenaw",80,80,405,72.158024691358,77.4913580246914,5.33333333333333,5.33333333333333,"Forest Industry","Other Business",TRUE,TRUE
523,"22052","Keweenaw",320,NA,1431,68.2131376659678,73.4912648497554,5.27812718378756,5.27812718378756,"Forest Industry","non-CFP in 2026",FALSE,FALSE
524,"17466","Keweenaw",320,320,1445,84.280276816609,79.00276816609,-5.27750865051904,5.27750865051904,"Forest Industry","Forest Industry",FALSE,TRUE
525,"10349","Houghton",280,280,1275,81.7309803921569,76.4666666666667,-5.2643137254902,5.2643137254902,"Forest Industry","Forest Industry",FALSE,TRUE
526,"35524","Houghton",435.61,NA,1977,75.5488113302984,80.8128477491148,5.26403641881639,5.26403641881639,"Private Individual(s)","non-CFP in 2026",FALSE,FALSE
527,"5870","Keweenaw",320,320,1372,70.8899416909621,76.152332361516,5.26239067055393,5.26239067055393,"Forest Industry","Forest Industry",FALSE,TRUE
528,"19706","Keweenaw",20,20,89,77.1685393258427,82.4044943820225,5.23595505617978,5.23595505617978,"Forest Industry","Forest Industry",FALSE,TRUE
529,"28972","Houghton",116.96,116.96,541,70.3678373382625,75.5933456561922,5.22550831792977,5.22550831792977,"Forest Industry","Forest Industry",FALSE,TRUE
530,"16096","Houghton",80,80,347,78.7204610951009,73.4985590778098,-5.22190201729106,5.22190201729106,"Forest Industry","Forest Industry",FALSE,TRUE
531,"27093","Keweenaw",640,640,2834,71.6898376852505,76.9110797459421,5.22124206069161,5.22124206069161,"Forest Industry","Other Business",TRUE,TRUE
532,"5265","Keweenaw",80,80,356,67.373595505618,72.5898876404494,5.21629213483146,5.21629213483146,"Forest Industry","Forest Industry",FALSE,TRUE
533,"21889","Houghton",30,30,123,84.6747967479675,79.4715447154472,-5.20325203252033,5.20325203252033,"Private Individual(s)","Private Individual(s)",FALSE,TRUE
534,"10119","Houghton",40,40,179,82.1061452513967,76.9217877094972,-5.18435754189944,5.18435754189944,"Private Individual(s)","Private Individual(s)",FALSE,TRUE
535,"12058","Keweenaw",520,520,2266,76.7356575463372,71.5688437775816,-5.1668137687555,5.1668137687555,"Forest Industry","Forest Industry",FALSE,TRUE
536,"28981","Keweenaw",240,240,1062,79.8022598870056,74.6572504708098,-5.14500941619585,5.14500941619585,"Forest Industry","Forest Industry",FALSE,TRUE
537,"22026","Keweenaw",160,160,710,69.7647887323944,74.9084507042254,5.14366197183099,5.14366197183099,"Forest Industry","Other Business",TRUE,TRUE
538,"18025","Keweenaw",40,NA,179,7.62011173184358,2.4804469273743,-5.13966480446927,5.13966480446927,"Forest Industry","non-CFP in 2026",FALSE,FALSE
539,"6123","Keweenaw",40,40,175,75.8685714285714,81.0057142857143,5.13714285714286,5.13714285714286,"Forest Industry","Forest Industry",FALSE,TRUE
540,"19624","Houghton",20,20,89,69.3483146067416,74.4719101123596,5.12359550561798,5.12359550561798,"Forest Industry","Forest Industry",FALSE,TRUE
541,"10259","Houghton",80,80,363,78.0165289256198,72.8980716253444,-5.11845730027548,5.11845730027548,"Forest Industry","Forest Industry",FALSE,TRUE
542,"34604","Houghton",200.96,NA,902,65.509977827051,70.6086474501109,5.09866962305986,5.09866962305986,"Private Individual(s)","non-CFP in 2026",FALSE,FALSE
543,"11957","Keweenaw",320,320,1422,83.239099859353,78.1568213783404,-5.08227848101265,5.08227848101265,"Forest Industry","Forest Industry",FALSE,TRUE
544,"23294","Keweenaw",120,120,540,65.1240740740741,70.1722222222222,5.04814814814814,5.04814814814814,"Forest Industry","Forest Industry",FALSE,TRUE
545,"4956","Houghton",39.81,39.81,154,40.6558441558442,35.6103896103896,-5.04545454545455,5.04545454545455,"Forest Industry","Private Individual(s)",TRUE,TRUE
546,"785","Keweenaw",151.09,151.09,718,71.7033426183844,76.7451253481894,5.04178272980502,5.04178272980502,"Forest Industry","Forest Industry",FALSE,TRUE
547,"10353","Houghton",520,520,2456,70.625,75.6543159609121,5.02931596091206,5.02931596091206,"Forest Industry","Forest Industry",FALSE,TRUE
548,"868","Houghton",78.89,78.89,424,78.2028301886792,83.2240566037736,5.02122641509435,5.02122641509435,"Private Individual(s)","Trust",TRUE,TRUE
549,"11993","Keweenaw",640,640,2874,75.9620737647877,80.9627696590118,5.00069589422408,5.00069589422408,"Forest Industry","Other Business",TRUE,TRUE
550,"18952","Keweenaw",33.65,33.65,159,82.7798742138365,77.7798742138365,-5,5,"Other Business","Forest Industry",TRUE,TRUE
551,"34491","Houghton",52.07,52.07,196,58.6836734693878,63.6734693877551,4.98979591836735,4.98979591836735,"Forest Industry","Private Individual(s)",TRUE,TRUE
552,"16894","Houghton",80,80,366,9.89344262295082,14.8579234972678,4.96448087431694,4.96448087431694,"Forest Industry","Forest Industry",FALSE,TRUE
553,"18955","Keweenaw",33.95,33.95,153,81.8104575163399,76.8562091503268,-4.95424836601308,4.95424836601308,"Other Business","Forest Industry",TRUE,TRUE
554,"29098","Keweenaw",80,80,367,75.433242506812,80.3841961852861,4.95095367847411,4.95095367847411,"Forest Industry","Forest Industry",FALSE,TRUE
555,"6160","Keweenaw",80,80,348,74.1637931034483,69.2270114942529,-4.93678160919539,4.93678160919539,"Forest Industry","Forest Industry",FALSE,TRUE
556,"10257","Houghton",600,600,2732,73.7814787701318,68.845168374817,-4.93631039531479,4.93631039531479,"Forest Industry","Forest Industry",FALSE,TRUE
557,"18904","Houghton",80,80,361,56.2880886426593,51.3795013850416,-4.90858725761773,4.90858725761773,"Forest Industry","Other",TRUE,TRUE
558,"6139","Keweenaw",160,160,720,76.7833333333333,71.8819444444444,-4.90138888888889,4.90138888888889,"Forest Industry","Forest Industry",FALSE,TRUE
559,"18994","Keweenaw",160,160,729,73.8587105624143,78.7599451303155,4.90123456790124,4.90123456790124,"Forest Industry","Forest Industry",FALSE,TRUE
560,"10361","Houghton",320,320,1454,76.2317744154058,81.1258596973865,4.89408528198074,4.89408528198074,"Forest Industry","Forest Industry",FALSE,TRUE
561,"35620","Houghton",40,40,181,75.4364640883978,80.3149171270718,4.87845303867404,4.87845303867404,"Private Individual(s)","Private Individual(s)",FALSE,TRUE
562,"23232","Keweenaw",80,80,346,74.5115606936416,69.6531791907514,-4.85838150289017,4.85838150289017,"Forest Industry","Other Business",TRUE,TRUE
563,"12049","Keweenaw",160,160,716,84.4734636871508,79.6159217877095,-4.85754189944134,4.85754189944134,"Forest Industry","Forest Industry",FALSE,TRUE
564,"11969","Keweenaw",40,40,175,72.7714285714286,77.6057142857143,4.83428571428571,4.83428571428571,"Forest Industry","Forest Industry",FALSE,TRUE
565,"33716","Houghton",20,20,90,76.6,81.4222222222222,4.82222222222222,4.82222222222222,"Forest Industry","Forest Industry",FALSE,TRUE
566,"10188","Houghton",80,80,347,73.6829971181556,78.4956772334294,4.81268011527376,4.81268011527376,"Forest Industry","Forest Industry",FALSE,TRUE
567,"18847","Houghton",80,80,362,76.9779005524862,81.7734806629834,4.79558011049724,4.79558011049724,"Forest Industry","Forest Industry",FALSE,TRUE
568,"23149","Houghton",80,80,398,77.6306532663317,72.8517587939699,-4.77889447236181,4.77889447236181,"Forest Industry","Forest Industry",FALSE,TRUE
569,"11932","Keweenaw",160,160,707,80.3974540311174,75.6308345120226,-4.76661951909476,4.76661951909476,"Forest Industry","Forest Industry",FALSE,TRUE
570,"5199","Keweenaw",80,80,361,69.601108033241,74.3545706371191,4.75346260387812,4.75346260387812,"Forest Industry","Forest Industry",FALSE,TRUE
571,"5272","Keweenaw",80,80,364,75.6565934065934,80.4093406593407,4.75274725274726,4.75274725274726,"Forest Industry","Forest Industry",FALSE,TRUE
572,"19754","Keweenaw",40,40,173,73.8150289017341,78.5664739884393,4.7514450867052,4.7514450867052,"Forest Industry","Other Business",TRUE,TRUE
573,"16098","Houghton",640,640,2907,78.7089783281734,83.4282765737874,4.71929824561404,4.71929824561404,"Forest Industry","Forest Industry",FALSE,TRUE
574,"4915","Houghton",38.5,38.5,179,75.6759776536313,80.391061452514,4.71508379888269,4.71508379888269,"Forest Industry","Forest Industry",FALSE,TRUE
575,"12104","Keweenaw",320,320,1444,73.6142659279778,78.2403047091413,4.62603878116343,4.62603878116343,"Forest Industry","Forest Industry",FALSE,TRUE
576,"5266","Keweenaw",40,40,178,76.7359550561798,81.3370786516854,4.60112359550561,4.60112359550561,"Forest Industry","Forest Industry",FALSE,TRUE
577,"16142","Houghton",40,40,189,73.1428571428571,77.7301587301587,4.5873015873016,4.5873015873016,"Forest Industry","Forest Industry",FALSE,TRUE
578,"11928","Keweenaw",40,40,181,77.3314917127072,81.9171270718232,4.58563535911603,4.58563535911603,"Forest Industry","Forest Industry",FALSE,TRUE
579,"4906","Houghton",80,NA,359,75.6155988857939,80.1949860724234,4.57938718662953,4.57938718662953,"Forest Industry","non-CFP in 2026",FALSE,FALSE
580,"10176","Houghton",204.43,204.43,913,76.7918948521358,81.3669222343921,4.57502738225631,4.57502738225631,"Forest Industry","Forest Industry",FALSE,TRUE
581,"10404","Houghton",635.67,635.67,2715,79.590423572744,84.1451197053407,4.55469613259669,4.55469613259669,"Forest Industry","Forest Industry",FALSE,TRUE
582,"23539","Keweenaw",279.77,279.77,1268,76.0764984227129,80.6190851735016,4.54258675078864,4.54258675078864,"Forest Industry","Forest Industry",FALSE,TRUE
583,"4219","Keweenaw",320,NA,1416,71.364406779661,75.906779661017,4.54237288135594,4.54237288135594,"Forest Industry","non-CFP in 2026",FALSE,FALSE
584,"20441","Houghton",40,40,180,77.2277777777778,81.7666666666667,4.53888888888889,4.53888888888889,"Private Individual(s)","Private Individual(s)",FALSE,TRUE
585,"10346","Houghton",640,640,2861,78.7490387976232,74.2139112198532,-4.53512757777001,4.53512757777001,"Forest Industry","Forest Industry",FALSE,TRUE
586,"5149","Houghton",40,40,179,74.4022346368715,78.9329608938548,4.53072625698324,4.53072625698324,"Forest Industry","Forest Industry",FALSE,TRUE
587,"30737","Keweenaw",40,40,176,66.4488636363636,70.9772727272727,4.52840909090909,4.52840909090909,"Private Individual(s)","Private Individual(s)",FALSE,TRUE
588,"10311","Houghton",120,120,540,77.737037037037,82.262962962963,4.52592592592592,4.52592592592592,"Forest Industry","Forest Industry",FALSE,TRUE
589,"5300","Keweenaw",80,80,354,72.680790960452,77.2033898305085,4.5225988700565,4.5225988700565,"Forest Industry","Forest Industry",FALSE,TRUE
590,"27092","Keweenaw",102.5,102.5,448,70.3392857142857,74.8482142857143,4.50892857142858,4.50892857142858,"Forest Industry","Other Business",TRUE,TRUE
591,"23264","Keweenaw",160,160,723,71.6417704011065,76.1396957123098,4.49792531120332,4.49792531120332,"Forest Industry","Forest Industry",FALSE,TRUE
592,"26181","Houghton",40,NA,179,44.7597765363128,49.2458100558659,4.48603351955308,4.48603351955308,"Private Individual(s)","non-CFP in 2026",FALSE,FALSE
593,"10171","Houghton",400,400,1816,73.3001101321586,77.7852422907489,4.4851321585903,4.4851321585903,"Forest Industry","Forest Industry",FALSE,TRUE
594,"16893","Houghton",160,160,722,62.1648199445983,66.6398891966759,4.47506925207756,4.47506925207756,"Forest Industry","Forest Industry",FALSE,TRUE
595,"866","Houghton",40,40,182,78.4505494505494,82.9175824175824,4.46703296703298,4.46703296703298,"Private Individual(s)","Trust",TRUE,TRUE
596,"33768","Houghton",82.22,82.22,359,76.8690807799443,81.3286908077994,4.45961002785516,4.45961002785516,"Other Business","Other Business",FALSE,TRUE
597,"10089","Houghton",40,40,180,68.4555555555555,72.9055555555556,4.45,4.45,"Other Business","Other Business",FALSE,TRUE
598,"18902","Houghton",20,20,88,73.4431818181818,77.8409090909091,4.39772727272728,4.39772727272728,"Forest Industry","Trust",TRUE,TRUE
599,"18002","Keweenaw",80,80,348,68.2212643678161,72.6149425287356,4.39367816091954,4.39367816091954,"Forest Industry","Other Business",TRUE,TRUE
600,"26771","Houghton",40,40,182,81.8461538461538,77.456043956044,-4.39010989010988,4.39010989010988,"Private Individual(s)","Private Individual(s)",FALSE,TRUE
601,"20443","Houghton",40,40,179,79.3854748603352,83.7709497206704,4.38547486033519,4.38547486033519,"Private Individual(s)","Private Individual(s)",FALSE,TRUE
602,"12035","Keweenaw",640,640,2905,75.5466437177281,79.9204819277108,4.37383820998278,4.37383820998278,"Forest Industry","Forest Industry",FALSE,TRUE
603,"16960","Houghton",40,40,175,66.1657142857143,70.5142857142857,4.34857142857143,4.34857142857143,"Other Business","Other Business",FALSE,TRUE
604,"29677","Houghton",631.91,631.91,2952,82.1930894308943,77.8539972899729,-4.33909214092141,4.33909214092141,"Forest Industry","Forest Industry",FALSE,TRUE
605,"29985","Houghton",40,NA,178,74.6573033707865,78.9887640449438,4.3314606741573,4.3314606741573,"Private Individual(s)","non-CFP in 2026",FALSE,FALSE
606,"17513","Houghton",122.64,122.64,718,59.9623955431755,64.2869080779944,4.32451253481894,4.32451253481894,"Forest Industry","Forest Industry",FALSE,TRUE
607,"10159","Houghton",658.07,658.07,2860,77.0636363636364,81.3832167832168,4.31958041958042,4.31958041958042,"Forest Industry","Forest Industry",FALSE,TRUE
608,"16095","Houghton",160,160,685,68.4335766423358,72.7503649635037,4.31678832116789,4.31678832116789,"Forest Industry","Forest Industry",FALSE,TRUE
609,"4979","Houghton",317.78,317.78,1445,77.8242214532872,82.1404844290658,4.31626297577856,4.31626297577856,"Forest Industry","Forest Industry",FALSE,TRUE
610,"12033","Keweenaw",560,560,2521,78.8441094803649,74.5299484331615,-4.31416104720348,4.31416104720348,"Forest Industry","Forest Industry",FALSE,TRUE
611,"5511","Houghton",120,120,542,62.1660516605166,66.4778597785978,4.31180811808118,4.31180811808118,"Forest Industry","Forest Industry",FALSE,TRUE
612,"23165","Houghton",40,40,181,81.0331491712707,76.7237569060773,-4.30939226519338,4.30939226519338,"Private Individual(s)","Private Individual(s)",FALSE,TRUE
613,"19767","Keweenaw",320,320,1444,73.0837950138504,77.3746537396122,4.29085872576177,4.29085872576177,"Forest Industry","Forest Industry",FALSE,TRUE
614,"4914","Houghton",72.8,72.8,338,75.2810650887574,79.5591715976331,4.27810650887574,4.27810650887574,"Forest Industry","Forest Industry",FALSE,TRUE
615,"33211","Houghton",60,60,270,76.2814814814815,80.5592592592593,4.27777777777779,4.27777777777779,"Other Business","Other Business",FALSE,TRUE
616,"16843","Keweenaw",320,320,1417,63.923782639379,68.1785462244178,4.25476358503882,4.25476358503882,"Forest Industry","Other Business",TRUE,TRUE
617,"10193","Houghton",560,560,2520,73.0210317460318,68.772619047619,-4.24841269841271,4.24841269841271,"Forest Industry","Forest Industry",FALSE,TRUE
618,"10227","Houghton",399.09,399.09,1844,80.9289587852495,76.689262472885,-4.23969631236443,4.23969631236443,"Forest Industry","Forest Industry",FALSE,TRUE
619,"5296","Keweenaw",80,80,364,73.4120879120879,77.6346153846154,4.22252747252747,4.22252747252747,"Forest Industry","Forest Industry",FALSE,TRUE
620,"23612","Houghton",34.97,NA,159,63.3522012578616,67.5408805031446,4.18867924528301,4.18867924528301,"Forest Industry","non-CFP in 2026",FALSE,FALSE
621,"16895","Houghton",80,80,360,56.6388888888889,60.8111111111111,4.17222222222222,4.17222222222222,"Forest Industry","Forest Industry",FALSE,TRUE
622,"10323","Houghton",232.15,232.15,1096,77.0483576642336,81.2189781021898,4.1706204379562,4.1706204379562,"Forest Industry","Forest Industry",FALSE,TRUE
623,"10233","Houghton",160,160,677,82.7016248153619,78.533234859675,-4.16838995568686,4.16838995568686,"Forest Industry","Forest Industry",FALSE,TRUE
624,"17544","Houghton",107,107,476,75.3466386554622,71.1785714285714,-4.16806722689076,4.16806722689076,"Forest Industry","Forest Industry",FALSE,TRUE
625,"34961","Keweenaw",136.95,136.95,553,64.0452079566004,68.2061482820976,4.16094032549728,4.16094032549728,"Forest Industry","Other Business",TRUE,TRUE
626,"16891","Houghton",85.39,85.39,374,79.2807486631016,75.1256684491979,-4.15508021390374,4.15508021390374,"Forest Industry","Forest Industry",FALSE,TRUE
627,"777","Keweenaw",160,NA,714,71.859943977591,76.0042016806723,4.14425770308124,4.14425770308124,"Forest Industry","non-CFP in 2026",FALSE,FALSE
628,"10169","Houghton",600,600,2675,74.923738317757,79.0672897196262,4.14355140186916,4.14355140186916,"Forest Industry","Forest Industry",FALSE,TRUE
629,"10205","Houghton",80,80,388,79.25,83.3917525773196,4.14175257731959,4.14175257731959,"Forest Industry","Forest Industry",FALSE,TRUE
630,"5080","Houghton",80,80,362,76.7127071823204,80.8425414364641,4.12983425414365,4.12983425414365,"Forest Industry","Forest Industry",FALSE,TRUE
631,"5208","Keweenaw",160,160,722,63.2036011080332,67.3130193905817,4.10941828254848,4.10941828254848,"Forest Industry","Forest Industry",FALSE,TRUE
632,"18957","Keweenaw",80,80,356,76.6966292134831,80.8005617977528,4.10393258426966,4.10393258426966,"Other Business","Forest Industry",TRUE,TRUE
633,"33540","Houghton",36.82,36.82,164,75.2012195121951,71.1036585365854,-4.09756097560975,4.09756097560975,"Other Business","Private Individual(s)",TRUE,TRUE
634,"16819","Keweenaw",39.49,39.49,180,75.7722222222222,79.8611111111111,4.08888888888889,4.08888888888889,"Forest Industry","Forest Industry",FALSE,TRUE
635,"18322","Houghton",58.76,58.76,275,72.84,76.9163636363636,4.07636363636364,4.07636363636364,"Forest Industry","Forest Industry",FALSE,TRUE
636,"23166","Houghton",40,40,184,76.195652173913,72.125,-4.07065217391305,4.07065217391305,"Private Individual(s)","Private Individual(s)",FALSE,TRUE
637,"19504","Houghton",80,80,372,77.3413978494624,81.3978494623656,4.05645161290322,4.05645161290322,"Forest Industry","Forest Industry",FALSE,TRUE
638,"35424","Houghton",40,40,182,69.043956043956,73.0989010989011,4.05494505494505,4.05494505494505,"Forest Industry","Forest Industry",FALSE,TRUE
639,"4957","Houghton",80,80,326,75.5153374233129,71.4723926380368,-4.04294478527608,4.04294478527608,"Forest Industry","Forest Industry",FALSE,TRUE
640,"32928","Houghton",80,80,360,74.4166666666667,78.4444444444444,4.02777777777777,4.02777777777777,"Other Business","Other Business",FALSE,TRUE
641,"19005","Keweenaw",320,320,1437,69.6812804453723,73.6958942240779,4.01461377870564,4.01461377870564,"Forest Industry","Other Business",TRUE,TRUE
642,"30139","Houghton",40,40,178,56.8426966292135,60.8483146067416,4.00561797752809,4.00561797752809,"Private Individual(s)","Private Individual(s)",FALSE,TRUE
643,"19499","Houghton",77.86,NA,362,45.1933701657459,49.1933701657459,4,4,"Forest Industry","non-CFP in 2026",FALSE,FALSE
644,"17661","Houghton",40,40,182,74.6373626373626,78.6263736263736,3.98901098901098,3.98901098901098,"Forest Industry","Forest Industry",FALSE,TRUE
645,"24055","Houghton",39.05,39.05,149,73.9664429530201,77.9530201342282,3.98657718120805,3.98657718120805,"Forest Industry","Forest Industry",FALSE,TRUE
646,"20447","Houghton",80,80,356,72.9101123595506,76.8876404494382,3.97752808988764,3.97752808988764,"Forest Industry","Private Individual(s)",TRUE,TRUE
647,"3535","Houghton",36.1,36.1,167,75.7005988023952,79.6766467065868,3.97604790419162,3.97604790419162,"Forest Industry","Forest Industry",FALSE,TRUE
648,"27146","Houghton",80,80,356,83.9494382022472,79.9775280898876,-3.97191011235955,3.97191011235955,"Private Individual(s)","Private Individual(s)",FALSE,TRUE
649,"17986","Keweenaw",200,200,879,72.6575654152446,76.6211604095563,3.96359499431172,3.96359499431172,"Forest Industry","Other Business",TRUE,TRUE
650,"6173","Keweenaw",69.85,69.85,300,75.2166666666667,79.18,3.96333333333334,3.96333333333334,"Forest Industry","Forest Industry",FALSE,TRUE
651,"35441","Houghton",200,200,887,54.9740698985344,58.934611048478,3.96054114994363,3.96054114994363,"Private Individual(s)","Private Individual(s)",FALSE,TRUE
652,"5102","Houghton",640,640,2956,76.8788903924222,80.8267929634641,3.94790257104195,3.94790257104195,"Forest Industry","Forest Industry",FALSE,TRUE
653,"16091","Houghton",304.21,304.21,1422,75.3987341772152,79.345288326301,3.9465541490858,3.9465541490858,"Forest Industry","Forest Industry",FALSE,TRUE
654,"11926","Keweenaw",401.49,NA,1816,74.7290748898678,78.6486784140969,3.91960352422907,3.91960352422907,"Forest Industry","non-CFP in 2026",FALSE,FALSE
655,"27087","Keweenaw",240,240,1077,76.5571030640669,80.4698235840297,3.91272051996286,3.91272051996286,"Forest Industry","Other Business",TRUE,TRUE
656,"16126","Houghton",307.5,307.5,1439,80.0785267546908,76.1855455177206,-3.89298123697012,3.89298123697012,"Forest Industry","Forest Industry",FALSE,TRUE
657,"29606","Keweenaw",160,160,728,73.8159340659341,77.7074175824176,3.8914835164835,3.8914835164835,"Forest Industry","Other Business",TRUE,TRUE
658,"18903","Houghton",40,40,181,61.8618784530387,57.9779005524862,-3.88397790055248,3.88397790055248,"Forest Industry","Other",TRUE,TRUE
659,"29100","Keweenaw",160,160,722,73.2714681440443,77.1329639889197,3.86149584487535,3.86149584487535,"Forest Industry","Forest Industry",FALSE,TRUE
660,"10258","Houghton",80,80,378,80.468253968254,76.6269841269841,-3.84126984126983,3.84126984126983,"Forest Industry","Forest Industry",FALSE,TRUE
661,"16123","Houghton",80,80,362,71.6740331491713,67.8397790055249,-3.8342541436464,3.8342541436464,"Forest Industry","Forest Industry",FALSE,TRUE
662,"23272","Keweenaw",320,320,1407,73.3901918976546,77.2174840085288,3.8272921108742,3.8272921108742,"Forest Industry","Other Business",TRUE,TRUE
663,"20308","Houghton",560,560,2561,74.4486528699727,78.2604451386177,3.81179226864506,3.81179226864506,"Other Business","Other Business",FALSE,TRUE
664,"10309","Houghton",40,40,179,77.9888268156425,81.7988826815643,3.8100558659218,3.8100558659218,"Forest Industry","Forest Industry",FALSE,TRUE
665,"16107","Houghton",147.05,147.05,726,69.7231404958678,65.9132231404959,-3.80991735537189,3.80991735537189,"Forest Industry","Forest Industry",FALSE,TRUE
666,"28820","Houghton",240,240,1077,79.4883936861653,75.6787372330548,-3.80965645311049,3.80965645311049,"Other Business","Other Business",FALSE,TRUE
667,"16896","Houghton",40,40,176,69.6306818181818,73.4375,3.80681818181819,3.80681818181819,"Forest Industry","Forest Industry",FALSE,TRUE
668,"10398","Houghton",120,120,555,67.8828828828829,71.6720720720721,3.78918918918919,3.78918918918919,"Forest Industry","Forest Industry",FALSE,TRUE
669,"17683","Houghton",40,NA,184,58.6413043478261,54.8586956521739,-3.78260869565217,3.78260869565217,"Forest Industry","non-CFP in 2026",FALSE,FALSE
670,"28975","Houghton",40,40,178,76.8876404494382,80.6685393258427,3.78089887640449,3.78089887640449,"Forest Industry","Private Individual(s)",TRUE,TRUE
671,"33325","Houghton",40,NA,181,79.1823204419889,82.9558011049724,3.77348066298343,3.77348066298343,"Private Individual(s)","non-CFP in 2026",FALSE,FALSE
672,"5241","Keweenaw",40,40,175,69.1485714285714,72.9085714285714,3.76000000000001,3.76000000000001,"Forest Industry","Forest Industry",FALSE,TRUE
673,"21111","Houghton",40,40,179,75.4413407821229,79.1843575418994,3.74301675977654,3.74301675977654,"Private Individual(s)","Other Business",TRUE,TRUE
674,"10406","Houghton",156.47,156.47,702,78.7663817663818,75.0242165242165,-3.74216524216524,3.74216524216524,"Forest Industry","Forest Industry",FALSE,TRUE
675,"5291","Keweenaw",160,160,713,68.4333800841515,72.1697054698457,3.73632538569426,3.73632538569426,"Forest Industry","Private Individual(s)",TRUE,TRUE
676,"33538","Houghton",235.7,NA,1146,68.4232111692845,64.6919720767888,-3.73123909249564,3.73123909249564,"Other Business","non-CFP in 2026",FALSE,FALSE
677,"19725","Keweenaw",20,20,89,80.685393258427,84.4157303370787,3.73033707865169,3.73033707865169,"Forest Industry","Forest Industry",FALSE,TRUE
678,"6122","Keweenaw",160,160,708,78.7768361581921,82.5028248587571,3.72598870056497,3.72598870056497,"Forest Industry","Forest Industry",FALSE,TRUE
679,"16124","Houghton",48,48,361,63.207756232687,66.9196675900277,3.71191135734072,3.71191135734072,"Forest Industry","Forest Industry",FALSE,TRUE
680,"33769","Houghton",38.7,38.7,175,75.4057142857143,79.1142857142857,3.70857142857143,3.70857142857143,"Other Business","Other Business",FALSE,TRUE
681,"10341","Houghton",40,40,181,79.3314917127072,83.0386740331492,3.707182320442,3.707182320442,"Forest Industry","Forest Industry",FALSE,TRUE
682,"18003","Keweenaw",200,200,899,75.3926585094549,79.0878754171301,3.6952169076752,3.6952169076752,"Forest Industry","Other Business",TRUE,TRUE
683,"33821","Houghton",37.7,37.7,184,80.4510869565217,76.7663043478261,-3.68478260869564,3.68478260869564,"Private Individual(s)","Other Business",TRUE,TRUE
684,"19712","Keweenaw",20,20,87,80.6091954022989,84.2758620689655,3.66666666666667,3.66666666666667,"Forest Industry","Forest Industry",FALSE,TRUE
685,"29903","Keweenaw",241.93,241.93,1094,72.7010968921389,76.3574040219378,3.6563071297989,3.6563071297989,"Forest Industry","Forest Industry",FALSE,TRUE
686,"17485","Houghton",37.85,37.85,157,75.9617834394904,79.6178343949045,3.65605095541402,3.65605095541402,"Forest Industry","Forest Industry",FALSE,TRUE
687,"10090","Houghton",80,80,359,70.6490250696379,74.2896935933148,3.64066852367688,3.64066852367688,"Private Individual(s)","Private Individual(s)",FALSE,TRUE
688,"11979","Keweenaw",160,160,702,46.511396011396,50.1296296296296,3.61823361823362,3.61823361823362,"Forest Industry","Forest Industry",FALSE,TRUE
689,"16846","Keweenaw",80,80,354,69.5423728813559,73.1553672316384,3.61299435028249,3.61299435028249,"Forest Industry","Other Business",TRUE,TRUE
690,"17939","Houghton",80,80,358,71.0782122905028,74.6871508379888,3.60893854748603,3.60893854748603,"Private Individual(s)","Private Individual(s)",FALSE,TRUE
691,"10268","Houghton",160,160,710,80.5408450704225,76.9323943661972,-3.60845070422535,3.60845070422535,"Private Individual(s)","Private Individual(s)",FALSE,TRUE
692,"17541","Houghton",40,40,179,79.4245810055866,83.0223463687151,3.59776536312849,3.59776536312849,"Forest Industry","Forest Industry",FALSE,TRUE
693,"16991","Houghton",198.15,198.15,797,77.7892095357591,74.1944792973651,-3.59473023839398,3.59473023839398,"Forest Industry","Forest Industry",FALSE,TRUE
694,"19738","Keweenaw",160,160,699,69.2589413447783,72.8326180257511,3.57367668097282,3.57367668097282,"Forest Industry","Other Business",TRUE,TRUE
695,"10166","Houghton",640,640,2893,78.123746975458,74.5592810231593,-3.56446595229866,3.56446595229866,"Forest Industry","Forest Industry",FALSE,TRUE
696,"16855","Keweenaw",35.42,35.42,156,77.2179487179487,73.6538461538462,-3.56410256410255,3.56410256410255,"Forest Industry","Forest Industry",FALSE,TRUE
697,"23209","Keweenaw",160,160,716,70.5223463687151,74.0782122905028,3.55586592178771,3.55586592178771,"Forest Industry","Other Business",TRUE,TRUE
698,"19261","Houghton",80,80,359,73.08356545961,76.6378830083565,3.55431754874651,3.55431754874651,"Private Individual(s)","Private Individual(s)",FALSE,TRUE
699,"29397","Houghton",80,80,366,80.0546448087432,83.6010928961749,3.5464480874317,3.5464480874317,"Private Individual(s)","Private Individual(s)",FALSE,TRUE
700,"817","Keweenaw",640,640,2814,82.0209665955935,78.4804548685146,-3.54051172707889,3.54051172707889,"Forest Industry","Forest Industry",FALSE,TRUE
701,"341","Houghton",40,40,191,69.0785340314136,65.5392670157068,-3.5392670157068,3.5392670157068,"Forest Industry","Forest Industry",FALSE,TRUE
702,"18014","Keweenaw",480,480,2063,71.4958797867184,75.0295685894329,3.53368880271449,3.53368880271449,"Forest Industry","Forest Industry",FALSE,TRUE
703,"10290","Houghton",480,480,1980,77.619696969697,81.15,3.53030303030303,3.53030303030303,"Forest Industry","Forest Industry",FALSE,TRUE
704,"10224","Houghton",40,NA,179,68.0391061452514,64.5139664804469,-3.52513966480447,3.52513966480447,"Private Individual(s)","non-CFP in 2026",FALSE,FALSE
705,"5207","Keweenaw",40,NA,182,68.5604395604396,65.043956043956,-3.51648351648352,3.51648351648352,"Forest Industry","non-CFP in 2026",FALSE,FALSE
706,"17487","Houghton",80,80,355,76.4,79.9154929577465,3.51549295774647,3.51549295774647,"Forest Industry","Forest Industry",FALSE,TRUE
707,"5086","Houghton",80,80,368,68.3423913043478,64.8315217391304,-3.51086956521739,3.51086956521739,"Forest Industry","Forest Industry",FALSE,TRUE
708,"4940","Houghton",40,40,180,68.9166666666667,65.4166666666667,-3.5,3.5,"Forest Industry","Forest Industry",FALSE,TRUE
709,"28039","Houghton",80,80,261,79.2835249042146,82.7701149425287,3.48659003831418,3.48659003831418,"Forest Industry","Forest Industry",FALSE,TRUE
710,"31153","Keweenaw",560,560,2513,76.7425387982491,73.2610425785913,-3.48149621965777,3.48149621965777,"Forest Industry","Forest Industry",FALSE,TRUE
711,"11956","Keweenaw",120,120,536,76.8805970149254,80.3582089552239,3.47761194029852,3.47761194029852,"Forest Industry","Forest Industry",FALSE,TRUE
712,"17983","Keweenaw",152.18,152.18,719,64.8636995827538,68.3324061196106,3.46870653685674,3.46870653685674,"Forest Industry","Other Business",TRUE,TRUE
713,"776","Keweenaw",160,NA,716,66.8631284916201,70.3240223463687,3.4608938547486,3.4608938547486,"Forest Industry","non-CFP in 2026",FALSE,FALSE
714,"17504","Houghton",329.04,329.04,1468,78.767029972752,75.3065395095368,-3.46049046321525,3.46049046321525,"Forest Industry","Forest Industry",FALSE,TRUE
715,"10217","Houghton",640,640,2776,71.289265129683,74.7424351585014,3.45317002881843,3.45317002881843,"Forest Industry","Forest Industry",FALSE,TRUE
716,"22752","Keweenaw",40,40,176,71.0738636363636,74.5,3.42613636363636,3.42613636363636,"Private Individual(s)","Private Individual(s)",FALSE,TRUE
717,"10242","Houghton",120,120,547,82.7586837294333,79.345521023766,-3.41316270566728,3.41316270566728,"Private Individual(s)","Private Individual(s)",FALSE,TRUE
718,"10177","Houghton",80,80,363,80.0137741046832,83.4214876033058,3.4077134986226,3.4077134986226,"Forest Industry","Forest Industry",FALSE,TRUE
719,"32488","Houghton",74.24,74.24,356,65.5842696629213,68.9915730337079,3.40730337078652,3.40730337078652,"Private Individual(s)","Private Individual(s)",FALSE,TRUE
720,"18879","Houghton",40,NA,188,75.8882978723404,72.5053191489362,-3.38297872340426,3.38297872340426,"Forest Industry","non-CFP in 2026",FALSE,FALSE
721,"5153","Houghton",160,160,715,79.7244755244755,76.3496503496503,-3.37482517482518,3.37482517482518,"Forest Industry","Forest Industry",FALSE,TRUE
722,"10122","Houghton",40,40,179,81.3798882681564,78.0055865921788,-3.37430167597765,3.37430167597765,"Private Individual(s)","Private Individual(s)",FALSE,TRUE
723,"22074","Houghton",320,320,1491,81.1455399061033,77.7719651240778,-3.37357478202549,3.37357478202549,"Forest Industry","Forest Industry",FALSE,TRUE
724,"12079","Keweenaw",240,240,1076,69.5631970260223,72.9349442379182,3.37174721189591,3.37174721189591,"Forest Industry","Forest Industry",FALSE,TRUE
725,"28771","Houghton",40,NA,181,70.7016574585635,74.0718232044199,3.37016574585635,3.37016574585635,"Forest Industry","non-CFP in 2026",FALSE,FALSE
726,"17474","Houghton",158.05,158.05,740,77.9324324324324,81.2972972972973,3.36486486486486,3.36486486486486,"Forest Industry","Private Individual(s)",TRUE,TRUE
727,"5288","Keweenaw",320,NA,1397,73.6342161775233,76.9971367215462,3.3629205440229,3.3629205440229,"Forest Industry","non-CFP in 2026",FALSE,FALSE
728,"18998","Keweenaw",80,80,352,70.1448863636364,73.4772727272727,3.33238636363637,3.33238636363637,"Forest Industry","Other Business",TRUE,TRUE
729,"22046","Keweenaw",160,NA,725,61.5475862068966,64.8758620689655,3.32827586206896,3.32827586206896,"Forest Industry","non-CFP in 2026",FALSE,FALSE
730,"27109","Keweenaw",160,160,701,46.2781740370899,49.5991440798859,3.32097004279601,3.32097004279601,"Forest Industry","Forest Industry",FALSE,TRUE
731,"6085","Houghton",79.5,79.5,352,74.0113636363636,77.3238636363636,3.3125,3.3125,"Private Individual(s)","Private Individual(s)",FALSE,TRUE
732,"17988","Keweenaw",160,160,718,75.0153203342618,78.3161559888579,3.3008356545961,3.3008356545961,"Forest Industry","Other Business",TRUE,TRUE
733,"16099","Houghton",629.6,629.6,2930,76.9501706484642,80.2505119453925,3.30034129692832,3.30034129692832,"Forest Industry","Forest Industry",FALSE,TRUE
734,"30310","Keweenaw",318.2,318.2,1420,74.4823943661972,77.7823943661972,3.3,3.3,"Forest Industry","Other Business",TRUE,TRUE
735,"11998","Keweenaw",640,640,2834,77.8546224417784,81.1503175723359,3.29569513055752,3.29569513055752,"Forest Industry","Other Business",TRUE,TRUE
736,"4945","Houghton",80,80,359,76.941504178273,80.2339832869081,3.29247910863509,3.29247910863509,"Forest Industry","Forest Industry",FALSE,TRUE
737,"16114","Houghton",640,640,2905,80.2481927710843,76.9617900172117,-3.28640275387264,3.28640275387264,"Forest Industry","Forest Industry",FALSE,TRUE
738,"29553","Houghton",320,320,1464,78.3517759562842,81.6181693989071,3.26639344262294,3.26639344262294,"Private Individual(s)","Trust",TRUE,TRUE
739,"16132","Houghton",640,640,2839,78.4550898203593,81.7178584008454,3.2627685804861,3.2627685804861,"Forest Industry","Forest Industry",FALSE,TRUE
740,"29956","Keweenaw",465.41,465.41,2169,76.7399723374827,80.0004610419548,3.26048870447211,3.26048870447211,"Forest Industry","Other Business",TRUE,TRUE
741,"17629","Houghton",125.72,125.72,627,65.9282296650718,69.1802232854864,3.25199362041468,3.25199362041468,"Forest Industry","Trust",TRUE,TRUE
742,"23159","Houghton",40,40,178,82.1011235955056,78.8539325842697,-3.24719101123596,3.24719101123596,"Private Individual(s)","Private Individual(s)",FALSE,TRUE
743,"19764","Keweenaw",320,320,1452,66.6287878787879,69.8615702479339,3.23278236914601,3.23278236914601,"Forest Industry","Other Business",TRUE,TRUE
744,"30343","Houghton",80.92,80.92,367,77.7574931880109,80.9782016348774,3.22070844686648,3.22070844686648,"Private Individual(s)","Private Group",TRUE,TRUE
745,"29932","Houghton",212,212,988,74.0192307692308,77.2398785425101,3.22064777327935,3.22064777327935,"Other Business","Other Business",FALSE,TRUE
746,"32556","Houghton",40,40,186,79.8118279569892,83.0268817204301,3.21505376344086,3.21505376344086,"Private Individual(s)","Private Individual(s)",FALSE,TRUE
747,"16146","Houghton",40,40,187,79.6791443850267,82.8877005347594,3.20855614973263,3.20855614973263,"Forest Industry","Forest Industry",FALSE,TRUE
748,"23208","Keweenaw",145.05,145.05,661,72.7912254160363,75.9954614220877,3.20423600605143,3.20423600605143,"Forest Industry","Other Business",TRUE,TRUE
749,"4988","Houghton",80,80,371,78.2964959568733,81.4986522911051,3.2021563342318,3.2021563342318,"Private Individual(s)","Private Individual(s)",FALSE,TRUE
750,"30097","Houghton",40,40,188,77.0797872340426,80.281914893617,3.20212765957447,3.20212765957447,"Private Individual(s)","Private Individual(s)",FALSE,TRUE
751,"27088","Keweenaw",40,40,180,76.1833333333333,79.3833333333333,3.2,3.2,"Forest Industry","Other Business",TRUE,TRUE
752,"6117","Keweenaw",160,160,720,71.6777777777778,68.4847222222222,-3.19305555555556,3.19305555555556,"Forest Industry","Forest Industry",FALSE,TRUE
753,"30473","Houghton",40,40,157,73.2484076433121,76.4331210191083,3.18471337579618,3.18471337579618,"Forest Industry","Private Individual(s)",TRUE,TRUE
754,"12004","Keweenaw",320,320,1424,77.059691011236,80.2183988764045,3.15870786516854,3.15870786516854,"Forest Industry","Other Business",TRUE,TRUE
755,"4218","Keweenaw",40,40,177,72.1920903954802,75.3502824858757,3.15819209039549,3.15819209039549,"Forest Industry","Other Business",TRUE,TRUE
756,"781","Keweenaw",160,160,716,70.8393854748603,73.9972067039106,3.15782122905028,3.15782122905028,"Forest Industry","Forest Industry",FALSE,TRUE
757,"18541","Houghton",160,160,709,33.3864598025388,36.5373765867419,3.1509167842031,3.1509167842031,"Forest Industry","Forest Industry",FALSE,TRUE
758,"22729","Houghton",35,35,157,68.7197452229299,71.8662420382166,3.14649681528662,3.14649681528662,"Private Individual(s)","Private Individual(s)",FALSE,TRUE
759,"10420","Houghton",320,320,1423,79.7652846099789,76.6317638791286,-3.13352073085032,3.13352073085032,"Forest Industry","Forest Industry",FALSE,TRUE
760,"5294","Keweenaw",160,160,724,72.1519337016575,75.2776243093923,3.12569060773481,3.12569060773481,"Forest Industry","Forest Industry",FALSE,TRUE
761,"12068","Keweenaw",320,320,1408,81.1875,78.0632102272727,-3.12428977272727,3.12428977272727,"Forest Industry","Forest Industry",FALSE,TRUE
762,"23253","Keweenaw",182.57,182.57,827,69.0181378476421,72.1390568319226,3.12091898428054,3.12091898428054,"Forest Industry","Other Business",TRUE,TRUE
763,"27749","Houghton",40,40,180,61.2944444444444,64.4111111111111,3.11666666666667,3.11666666666667,"Other","Other",FALSE,TRUE
764,"17509","Houghton",33.94,33.94,181,61.7845303867403,58.6685082872928,-3.11602209944751,3.11602209944751,"Forest Industry","Forest Industry",FALSE,TRUE
765,"31059","Keweenaw",465,465,2021,81.9544779811974,78.8426521523998,-3.11182582879762,3.11182582879762,"Forest Industry","Forest Industry",FALSE,TRUE
766,"26025","Houghton",78.4,78.4,346,50.0404624277457,53.150289017341,3.10982658959537,3.10982658959537,"Private Individual(s)","Private Individual(s)",FALSE,TRUE
767,"21110","Houghton",160,160,712,77.9283707865169,81.0379213483146,3.10955056179776,3.10955056179776,"Private Individual(s)","Other Business",TRUE,TRUE
768,"5070","Houghton",40,40,178,66.5449438202247,63.438202247191,-3.1067415730337,3.1067415730337,"Forest Industry","Forest Industry",FALSE,TRUE
769,"10160","Houghton",326.68,326.68,1466,80.0961800818554,76.9911323328786,-3.10504774897682,3.10504774897682,"Forest Industry","Forest Industry",FALSE,TRUE
770,"10298","Houghton",320,320,1438,77.702364394993,80.807371349096,3.10500695410293,3.10500695410293,"Forest Industry","Trust",TRUE,TRUE
771,"4902","Houghton",47,47,245,70.334693877551,73.4326530612245,3.09795918367347,3.09795918367347,"Private Individual(s)","Private Individual(s)",FALSE,TRUE
772,"32626","Houghton",320,320,1434,75.4504881450488,78.5425383542538,3.09205020920503,3.09205020920503,"Private Individual(s)","Forest Industry",TRUE,TRUE
773,"31601","Houghton",76.81,76.81,341,67.5073313782991,70.5689149560117,3.06158357771261,3.06158357771261,"Private Individual(s)","Private Individual(s)",FALSE,TRUE
774,"10360","Houghton",320,320,1474,73.2713704206242,76.3208955223881,3.0495251017639,3.0495251017639,"Forest Industry","Forest Industry",FALSE,TRUE
775,"19751","Keweenaw",40,40,180,66.7444444444444,69.7833333333333,3.03888888888889,3.03888888888889,"Forest Industry","Other Business",TRUE,TRUE
776,"30441","Houghton",80,NA,363,76.0798898071625,79.1046831955923,3.02479338842976,3.02479338842976,"Private Individual(s)","non-CFP in 2026",FALSE,FALSE
777,"22025","Keweenaw",160,160,720,75.7458333333333,78.7625,3.01666666666667,3.01666666666667,"Forest Industry","Other Business",TRUE,TRUE
778,"4938","Houghton",80,80,357,45.9243697478992,42.9103641456583,-3.01400560224089,3.01400560224089,"Forest Industry","Forest Industry",FALSE,TRUE
779,"10356","Houghton",600,600,2815,76.8884547069272,79.9008880994671,3.01243339253996,3.01243339253996,"Forest Industry","Forest Industry",FALSE,TRUE
780,"21465","Keweenaw",40,40,178,74.623595505618,77.6348314606742,3.01123595505619,3.01123595505619,"Forest Industry","Other Business",TRUE,TRUE
781,"31966","Houghton",40,40,179,76.6536312849162,79.6648044692737,3.01117318435755,3.01117318435755,"Private Individual(s)","Private Individual(s)",FALSE,TRUE
782,"12069","Keweenaw",280,280,1232,77.8603896103896,80.8693181818182,3.00892857142858,3.00892857142858,"Forest Industry","Forest Industry",FALSE,TRUE
783,"17533","Houghton",40,40,178,77.1685393258427,80.1741573033708,3.00561797752809,3.00561797752809,"Forest Industry","Private Individual(s)",TRUE,TRUE
784,"4944","Houghton",159.17,159.17,717,76.8284518828452,79.8326359832636,3.00418410041841,3.00418410041841,"Forest Industry","Forest Industry",FALSE,TRUE
785,"35427","Houghton",40,40,180,72.3555555555556,75.35,2.99444444444444,2.99444444444444,"Forest Industry","Forest Industry",FALSE,TRUE
786,"29551","Houghton",24,24,179,61.3016759776536,64.2905027932961,2.98882681564245,2.98882681564245,"Private Individual(s)","Trust",TRUE,TRUE
787,"35028","Houghton",40,40,181,79.7348066298343,82.7182320441989,2.98342541436465,2.98342541436465,"Forest Industry","Forest Industry",FALSE,TRUE
788,"16262","Keweenaw",80,80,348,78.7988505747126,81.7816091954023,2.98275862068965,2.98275862068965,"Forest Industry","Forest Industry",FALSE,TRUE
789,"863","Houghton",40.02,40.02,187,80.2887700534759,83.2673796791444,2.97860962566845,2.97860962566845,"Private Individual(s)","Trust",TRUE,TRUE
790,"12000","Keweenaw",80,80,349,81.2779369627507,84.2550143266476,2.97707736389685,2.97707736389685,"Forest Industry","Other Business",TRUE,TRUE
791,"11974","Keweenaw",643.2,643.2,2906,77.5055058499656,80.4693737095664,2.96386785960082,2.96386785960082,"Forest Industry","Forest Industry",FALSE,TRUE
792,"21113","Houghton",80,80,352,79.7357954545455,82.6988636363636,2.96306818181819,2.96306818181819,"Private Individual(s)","Other Business",TRUE,TRUE
793,"28974","Houghton",40,40,158,76.8354430379747,73.8860759493671,-2.9493670886076,2.9493670886076,"Forest Industry","Forest Industry",FALSE,TRUE
794,"31313","Keweenaw",160,160,730,75.5123287671233,78.4602739726027,2.94794520547944,2.94794520547944,"Forest Industry","Other Business",TRUE,TRUE
795,"5079","Houghton",40,40,183,78.6229508196721,81.5628415300546,2.93989071038251,2.93989071038251,"Forest Industry","Forest Industry",FALSE,TRUE
796,"12047","Keweenaw",80,80,355,78.4816901408451,75.5774647887324,-2.90422535211268,2.90422535211268,"Forest Industry","Forest Industry",FALSE,TRUE
797,"32264","Houghton",40,40,183,74.5956284153006,77.4918032786885,2.89617486338797,2.89617486338797,"Forest Industry","Forest Industry",FALSE,TRUE
798,"22027","Keweenaw",160,160,712,70.9761235955056,73.8665730337079,2.89044943820225,2.89044943820225,"Forest Industry","Other Business",TRUE,TRUE
799,"10216","Houghton",640,640,2767,71.1460065052403,74.0325262016624,2.88651969642211,2.88651969642211,"Forest Industry","Forest Industry",FALSE,TRUE
800,"4934","Houghton",80,80,354,51.9180790960452,49.0338983050847,-2.88418079096045,2.88418079096045,"Forest Industry","Forest Industry",FALSE,TRUE
801,"10196","Houghton",120,120,531,76.1129943502825,78.9962335216572,2.88323917137475,2.88323917137475,"Forest Industry","Forest Industry",FALSE,TRUE
802,"17543","Houghton",40,40,179,67.7206703910614,70.6033519553073,2.88268156424581,2.88268156424581,"Private Individual(s)","Private Individual(s)",FALSE,TRUE
803,"17500","Houghton",121.28,121.28,545,72.0935779816514,74.9761467889908,2.88256880733945,2.88256880733945,"Forest Industry","Other Business",TRUE,TRUE
804,"27100","Keweenaw",160,160,704,76.8125,79.6931818181818,2.88068181818181,2.88068181818181,"Forest Industry","Other Business",TRUE,TRUE
805,"33417","Houghton",319.82,319.82,1420,69.0176056338028,71.8964788732394,2.87887323943661,2.87887323943661,"Other Business","Other Business",FALSE,TRUE
806,"22061","Houghton",160,160,724,76.1146408839779,78.9848066298343,2.87016574585635,2.87016574585635,"Forest Industry","Forest Industry",FALSE,TRUE
807,"19745","Keweenaw",155,155,702,74.0740740740741,71.2051282051282,-2.86894586894587,2.86894586894587,"Forest Industry","Other Business",TRUE,TRUE
808,"4231","Keweenaw",80,NA,365,77.9205479452055,80.7753424657534,2.85479452054794,2.85479452054794,"Private Individual(s)","non-CFP in 2026",FALSE,FALSE
809,"26011","Houghton",40,40,184,76.5597826086957,73.7065217391304,-2.85326086956522,2.85326086956522,"Private Individual(s)","Private Individual(s)",FALSE,TRUE
810,"23255","Keweenaw",80,80,360,80.6083333333333,83.4583333333333,2.84999999999999,2.84999999999999,"Forest Industry","Other Business",TRUE,TRUE
811,"17664","Houghton",38.99,38.99,179,78.2346368715084,81.0837988826816,2.84916201117318,2.84916201117318,"Forest Industry","Forest Industry",FALSE,TRUE
812,"17496","Houghton",320,320,1508,82.4986737400531,79.6545092838196,-2.84416445623341,2.84416445623341,"Forest Industry","Forest Industry",FALSE,TRUE
813,"16905","Keweenaw",160,160,725,81.871724137931,79.031724137931,-2.84,2.84,"Other Business","Forest Industry",TRUE,TRUE
814,"16109","Houghton",80,80,361,69.8421052631579,72.6814404432133,2.8393351800554,2.8393351800554,"Forest Industry","Forest Industry",FALSE,TRUE
815,"27107","Keweenaw",80,80,359,78.0863509749304,80.9025069637883,2.81615598885793,2.81615598885793,"Forest Industry","Forest Industry",FALSE,TRUE
816,"33760","Houghton",161.28,161.28,760,76.4868421052632,79.2947368421053,2.8078947368421,2.8078947368421,"Private Individual(s)","Other Business",TRUE,TRUE
817,"18841","Houghton",40,40,180,76.7611111111111,79.5666666666667,2.80555555555556,2.80555555555556,"Forest Industry","Forest Industry",FALSE,TRUE
818,"10271","Houghton",640.02,640.02,2934,80.266530334015,77.461145194274,-2.80538513974098,2.80538513974098,"Forest Industry","Forest Industry",FALSE,TRUE
819,"20430","Houghton",63.1,63.1,349,58.567335243553,61.3696275071633,2.80229226361031,2.80229226361031,"Forest Industry","Forest Industry",FALSE,TRUE
820,"10425","Houghton",40,40,176,71.9261363636364,69.1306818181818,-2.79545454545455,2.79545454545455,"Forest Industry","Forest Industry",FALSE,TRUE
821,"32041","Houghton",40,40,179,76.3743016759776,79.1620111731844,2.78770949720671,2.78770949720671,"Private Individual(s)","Private Individual(s)",FALSE,TRUE
822,"18950","Keweenaw",33.85,33.85,156,78.6794871794872,75.8974358974359,-2.78205128205128,2.78205128205128,"Other Business","Forest Industry",TRUE,TRUE
823,"27585","Keweenaw",100,100,442,74.7239819004525,77.5045248868778,2.78054298642535,2.78054298642535,"Forest Industry","Forest Industry",FALSE,TRUE
824,"31591","Houghton",50,50,226,71.5,74.2787610619469,2.77876106194691,2.77876106194691,"Private Individual(s)","Private Individual(s)",FALSE,TRUE
825,"4913","Houghton",320,320,1390,75.8705035971223,78.6474820143885,2.77697841726618,2.77697841726618,"Forest Industry","Forest Industry",FALSE,TRUE
826,"28773","Houghton",20,20,94,75.5531914893617,78.3297872340426,2.77659574468085,2.77659574468085,"Forest Industry","Forest Industry",FALSE,TRUE
827,"19018","Keweenaw",640,640,2863,69.9867272092211,72.7530562347188,2.76632902549773,2.76632902549773,"Forest Industry","Other Business",TRUE,TRUE
828,"5010","Houghton",74.93,NA,338,79.2573964497041,82.0207100591716,2.76331360946745,2.76331360946745,"Private Individual(s)","non-CFP in 2026",FALSE,FALSE
829,"10407","Houghton",314.99,314.99,1416,78.5423728813559,75.7810734463277,-2.76129943502825,2.76129943502825,"Forest Industry","Forest Industry",FALSE,TRUE
830,"16093","Houghton",72.28,72.28,363,52.969696969697,55.7272727272727,2.75757575757576,2.75757575757576,"Forest Industry","Forest Industry",FALSE,TRUE
831,"17647","Houghton",80,80,378,76.5529100529101,73.8042328042328,-2.74867724867724,2.74867724867724,"Other Business","Other Business",FALSE,TRUE
832,"28977","Houghton",160,160,710,79.8521126760563,82.5985915492958,2.74647887323944,2.74647887323944,"Forest Industry","Forest Industry",FALSE,TRUE
833,"21070","Houghton",60,NA,294,57.6700680272109,54.9251700680272,-2.74489795918367,2.74489795918367,"Private Individual(s)","non-CFP in 2026",FALSE,FALSE
834,"30262","Houghton",46.61,46.61,231,79.995670995671,82.7359307359307,2.74025974025975,2.74025974025975,"Forest Industry","Forest Industry",FALSE,TRUE
835,"23163","Houghton",40,40,180,82.7833333333333,80.0611111111111,-2.72222222222221,2.72222222222221,"Private Individual(s)","Private Individual(s)",FALSE,TRUE
836,"4977","Houghton",311.81,311.81,1440,77.7513888888889,80.4729166666667,2.72152777777778,2.72152777777778,"Forest Industry","Forest Industry",FALSE,TRUE
837,"6115","Keweenaw",80,80,353,81.9376770538244,79.2181303116147,-2.71954674220963,2.71954674220963,"Forest Industry","Forest Industry",FALSE,TRUE
838,"869","Houghton",40,40,181,81.1160220994475,83.8342541436464,2.71823204419888,2.71823204419888,"Private Individual(s)","Trust",TRUE,TRUE
839,"16090","Houghton",608.79,608.79,2796,75.3376251788269,78.0543633762518,2.71673819742489,2.71673819742489,"Forest Industry","Forest Industry",FALSE,TRUE
840,"6075","Houghton",80,80,355,70.6394366197183,73.3549295774648,2.71549295774648,2.71549295774648,"Private Individual(s)","Private Individual(s)",FALSE,TRUE
841,"11999","Keweenaw",280,280,1258,76.2329093799682,78.9411764705882,2.70826709062003,2.70826709062003,"Forest Industry","Other Business",TRUE,TRUE
842,"34771","Houghton",149.4,149.4,635,79.3086614173228,82.0157480314961,2.70708661417322,2.70708661417322,"Forest Industry","Forest Industry",FALSE,TRUE
843,"4953","Houghton",80,80,361,81.8864265927978,84.5927977839335,2.70637119113573,2.70637119113573,"Forest Industry","Forest Industry",FALSE,TRUE
844,"10263","Houghton",160,160,716,79.4497206703911,82.1354748603352,2.68575418994413,2.68575418994413,"Forest Industry","Forest Industry",FALSE,TRUE
845,"20344","Keweenaw",160,160,719,76.808066759388,74.1265646731572,-2.68150208623088,2.68150208623088,"Other Business","Forest Industry",TRUE,TRUE
846,"28770","Houghton",80,80,354,63.9463276836158,66.6271186440678,2.68079096045197,2.68079096045197,"Forest Industry","Forest Industry",FALSE,TRUE
847,"801","Keweenaw",640,640,2798,69.1501072194425,71.8259471050751,2.6758398856326,2.6758398856326,"Forest Industry","Forest Industry",FALSE,TRUE
848,"18857","Houghton",54.68,NA,226,62.3230088495575,59.6504424778761,-2.67256637168142,2.67256637168142,"Forest Industry","non-CFP in 2026",FALSE,FALSE
849,"23254","Keweenaw",121.8,121.8,531,72.6271186440678,75.2956685499058,2.66854990583805,2.66854990583805,"Forest Industry","Other Business",TRUE,TRUE
850,"5297","Keweenaw",80,80,354,76.2881355932203,78.9519774011299,2.66384180790961,2.66384180790961,"Forest Industry","Private Individual(s)",TRUE,TRUE
851,"32039","Houghton",20,20,89,69.3820224719101,72.0449438202247,2.6629213483146,2.6629213483146,"Private Individual(s)","Private Individual(s)",FALSE,TRUE
852,"23683","Keweenaw",40,40,177,59.6101694915254,56.9491525423729,-2.66101694915255,2.66101694915255,"Private Individual(s)","Private Individual(s)",FALSE,TRUE
853,"28825","Houghton",613,613,2736,78.8472222222222,76.1907894736842,-2.65643274853802,2.65643274853802,"Other Business","Other Business",FALSE,TRUE
854,"10284","Houghton",280,280,1226,71.4437194127243,74.084013050571,2.64029363784665,2.64029363784665,"Forest Industry","Forest Industry",FALSE,TRUE
855,"17465","Keweenaw",320,320,1439,79.9777623349548,77.3398193189715,-2.63794301598332,2.63794301598332,"Forest Industry","Forest Industry",FALSE,TRUE
856,"30383","Keweenaw",140,140,613,71.5138662316476,74.1517128874388,2.63784665579118,2.63784665579118,"Forest Industry","Other Business",TRUE,TRUE
857,"26007","Houghton",160,160,719,76.5465924895689,73.9151599443672,-2.63143254520168,2.63143254520168,"Private Individual(s)","Private Individual(s)",FALSE,TRUE
858,"16820","Keweenaw",80,80,360,72.85,75.4805555555556,2.63055555555556,2.63055555555556,"Forest Industry","Forest Industry",FALSE,TRUE
859,"19606","Houghton",20,20,89,80.752808988764,78.123595505618,-2.62921348314607,2.62921348314607,"Forest Industry","Forest Industry",FALSE,TRUE
860,"792","Keweenaw",320,320,1459,70.6339958875942,68.0157642220699,-2.61823166552433,2.61823166552433,"Forest Industry","Forest Industry",FALSE,TRUE
861,"5180","Keweenaw",80,80,360,78.2833333333333,75.6722222222222,-2.61111111111111,2.61111111111111,"Forest Industry","Forest Industry",FALSE,TRUE
862,"35423","Houghton",40,40,180,77.5388888888889,74.9277777777778,-2.61111111111111,2.61111111111111,"Forest Industry","Forest Industry",FALSE,TRUE
863,"5212","Keweenaw",480,NA,2157,72.2540565600371,69.6518312471025,-2.60222531293464,2.60222531293464,"Forest Industry","non-CFP in 2026",FALSE,FALSE
864,"5075","Houghton",40,40,183,79.6502732240437,82.2459016393443,2.59562841530055,2.59562841530055,"Forest Industry","Forest Industry",FALSE,TRUE
865,"22044","Keweenaw",31.6,31.6,140,70.9714285714286,73.5642857142857,2.59285714285714,2.59285714285714,"Forest Industry","Other Business",TRUE,TRUE
866,"807","Keweenaw",33.9,NA,136,70.2058823529412,72.7941176470588,2.58823529411765,2.58823529411765,"Forest Industry","non-CFP in 2026",FALSE,FALSE
867,"18827","Houghton",40,40,182,81.1373626373626,83.7252747252747,2.58791208791209,2.58791208791209,"Private Individual(s)","Private Individual(s)",FALSE,TRUE
868,"10387","Houghton",110.64,NA,468,79.3760683760684,76.792735042735,-2.58333333333333,2.58333333333333,"Private Individual(s)","non-CFP in 2026",FALSE,FALSE
869,"4996","Houghton",40,40,200,77.31,79.885,2.575,2.575,"Other Business","Other Business",FALSE,TRUE
870,"4904","Houghton",80,80,358,63.8296089385475,66.4022346368715,2.57262569832402,2.57262569832402,"Forest Industry","Forest Industry",FALSE,TRUE
871,"5137","Houghton",160,160,721,73.3675450762829,75.9389736477115,2.57142857142857,2.57142857142857,"Forest Industry","Forest Industry",FALSE,TRUE
872,"19747","Keweenaw",80,80,364,75.0961538461538,77.6648351648352,2.56868131868133,2.56868131868133,"Forest Industry","Other Business",TRUE,TRUE
873,"10158","Houghton",160,160,720,78.0611111111111,80.6236111111111,2.5625,2.5625,"Private Individual(s)","Private Individual(s)",FALSE,TRUE
874,"21112","Houghton",40,40,180,81.3333333333333,83.8944444444444,2.56111111111112,2.56111111111112,"Private Individual(s)","Other Business",TRUE,TRUE
875,"5100","Houghton",160,160,716,79.3435754189944,76.7835195530726,-2.5600558659218,2.5600558659218,"Forest Industry","Forest Industry",FALSE,TRUE
876,"12098","Keweenaw",40,40,179,76.0167597765363,78.5698324022346,2.55307262569832,2.55307262569832,"Other Business","Other Business",FALSE,TRUE
877,"10170","Houghton",160,160,745,79.3825503355705,81.9328859060403,2.5503355704698,2.5503355704698,"Private Individual(s)","Private Individual(s)",FALSE,TRUE
878,"5268","Keweenaw",80,80,360,75.5416666666667,78.0833333333333,2.54166666666666,2.54166666666666,"Forest Industry","Forest Industry",FALSE,TRUE
879,"27094","Keweenaw",360,360,1593,76.9717514124294,79.5116133082235,2.53986189579409,2.53986189579409,"Forest Industry","Other Business",TRUE,TRUE
880,"23182","Houghton",40,40,187,82.7540106951872,80.2192513368984,-2.53475935828877,2.53475935828877,"Private Individual(s)","Private Individual(s)",FALSE,TRUE
881,"30531","Houghton",60.19,60.19,279,76.8709677419355,79.4050179211469,2.53405017921146,2.53405017921146,"Forest Industry","Forest Industry",FALSE,TRUE
882,"5093","Houghton",320.47,320.47,1439,83.3509381514941,80.8339124391939,-2.51702571230021,2.51702571230021,"Forest Industry","Forest Industry",FALSE,TRUE
883,"11958","Keweenaw",200,200,891,78.6116722783389,81.1268237934905,2.51515151515152,2.51515151515152,"Forest Industry","Forest Industry",FALSE,TRUE
884,"5132","Houghton",40,40,179,76.6368715083799,79.1508379888268,2.51396648044694,2.51396648044694,"Forest Industry","Forest Industry",FALSE,TRUE
885,"17649","Houghton",40,40,186,74.0268817204301,76.5376344086021,2.51075268817203,2.51075268817203,"Other Business","Other Business",FALSE,TRUE
886,"16959","Houghton",40,40,178,75.7865168539326,78.2921348314607,2.50561797752809,2.50561797752809,"Other Business","Other Business",FALSE,TRUE
887,"20429","Houghton",33.26,33.26,175,68.0971428571429,70.6,2.50285714285714,2.50285714285714,"Forest Industry","Forest Industry",FALSE,TRUE
888,"27090","Keweenaw",306.21,306.21,1384,76.1264450867052,78.6163294797688,2.48988439306358,2.48988439306358,"Forest Industry","Other Business",TRUE,TRUE
889,"17471","Houghton",40,40,182,75.5604395604396,78.043956043956,2.48351648351648,2.48351648351648,"Forest Industry","Forest Industry",FALSE,TRUE
890,"33706","Houghton",77.5,77.5,354,80.3813559322034,82.864406779661,2.48305084745762,2.48305084745762,"Private Individual(s)","Private Individual(s)",FALSE,TRUE
891,"10229","Houghton",600,600,2721,77.6802646085998,80.1580301359794,2.47776552737963,2.47776552737963,"Forest Industry","Forest Industry",FALSE,TRUE
892,"35619","Houghton",40,40,181,79.9944751381215,82.4640883977901,2.46961325966851,2.46961325966851,"Private Individual(s)","Private Individual(s)",FALSE,TRUE
893,"4896","Houghton",40,40,179,77.927374301676,80.3966480446927,2.46927374301676,2.46927374301676,"Private Individual(s)","Private Individual(s)",FALSE,TRUE
894,"29103","Keweenaw",40,40,179,80.5195530726257,82.9832402234637,2.46368715083798,2.46368715083798,"Forest Industry","Forest Industry",FALSE,TRUE
895,"33766","Houghton",40,40,177,78.8870056497175,81.3389830508475,2.45197740112995,2.45197740112995,"Other Business","Other Business",FALSE,TRUE
896,"10322","Houghton",160.12,160.12,597,71.7102177554439,74.1608040201005,2.45058626465661,2.45058626465661,"Forest Industry","Forest Industry",FALSE,TRUE
897,"29316","Houghton",40,40,180,81.4166666666667,83.8666666666667,2.44999999999999,2.44999999999999,"Private Individual(s)","Private Individual(s)",FALSE,TRUE
898,"27108","Keweenaw",120,120,531,61.4670433145009,59.0225988700565,-2.44444444444444,2.44444444444444,"Forest Industry","Forest Industry",FALSE,TRUE
899,"34393","Houghton",520,NA,2358,75.8473282442748,73.4062765055131,-2.44105173876166,2.44105173876166,"Forest Industry","non-CFP in 2026",FALSE,FALSE
900,"30527","Houghton",320.77,320.77,1438,82.4242002781641,79.9847009735744,-2.43949930458972,2.43949930458972,"Forest Industry","Forest Industry",FALSE,TRUE
901,"4982","Houghton",40,40,183,79.5081967213115,81.9344262295082,2.42622950819671,2.42622950819671,"Forest Industry","Forest Industry",FALSE,TRUE
902,"18852","Houghton",40,40,180,60.9388888888889,58.5166666666667,-2.42222222222222,2.42222222222222,"Forest Industry","Forest Industry",FALSE,TRUE
903,"5307","Keweenaw",160,160,715,71.8867132867133,69.4657342657343,-2.42097902097902,2.42097902097902,"Forest Industry","Forest Industry",FALSE,TRUE
904,"19060","Keweenaw",320,320,1448,76.3335635359116,78.753453038674,2.41988950276243,2.41988950276243,"Forest Industry","Forest Industry",FALSE,TRUE
905,"5148","Houghton",152.37,152.37,718,73.5640668523677,71.1448467966574,-2.41922005571031,2.41922005571031,"Forest Industry","Forest Industry",FALSE,TRUE
906,"20140","Houghton",40,40,187,77.5187165775401,79.9358288770053,2.41711229946524,2.41711229946524,"Private Individual(s)","Private Individual(s)",FALSE,TRUE
907,"18011","Keweenaw",320,320,1428,75.7626050420168,78.1750700280112,2.4124649859944,2.4124649859944,"Forest Industry","Forest Industry",FALSE,TRUE
908,"32885","Keweenaw",34,34,153,77.9477124183007,80.3529411764706,2.40522875816994,2.40522875816994,"Private Individual(s)","Private Individual(s)",FALSE,TRUE
909,"33926","Houghton",147.5,147.5,726,75.9573002754821,78.362258953168,2.40495867768594,2.40495867768594,"Private Individual(s)","Private Individual(s)",FALSE,TRUE
910,"5158","Houghton",40,40,192,80.984375,78.5833333333333,-2.40104166666667,2.40104166666667,"Forest Industry","Forest Industry",FALSE,TRUE
911,"23236","Keweenaw",40,40,178,75.2359550561798,77.6348314606742,2.39887640449439,2.39887640449439,"Forest Industry","Forest Industry",FALSE,TRUE
912,"17978","Keweenaw",40,40,179,80.2402234636871,82.6368715083799,2.39664804469274,2.39664804469274,"Forest Industry","Other Business",TRUE,TRUE
913,"11911","Keweenaw",280,280,1216,71.6661184210526,74.0625,2.39638157894737,2.39638157894737,"Forest Industry","Forest Industry",FALSE,TRUE
914,"18826","Houghton",80,80,361,79.1551246537396,81.5401662049861,2.38504155124654,2.38504155124654,"Private Individual(s)","Private Individual(s)",FALSE,TRUE
915,"30421","Houghton",40,40,177,77.2655367231638,79.6440677966102,2.37853107344633,2.37853107344633,"Private Individual(s)","Private Individual(s)",FALSE,TRUE
916,"35105","Keweenaw",120,120,539,72.4879406307978,74.8571428571429,2.36920222634508,2.36920222634508,"Other Business","Other Business",FALSE,TRUE
917,"35026","Houghton",40,40,184,79.5923913043478,81.9510869565217,2.35869565217391,2.35869565217391,"Forest Industry","Forest Industry",FALSE,TRUE
918,"27098","Keweenaw",153.2,153.2,689,72.4804063860668,74.8388969521045,2.35849056603774,2.35849056603774,"Forest Industry","Other Business",TRUE,TRUE
919,"33712","Houghton",40,40,178,82.7303370786517,80.376404494382,-2.35393258426966,2.35393258426966,"Forest Industry","Forest Industry",FALSE,TRUE
920,"16092","Houghton",292.58,NA,1405,70.1886120996441,72.5309608540925,2.34234875444839,2.34234875444839,"Forest Industry","non-CFP in 2026",FALSE,FALSE
921,"865","Houghton",40,40,180,79.4833333333333,81.8111111111111,2.32777777777778,2.32777777777778,"Private Individual(s)","Private Individual(s)",FALSE,TRUE
922,"27137","Houghton",20,20,93,81.8279569892473,84.1505376344086,2.3225806451613,2.3225806451613,"Private Individual(s)","Private Individual(s)",FALSE,TRUE
923,"10184","Houghton",200,200,898,77.2193763919822,74.9120267260579,-2.30734966592428,2.30734966592428,"Private Individual(s)","Private Individual(s)",FALSE,TRUE
924,"5200","Keweenaw",40,NA,177,70.9943502824859,73.2994350282486,2.3050847457627,2.3050847457627,"Forest Industry","non-CFP in 2026",FALSE,FALSE
925,"26769","Houghton",40,40,184,83.0489130434783,80.7445652173913,-2.30434782608697,2.30434782608697,"Private Individual(s)","Private Individual(s)",FALSE,TRUE
926,"18824","Houghton",79.85,79.85,353,69.8498583569405,72.1529745042493,2.30311614730877,2.30311614730877,"Private Individual(s)","Private Individual(s)",FALSE,TRUE
927,"10249","Houghton",155,155,706,80.9603399433428,83.2606232294618,2.30028328611898,2.30028328611898,"Forest Industry","Forest Industry",FALSE,TRUE
928,"22755","Keweenaw",160,160,700,74.5642857142857,76.86,2.29571428571428,2.29571428571428,"Private Individual(s)","Private Individual(s)",FALSE,TRUE
929,"17981","Keweenaw",314.35,316.31,1452,70.4951790633609,72.788567493113,2.29338842975207,2.29338842975207,"Forest Industry","Other Business",TRUE,TRUE
930,"20433","Houghton",80,80,357,80.0644257703081,82.3473389355742,2.28291316526611,2.28291316526611,"Private Individual(s)","Private Group",TRUE,TRUE
931,"12019","Keweenaw",318.95,318.95,1398,82.9062947067239,80.6266094420601,-2.27968526466381,2.27968526466381,"Forest Industry","Forest Industry",FALSE,TRUE
932,"6103","Houghton",38.69,38.69,169,78.6923076923077,76.414201183432,-2.27810650887574,2.27810650887574,"Forest Industry","Forest Industry",FALSE,TRUE
933,"5292","Keweenaw",80,80,351,75.034188034188,77.3076923076923,2.27350427350427,2.27350427350427,"Forest Industry","Private Individual(s)",TRUE,TRUE
934,"10180","Houghton",280,280,1255,83.8605577689243,81.5888446215139,-2.27171314741037,2.27171314741037,"Forest Industry","Forest Industry",FALSE,TRUE
935,"32533","Houghton",40,40,181,81.7790055248619,84.0497237569061,2.2707182320442,2.2707182320442,"Forest Industry","Forest Industry",FALSE,TRUE
936,"26766","Houghton",40,40,185,83.1459459459459,80.8756756756757,-2.27027027027026,2.27027027027026,"Private Individual(s)","Private Individual(s)",FALSE,TRUE
937,"34478","Keweenaw",40,NA,175,76.7028571428571,74.4342857142857,-2.26857142857142,2.26857142857142,"Other Business","non-CFP in 2026",FALSE,FALSE
938,"5184","Keweenaw",320,320,1455,74.553264604811,76.8158075601375,2.26254295532647,2.26254295532647,"Forest Industry","Forest Industry",FALSE,TRUE
939,"22050","Keweenaw",40,40,178,74.1573033707865,76.4157303370787,2.25842696629213,2.25842696629213,"Forest Industry","Private Individual(s)",TRUE,TRUE
940,"33704","Houghton",40,NA,178,77.8595505617977,80.1123595505618,2.25280898876404,2.25280898876404,"Private Individual(s)","non-CFP in 2026",FALSE,FALSE
941,"35420","Houghton",40,40,179,82.7486033519553,80.5027932960894,-2.24581005586593,2.24581005586593,"Forest Industry","Forest Industry",FALSE,TRUE
942,"17183","Houghton",40,NA,178,71.7078651685393,73.9494382022472,2.24157303370787,2.24157303370787,"Private Individual(s)","non-CFP in 2026",FALSE,FALSE
943,"10204","Houghton",160,160,702,78.8019943019943,81.0327635327635,2.23076923076924,2.23076923076924,"Forest Industry","Forest Industry",FALSE,TRUE
944,"29364","Keweenaw",40,NA,183,77.8415300546448,75.6120218579235,-2.22950819672131,2.22950819672131,"Private Individual(s)","non-CFP in 2026",FALSE,FALSE
945,"16137","Houghton",80,80,371,78.5229110512129,80.743935309973,2.2210242587601,2.2210242587601,"Forest Industry","Forest Industry",FALSE,TRUE
946,"12107","Keweenaw",240,240,1090,81.1018348623853,78.8880733944954,-2.21376146788991,2.21376146788991,"Forest Industry","Forest Industry",FALSE,TRUE
947,"10301","Houghton",40,40,179,77.8826815642458,80.0949720670391,2.21229050279329,2.21229050279329,"Private Individual(s)","Private Individual(s)",FALSE,TRUE
948,"17495","Houghton",160,160,704,81.6931818181818,79.4872159090909,-2.20596590909091,2.20596590909091,"Forest Industry","Forest Industry",FALSE,TRUE
949,"17654","Houghton",34.58,34.58,156,78.9423076923077,81.1474358974359,2.2051282051282,2.2051282051282,"Forest Industry","Forest Industry",FALSE,TRUE
950,"26006","Houghton",40,40,179,80.195530726257,82.3966480446927,2.20111731843575,2.20111731843575,"Private Individual(s)","Private Individual(s)",FALSE,TRUE
951,"20566","Houghton",76,NA,344,53.7325581395349,55.9273255813954,2.19476744186047,2.19476744186047,"Private Individual(s)","non-CFP in 2026",FALSE,FALSE
952,"16150","Houghton",150,150,671,80.1445603576751,82.3219076005961,2.177347242921,2.177347242921,"Forest Industry","Forest Industry",FALSE,TRUE
953,"16997","Houghton",640,640,2867,83.675270317405,81.5008719916289,-2.17439832577607,2.17439832577607,"Other Business","Forest Industry",TRUE,TRUE
954,"12027","Keweenaw",640,640,2898,79.3609385783299,81.5327812284334,2.17184265010353,2.17184265010353,"Forest Industry","Forest Industry",FALSE,TRUE
955,"32441","Keweenaw",30,30,135,67.7037037037037,65.5333333333333,-2.17037037037038,2.17037037037038,"Other Business","Forest Industry",TRUE,TRUE
956,"5133","Houghton",40,40,182,80.1758241758242,78.010989010989,-2.16483516483517,2.16483516483517,"Forest Industry","Forest Industry",FALSE,TRUE
957,"23277","Keweenaw",40,40,173,79.364161849711,81.5260115606936,2.16184971098266,2.16184971098266,"Other Business","Other Business",FALSE,TRUE
958,"22844","Houghton",40,40,186,76.8870967741936,79.0483870967742,2.16129032258064,2.16129032258064,"Private Individual(s)","Private Individual(s)",FALSE,TRUE
959,"34638","Keweenaw",40,40,186,76.010752688172,78.1666666666667,2.15591397849462,2.15591397849462,"Forest Industry","Other Business",TRUE,TRUE
960,"27619","Houghton",160,160,714,79.859943977591,82.015406162465,2.15546218487395,2.15546218487395,"Private Individual(s)","Trust",TRUE,TRUE
961,"16940","Houghton",242.18,242.18,1045,77.5626794258373,79.7177033492823,2.15502392344499,2.15502392344499,"Other Business","Other Business",FALSE,TRUE
962,"22753","Keweenaw",40,40,177,81.3107344632768,79.1581920903955,-2.15254237288136,2.15254237288136,"Private Individual(s)","Private Individual(s)",FALSE,TRUE
963,"10192","Houghton",70,70,303,80.5082508250825,82.6600660066007,2.15181518151815,2.15181518151815,"Other Business","Other Business",FALSE,TRUE
964,"22776","Houghton",20,20,86,81.8953488372093,84.046511627907,2.15116279069768,2.15116279069768,"Private Individual(s)","Other Business",TRUE,TRUE
965,"17992","Keweenaw",80,80,352,77.5909090909091,79.7414772727273,2.15056818181817,2.15056818181817,"Forest Industry","Other Business",TRUE,TRUE
966,"34605","Houghton",40,40,181,64.2596685082873,66.4088397790055,2.14917127071823,2.14917127071823,"Private Individual(s)","Trust",TRUE,TRUE
967,"18022","Keweenaw",40,40,182,76.3241758241758,78.4725274725275,2.14835164835165,2.14835164835165,"Forest Industry","Forest Industry",FALSE,TRUE
968,"18008","Keweenaw",200,200,886,71.3566591422122,73.5033860045147,2.14672686230247,2.14672686230247,"Forest Industry","Other Business",TRUE,TRUE
969,"16988","Houghton",40,40,180,75.1277777777778,77.2722222222222,2.14444444444445,2.14444444444445,"Forest Industry","Forest Industry",FALSE,TRUE
970,"33765","Houghton",40,40,184,80.4347826086957,82.5760869565217,2.14130434782608,2.14130434782608,"Other Business","Other Business",FALSE,TRUE
971,"33179","Keweenaw",63.34,63.34,280,77.6821428571429,75.5464285714286,-2.13571428571429,2.13571428571429,"Private Individual(s)","Private Individual(s)",FALSE,TRUE
972,"17532","Houghton",40,40,179,80.2458100558659,82.3798882681564,2.1340782122905,2.1340782122905,"Forest Industry","Private Individual(s)",TRUE,TRUE
973,"5151","Houghton",80,80,355,72.3802816901408,74.512676056338,2.13239436619718,2.13239436619718,"Forest Industry","Forest Industry",FALSE,TRUE
974,"27740","Houghton",150,150,710,80.7352112676056,82.8647887323944,2.12957746478872,2.12957746478872,"Forest Industry","Forest Industry",FALSE,TRUE
975,"23164","Houghton",40,40,190,80.2789473684211,82.4052631578947,2.12631578947368,2.12631578947368,"Private Individual(s)","Private Individual(s)",FALSE,TRUE
976,"19780","Keweenaw",40,40,178,73.0955056179775,75.2191011235955,2.12359550561798,2.12359550561798,"Forest Industry","Other Business",TRUE,TRUE
977,"10161","Houghton",574.4,574.4,2552,78.2966300940439,80.419670846395,2.12304075235109,2.12304075235109,"Forest Industry","Forest Industry",FALSE,TRUE
978,"22778","Houghton",28.6,28.6,109,80.8623853211009,82.9816513761468,2.11926605504587,2.11926605504587,"Private Individual(s)","Other Business",TRUE,TRUE
979,"16936","Houghton",40,40,176,78.4488636363636,80.5511363636364,2.10227272727272,2.10227272727272,"Other Business","Other Business",FALSE,TRUE
980,"20314","Houghton",40,40,181,79.6408839779006,81.7403314917127,2.09944751381215,2.09944751381215,"Private Individual(s)","Private Individual(s)",FALSE,TRUE
981,"16151","Houghton",160,160,731,81.686730506156,79.5896032831737,-2.09712722298222,2.09712722298222,"Forest Industry","Forest Industry",FALSE,TRUE
982,"23207","Keweenaw",289.03,289.03,1719,72.9394997091332,75.0343222803956,2.09482257126237,2.09482257126237,"Forest Industry","Other Business",TRUE,TRUE
983,"32557","Houghton",80,80,349,80.1031518624642,82.1977077363897,2.0945558739255,2.0945558739255,"Private Individual(s)","Private Individual(s)",FALSE,TRUE
984,"34887","Keweenaw",179.58,179.58,792,69.334595959596,71.4255050505051,2.09090909090909,2.09090909090909,"Other Business","Other",TRUE,TRUE
985,"10317","Houghton",40,40,181,82.9171270718232,84.9944751381215,2.07734806629834,2.07734806629834,"Private Individual(s)","Private Individual(s)",FALSE,TRUE
986,"32212","Houghton",70,70,311,79.6141479099678,81.6913183279743,2.07717041800643,2.07717041800643,"Private Individual(s)","Private Individual(s)",FALSE,TRUE
987,"26022","Houghton",80,80,365,81.654794520548,83.7315068493151,2.07671232876712,2.07671232876712,"Private Individual(s)","Private Individual(s)",FALSE,TRUE
988,"19782","Keweenaw",30.75,30.75,162,79.6975308641975,81.7716049382716,2.07407407407408,2.07407407407408,"Forest Industry","Forest Industry",FALSE,TRUE
989,"12061","Keweenaw",511.25,NA,2311,77.6287321505842,75.5607961921246,-2.06793595845953,2.06793595845953,"Forest Industry","non-CFP in 2026",FALSE,FALSE
990,"27102","Keweenaw",320,320,1435,76.5240418118467,78.590243902439,2.06620209059234,2.06620209059234,"Forest Industry","Other Business",TRUE,TRUE
991,"19043","Keweenaw",40,40,176,82.2329545454545,84.2954545454545,2.0625,2.0625,"Forest Industry","Forest Industry",FALSE,TRUE
992,"11937","Keweenaw",560,560,2501,78.8184726109556,80.8760495801679,2.05757696921231,2.05757696921231,"Forest Industry","Forest Industry",FALSE,TRUE
993,"23304","Keweenaw",78.67,NA,348,55.1551724137931,57.2097701149425,2.05459770114943,2.05459770114943,"Forest Industry","non-CFP in 2026",FALSE,FALSE
994,"5178","Keweenaw",80,80,352,77.7698863636364,79.8210227272727,2.05113636363637,2.05113636363637,"Forest Industry","Forest Industry",FALSE,TRUE
995,"20448","Houghton",40,40,177,79.7401129943503,81.7909604519774,2.05084745762711,2.05084745762711,"Forest Industry","Private Individual(s)",TRUE,TRUE
996,"10374","Houghton",640,640,2882,81.4226231783484,83.4618320610687,2.03920888272033,2.03920888272033,"Forest Industry","Forest Industry",FALSE,TRUE
997,"17630","Houghton",316.32,316.32,1355,80.630258302583,82.6627306273063,2.03247232472324,2.03247232472324,"Forest Industry","Trust",TRUE,TRUE
998,"6090","Houghton",40,40,188,70.7712765957447,72.8031914893617,2.03191489361703,2.03191489361703,"Private Individual(s)","Private Individual(s)",FALSE,TRUE
999,"17586","Houghton",40,NA,178,69.0056179775281,71.0337078651685,2.02808988764045,2.02808988764045,"Other","non-CFP in 2026",FALSE,FALSE
1000,"12037","Keweenaw",80,80,367,81.3841961852861,83.4059945504087,2.02179836512262,2.02179836512262,"Forest Industry","Forest Industry",FALSE,TRUE
1001,"10201","Houghton",648.41,648.41,2882,75.0097154753643,72.9895905621096,-2.02012491325469,2.02012491325469,"Forest Industry","Forest Industry",FALSE,TRUE
1002,"27103","Keweenaw",80,80,367,78.158038147139,80.1771117166213,2.01907356948229,2.01907356948229,"Forest Industry","Other Business",TRUE,TRUE
1003,"10215","Houghton",320,320,1407,80.2480454868515,82.2544420753376,2.00639658848614,2.00639658848614,"Forest Industry","Forest Industry",FALSE,TRUE
1004,"12110","Keweenaw",160,160,736,74.3342391304348,72.3410326086957,-1.99320652173913,1.99320652173913,"Forest Industry","Forest Industry",FALSE,TRUE
1005,"10383","Houghton",320,320,1412,78.429178470255,80.4178470254957,1.98866855524079,1.98866855524079,"Forest Industry","Forest Industry",FALSE,TRUE
1006,"16129","Houghton",640,640,2941,81.0625637538252,83.0411424685481,1.97857871472289,1.97857871472289,"Forest Industry","Forest Industry",FALSE,TRUE
1007,"16939","Houghton",160,160,686,79.634110787172,81.6093294460641,1.97521865889213,1.97521865889213,"Other Business","Other Business",FALSE,TRUE
1008,"21468","Keweenaw",40,40,184,73.3913043478261,75.3586956521739,1.96739130434781,1.96739130434781,"Forest Industry","Other Business",TRUE,TRUE
1009,"16906","Keweenaw",80,80,361,80.7700831024931,78.814404432133,-1.95567867036011,1.95567867036011,"Other Business","Forest Industry",TRUE,TRUE
1010,"4909","Houghton",80,80,358,81.304469273743,83.2541899441341,1.94972067039107,1.94972067039107,"Forest Industry","Forest Industry",FALSE,TRUE
1011,"32782","Keweenaw",280,NA,1246,75.2319422150883,77.1765650080257,1.94462279293739,1.94462279293739,"Forest Industry","non-CFP in 2026",FALSE,FALSE
1012,"19788","Keweenaw",80,80,353,75.2152974504249,77.1586402266289,1.94334277620396,1.94334277620396,"Forest Industry","Forest Industry",FALSE,TRUE
1013,"29212","Houghton",480,480,2146,80.7301957129543,82.6710158434296,1.94082013047532,1.94082013047532,"Private Individual(s)","Other Business",TRUE,TRUE
1014,"19719","Keweenaw",20,20,92,72.6739130434783,70.7391304347826,-1.93478260869566,1.93478260869566,"Forest Industry","Forest Industry",FALSE,TRUE
1015,"17938","Houghton",80,80,355,77.5549295774648,79.4788732394366,1.92394366197183,1.92394366197183,"Private Individual(s)","Private Individual(s)",FALSE,TRUE
1016,"32243","Houghton",80,80,351,81.8034188034188,83.7236467236467,1.92022792022792,1.92022792022792,"Private Individual(s)","Private Individual(s)",FALSE,TRUE
1017,"23212","Keweenaw",80,80,358,65.0055865921788,63.0865921787709,-1.91899441340782,1.91899441340782,"Forest Industry","Other Business",TRUE,TRUE
1018,"18840","Houghton",40,40,172,81.4069767441861,83.3255813953488,1.91860465116278,1.91860465116278,"Private Individual(s)","Other Business",TRUE,TRUE
1019,"16119","Houghton",80,80,363,82.1790633608815,80.2617079889807,-1.91735537190083,1.91735537190083,"Forest Industry","Forest Industry",FALSE,TRUE
1020,"10300","Houghton",80,NA,367,81.6594005449591,83.574931880109,1.91553133514986,1.91553133514986,"Forest Industry","non-CFP in 2026",FALSE,FALSE
1021,"19763","Keweenaw",80,80,360,71.275,69.3611111111111,-1.91388888888889,1.91388888888889,"Forest Industry","Other Business",TRUE,TRUE
1022,"10168","Houghton",640,640,2829,77.4711912336515,75.5585012371863,-1.91268999646518,1.91268999646518,"Forest Industry","Forest Industry",FALSE,TRUE
1023,"4954","Houghton",80,80,360,83.1027777777778,85.0138888888889,1.91111111111111,1.91111111111111,"Forest Industry","Forest Industry",FALSE,TRUE
1024,"23225","Keweenaw",40,40,180,63.4888888888889,61.5777777777778,-1.91111111111111,1.91111111111111,"Forest Industry","Other Business",TRUE,TRUE
1025,"28453","Houghton",40,40,177,77.8135593220339,79.7231638418079,1.90960451977401,1.90960451977401,"Private Individual(s)","Private Individual(s)",FALSE,TRUE
1026,"4970","Houghton",40,40,180,82.0555555555556,83.9555555555555,1.89999999999999,1.89999999999999,"Other","Other",FALSE,TRUE
1027,"10388","Houghton",320,320,1433,79.6608513607816,81.5540823447313,1.89323098394975,1.89323098394975,"Forest Industry","Forest Industry",FALSE,TRUE
1028,"5281","Keweenaw",40,40,176,74.6306818181818,72.7386363636364,-1.89204545454545,1.89204545454545,"Private Individual(s)","Private Individual(s)",FALSE,TRUE
1029,"12112","Keweenaw",160,NA,731,74.3857729138167,76.2777017783858,1.89192886456908,1.89192886456908,"Forest Industry","non-CFP in 2026",FALSE,FALSE
1030,"4895","Houghton",80,80,365,82.8054794520548,84.6931506849315,1.88767123287671,1.88767123287671,"Private Individual(s)","Private Individual(s)",FALSE,TRUE
1031,"30108","Houghton",20,20,88,82.6022727272727,84.4886363636364,1.88636363636363,1.88636363636363,"Private Individual(s)","Private Individual(s)",FALSE,TRUE
1032,"11936","Keweenaw",80,80,370,80.5675675675676,82.445945945946,1.87837837837839,1.87837837837839,"Forest Industry","Forest Industry",FALSE,TRUE
1033,"10269","Houghton",480,480,2146,76.2781919850885,74.4026095060578,-1.87558247903075,1.87558247903075,"Forest Industry","Forest Industry",FALSE,TRUE
1034,"5152","Houghton",160,160,705,76.041134751773,74.1673758865248,-1.87375886524822,1.87375886524822,"Forest Industry","Forest Industry",FALSE,TRUE
1035,"17343","Houghton",40,NA,181,66.5082872928177,68.3812154696133,1.87292817679558,1.87292817679558,"Private Individual(s)","non-CFP in 2026",FALSE,FALSE
1036,"5258","Keweenaw",300,300,1332,75.4932432432432,77.3588588588589,1.86561561561561,1.86561561561561,"Forest Industry","Other Business",TRUE,TRUE
1037,"5193","Keweenaw",34.15,34.15,161,78.5341614906832,80.3975155279503,1.86335403726707,1.86335403726707,"Forest Industry","Forest Industry",FALSE,TRUE
1038,"906","Houghton",40,40,178,82.9213483146067,84.7808988764045,1.85955056179775,1.85955056179775,"Private Individual(s)","Trust",TRUE,TRUE
1039,"16899","Houghton",39.57,39.57,183,80.7431693989071,82.6010928961749,1.85792349726776,1.85792349726776,"Private Individual(s)","Private Individual(s)",FALSE,TRUE
1040,"33322","Keweenaw",42.5,42.5,188,76.4627659574468,78.3191489361702,1.8563829787234,1.8563829787234,"Private Individual(s)","Private Individual(s)",FALSE,TRUE
1041,"35377","Houghton",40,40,180,78.9388888888889,80.7944444444445,1.85555555555557,1.85555555555557,"Other Business","Other Business",FALSE,TRUE
1042,"19696","Keweenaw",20,20,88,80.6136363636364,82.4659090909091,1.85227272727273,1.85227272727273,"Forest Industry","Forest Industry",FALSE,TRUE
1043,"18953","Keweenaw",80,80,359,80.7019498607242,78.8523676880223,-1.84958217270194,1.84958217270194,"Other Business","Forest Industry",TRUE,TRUE
1044,"21464","Keweenaw",80,NA,333,73.9339339339339,75.7777777777778,1.84384384384384,1.84384384384384,"Forest Industry","non-CFP in 2026",FALSE,FALSE
1045,"19263","Houghton",160,160,713,79.5259467040673,77.6830294530154,-1.8429172510519,1.8429172510519,"Forest Industry","Forest Industry",FALSE,TRUE
1046,"26764","Houghton",40,40,187,81.096256684492,82.9358288770053,1.83957219251337,1.83957219251337,"Private Individual(s)","Private Individual(s)",FALSE,TRUE
1047,"19059","Keweenaw",320,320,1419,72.292459478506,74.1282593375617,1.83579985905567,1.83579985905567,"Forest Industry","Forest Industry",FALSE,TRUE
1048,"28328","Houghton",67.14,67.14,314,74.5,76.3216560509554,1.82165605095541,1.82165605095541,"Forest Industry","Forest Industry",FALSE,TRUE
1049,"17995","Keweenaw",264.6,264.6,1368,64.3574561403509,66.1739766081871,1.81652046783626,1.81652046783626,"Forest Industry","Other Business",TRUE,TRUE
1050,"19057","Keweenaw",80,80,362,58.1160220994475,59.9281767955801,1.81215469613259,1.81215469613259,"Private Individual(s)","Private Group",TRUE,TRUE
1051,"23169","Houghton",80,80,343,81.4373177842566,83.2478134110787,1.81049562682216,1.81049562682216,"Private Individual(s)","Private Individual(s)",FALSE,TRUE
1052,"33178","Keweenaw",32,32,115,78.8086956521739,80.6173913043478,1.80869565217391,1.80869565217391,"Private Individual(s)","Private Individual(s)",FALSE,TRUE
1053,"29214","Houghton",39.91,39.91,188,72.6595744680851,74.468085106383,1.80851063829786,1.80851063829786,"Private Individual(s)","Other Business",TRUE,TRUE
1054,"17614","Houghton",84.9,84.9,412,72.7645631067961,74.5703883495146,1.80582524271844,1.80582524271844,"Forest Industry","Forest Industry",FALSE,TRUE
1055,"6098","Houghton",80,80,376,70.5106382978723,68.7127659574468,-1.79787234042554,1.79787234042554,"Private Individual(s)","Private Group",TRUE,TRUE
1056,"3534","Houghton",29.3,29.3,152,71.7960526315789,73.5921052631579,1.79605263157895,1.79605263157895,"Forest Industry","Forest Industry",FALSE,TRUE
1057,"33647","Houghton",40,40,176,72.8409090909091,74.6306818181818,1.78977272727272,1.78977272727272,"Private Individual(s)","Private Individual(s)",FALSE,TRUE
1058,"5262","Keweenaw",40,40,180,79.2444444444444,77.4611111111111,-1.78333333333333,1.78333333333333,"Forest Industry","Other Business",TRUE,TRUE
1059,"26046","Houghton",73.94,73.94,358,74.7011173184357,76.4804469273743,1.77932960893855,1.77932960893855,"Forest Industry","Forest Industry",FALSE,TRUE
1060,"30316","Keweenaw",160,160,728,77.1016483516484,78.8804945054945,1.77884615384616,1.77884615384616,"Forest Industry","Other Business",TRUE,TRUE
1061,"30680","Keweenaw",80,80,368,75.6739130434783,77.4510869565217,1.77717391304347,1.77717391304347,"Forest Industry","Other Business",TRUE,TRUE
1062,"32624","Houghton",40,40,166,81.5361445783133,83.3132530120482,1.77710843373494,1.77710843373494,"Private Individual(s)","Forest Industry",TRUE,TRUE
1063,"20222","Houghton",40,40,174,79.4310344827586,77.6551724137931,-1.77586206896551,1.77586206896551,"Forest Industry","Forest Industry",FALSE,TRUE
1064,"6013","Houghton",40,40,179,75.9162011173184,77.6871508379888,1.77094972067039,1.77094972067039,"Forest Industry","Forest Industry",FALSE,TRUE
1065,"19498","Houghton",40,40,183,70.8196721311475,72.5901639344262,1.77049180327869,1.77049180327869,"Forest Industry","Private Individual(s)",TRUE,TRUE
1066,"35160","Houghton",80,80,357,80.1540616246499,81.9243697478992,1.77030812324931,1.77030812324931,"Private Individual(s)","Private Individual(s)",FALSE,TRUE
1067,"18015","Keweenaw",240,240,1082,75.0101663585952,76.7800369685767,1.76987060998151,1.76987060998151,"Forest Industry","Forest Industry",FALSE,TRUE
1068,"10422","Houghton",640,640,2866,70.3565945568737,68.5896720167481,-1.76692254012561,1.76692254012561,"Forest Industry","Forest Industry",FALSE,TRUE
1069,"34889","Houghton",40,40,180,69.7111111111111,71.4777777777778,1.76666666666667,1.76666666666667,"Forest Industry","Forest Industry",FALSE,TRUE
1070,"16085","Houghton",80,80,362,82.5635359116022,80.7983425414365,-1.76519337016575,1.76519337016575,"Forest Industry","Forest Industry",FALSE,TRUE
1071,"19759","Keweenaw",35.55,35.55,167,74.4251497005988,76.185628742515,1.76047904191616,1.76047904191616,"Forest Industry","Other Business",TRUE,TRUE
1072,"788","Keweenaw",320,NA,1404,67.1752136752137,68.9323361823362,1.75712250712252,1.75712250712252,"Forest Industry","non-CFP in 2026",FALSE,FALSE
1073,"31193","Keweenaw",130,130,588,79.9489795918367,81.7040816326531,1.75510204081633,1.75510204081633,"Other Business","Private Individual(s)",TRUE,TRUE
1074,"22451","Houghton",57.3,57.3,276,76.2934782608696,78.0471014492754,1.7536231884058,1.7536231884058,"Private Individual(s)","Private Individual(s)",FALSE,TRUE
1075,"18951","Keweenaw",33.75,33.75,158,79.2974683544304,77.5443037974684,-1.75316455696202,1.75316455696202,"Other Business","Forest Industry",TRUE,TRUE
1076,"6081","Houghton",80,80,364,82.6318681318681,84.3791208791209,1.74725274725274,1.74725274725274,"Private Individual(s)","Private Individual(s)",FALSE,TRUE
1077,"17342","Houghton",39.84,NA,178,73.3651685393258,75.1123595505618,1.74719101123596,1.74719101123596,"Private Individual(s)","non-CFP in 2026",FALSE,FALSE
1078,"28006","Houghton",40,NA,181,76.5524861878453,74.8066298342541,-1.74585635359117,1.74585635359117,"Private Individual(s)","non-CFP in 2026",FALSE,FALSE
1079,"33688","Houghton",35,35,158,50.2848101265823,48.5443037974684,-1.74050632911393,1.74050632911393,"Private Individual(s)","Private Individual(s)",FALSE,TRUE
1080,"11931","Keweenaw",480,480,2136,79.4714419475655,81.2106741573034,1.73923220973784,1.73923220973784,"Forest Industry","Forest Industry",FALSE,TRUE
1081,"4210","Keweenaw",160,160,708,80.9152542372881,82.6511299435028,1.73587570621469,1.73587570621469,"Forest Industry","Forest Industry",FALSE,TRUE
1082,"10316","Houghton",40,40,182,83.3296703296703,85.0549450549451,1.72527472527472,1.72527472527472,"Private Individual(s)","Private Individual(s)",FALSE,TRUE
1083,"28457","Houghton",40,40,181,82.5469613259668,84.2707182320442,1.72375690607736,1.72375690607736,"Private Individual(s)","Private Individual(s)",FALSE,TRUE
1084,"6172","Keweenaw",29.84,29.84,121,75.8099173553719,77.5289256198347,1.71900826446281,1.71900826446281,"Forest Industry","Forest Industry",FALSE,TRUE
1085,"10296","Houghton",81.25,81.25,370,81.1378378378378,82.8567567567568,1.71891891891892,1.71891891891892,"Private Individual(s)","Private Individual(s)",FALSE,TRUE
1086,"23742","Houghton",207.51,NA,1027,60.666017526777,62.3836416747809,1.7176241480039,1.7176241480039,"Forest Industry","non-CFP in 2026",FALSE,FALSE
1087,"17677","Houghton",40,40,181,73.7569060773481,72.0497237569061,-1.70718232044199,1.70718232044199,"Forest Industry","Forest Industry",FALSE,TRUE
1088,"29307","Houghton",160,160,719,70.7399165507649,72.4464534075104,1.70653685674549,1.70653685674549,"Private Individual(s)","Private Individual(s)",FALSE,TRUE
1089,"35551","Keweenaw",40,40,176,71.1988636363636,72.9034090909091,1.70454545454545,1.70454545454545,"Private Individual(s)","Private Individual(s)",FALSE,TRUE
1090,"35371","Houghton",40,40,179,81.8882681564246,83.5921787709497,1.70391061452513,1.70391061452513,"Private Individual(s)","Private Individual(s)",FALSE,TRUE
1091,"4947","Houghton",160,160,709,69.5937940761636,71.2933709449929,1.69957686882934,1.69957686882934,"Forest Industry","Forest Industry",FALSE,TRUE
1092,"30146","Houghton",160,160,727,80.4993122420908,82.1980742778542,1.69876203576341,1.69876203576341,"Private Individual(s)","Private Individual(s)",FALSE,TRUE
1093,"17531","Houghton",40,NA,179,80.8994413407821,79.2011173184357,-1.69832402234637,1.69832402234637,"Forest Industry","non-CFP in 2026",FALSE,FALSE
1094,"11924","Keweenaw",200,200,897,78.5763656633222,80.2742474916388,1.69788182831661,1.69788182831661,"Forest Industry","Forest Industry",FALSE,TRUE
1095,"20434","Houghton",80,80,350,82.2342857142857,83.9285714285714,1.69428571428571,1.69428571428571,"Private Individual(s)","Private Individual(s)",FALSE,TRUE
1096,"17489","Houghton",320,320,1416,76.5416666666667,78.2323446327684,1.69067796610169,1.69067796610169,"Forest Industry","Forest Industry",FALSE,TRUE
1097,"4908","Houghton",40,40,178,81.2359550561798,82.9213483146067,1.68539325842697,1.68539325842697,"Forest Industry","Forest Industry",FALSE,TRUE
1098,"16265","Keweenaw",160,160,718,79.1657381615599,80.8509749303621,1.68523676880223,1.68523676880223,"Forest Industry","Forest Industry",FALSE,TRUE
1099,"10247","Houghton",40,40,177,84.3333333333333,86.0169491525424,1.68361581920904,1.68361581920904,"Other","Other",FALSE,TRUE
1100,"32900","Keweenaw",73.2,NA,357,66.6610644257703,68.344537815126,1.68347338935574,1.68347338935574,"Private Individual(s)","non-CFP in 2026",FALSE,FALSE
1101,"22754","Keweenaw",40,40,175,73.8571428571429,75.5371428571429,1.67999999999999,1.67999999999999,"Private Individual(s)","Private Individual(s)",FALSE,TRUE
1102,"6048","Houghton",40,40,187,70.1122994652406,71.7914438502674,1.67914438502675,1.67914438502675,"Private Individual(s)","Private Individual(s)",FALSE,TRUE
1103,"29958","Keweenaw",40,40,180,78.2555555555556,79.9333333333333,1.67777777777778,1.67777777777778,"Forest Industry","Other Business",TRUE,TRUE
1104,"30140","Houghton",70,70,317,80.2776025236593,81.9526813880126,1.67507886435331,1.67507886435331,"Other Business","Other Business",FALSE,TRUE
1105,"17154","Houghton",40,40,180,82.4111111111111,84.0833333333333,1.67222222222222,1.67222222222222,"Private Individual(s)","Private Individual(s)",FALSE,TRUE
1106,"30308","Keweenaw",160,160,693,80.7402597402597,82.4083694083694,1.66810966810966,1.66810966810966,"Forest Industry","Other Business",TRUE,TRUE
1107,"10354","Houghton",80,80,360,74.6972222222222,73.0305555555556,-1.66666666666667,1.66666666666667,"Forest Industry","Forest Industry",FALSE,TRUE
1108,"6016","Houghton",320,320,1419,82.984496124031,84.6490486257928,1.6645525017618,1.6645525017618,"Other Business","Other Business",FALSE,TRUE
1109,"10329","Houghton",600,600,2584,80.0518575851393,78.3881578947368,-1.66369969040248,1.66369969040248,"Forest Industry","Forest Industry",FALSE,TRUE
1110,"21883","Houghton",80,80,358,76.6871508379888,78.3491620111732,1.66201117318435,1.66201117318435,"Private Individual(s)","Private Individual(s)",FALSE,TRUE
1111,"29097","Keweenaw",60,60,260,80.1115384615385,81.7730769230769,1.66153846153847,1.66153846153847,"Forest Industry","Forest Industry",FALSE,TRUE
1112,"29362","Houghton",40,40,182,82.0659340659341,83.7252747252747,1.65934065934066,1.65934065934066,"Private Individual(s)","Private Individual(s)",FALSE,TRUE
1113,"19688","Houghton",20,20,88,83.0113636363636,84.6704545454545,1.65909090909091,1.65909090909091,"Forest Industry","Forest Industry",FALSE,TRUE
1114,"19743","Keweenaw",160,160,705,75.5829787234043,77.2382978723404,1.65531914893617,1.65531914893617,"Forest Industry","Other Business",TRUE,TRUE
1115,"5498","Houghton",280,280,1259,80.6258935663225,82.2803812549643,1.65448768864178,1.65448768864178,"Private Individual(s)","Private Individual(s)",FALSE,TRUE
1116,"29211","Houghton",240,240,1009,80.1298315163528,78.4767096134787,-1.65312190287413,1.65312190287413,"Private Individual(s)","Other Business",TRUE,TRUE
1117,"16112","Houghton",64.28,64.28,363,68.8484848484848,70.5013774104683,1.65289256198348,1.65289256198348,"Forest Industry","Forest Industry",FALSE,TRUE
1118,"3532","Houghton",40,40,192,80.0364583333333,81.6875,1.65104166666667,1.65104166666667,"Forest Industry","Forest Industry",FALSE,TRUE
1119,"22823","Houghton",53.2,53.2,220,79.9818181818182,81.6272727272727,1.64545454545454,1.64545454545454,"Private Individual(s)","Private Individual(s)",FALSE,TRUE
1120,"20436","Houghton",80,80,356,82.6320224719101,84.2752808988764,1.64325842696628,1.64325842696628,"Private Individual(s)","Private Individual(s)",FALSE,TRUE
1121,"31194","Keweenaw",202,202,856,79.1693925233645,80.8119158878505,1.64252336448598,1.64252336448598,"Other Business","Other Business",FALSE,TRUE
1122,"10225","Houghton",40,40,204,77.9558823529412,79.5980392156863,1.6421568627451,1.6421568627451,"Forest Industry","Forest Industry",FALSE,TRUE
1123,"17437","Keweenaw",80,80,365,80.6082191780822,82.2493150684931,1.64109589041095,1.64109589041095,"Other","Other",FALSE,TRUE
1124,"17539","Houghton",40,40,186,54.7956989247312,56.4354838709677,1.63978494623656,1.63978494623656,"Forest Industry","Forest Industry",FALSE,TRUE
1125,"11916","Keweenaw",160,160,713,75.6185133239832,77.249649368864,1.63113604488079,1.63113604488079,"Forest Industry","Forest Industry",FALSE,TRUE
1126,"10222","Houghton",60,60,267,77.2397003745318,78.8689138576779,1.62921348314606,1.62921348314606,"Private Individual(s)","Private Individual(s)",FALSE,TRUE
1127,"31965","Houghton",79.23,79.23,358,73.5446927374302,75.1703910614525,1.62569832402235,1.62569832402235,"Private Individual(s)","Private Individual(s)",FALSE,TRUE
1128,"30419","Houghton",80,80,357,77.4341736694678,75.812324929972,-1.62184873949579,1.62184873949579,"Other Business","Other Business",FALSE,TRUE
1129,"33000","Houghton",40,NA,179,64.8994413407821,63.2793296089385,-1.62011173184357,1.62011173184357,"Private Individual(s)","non-CFP in 2026",FALSE,FALSE
1130,"28976","Houghton",40,40,163,80.9079754601227,82.5276073619632,1.61963190184049,1.61963190184049,"Forest Industry","Forest Industry",FALSE,TRUE
1131,"18990","Keweenaw",240,240,1057,81.3207190160833,82.9394512771996,1.61873226111636,1.61873226111636,"Private Individual(s)","Private Individual(s)",FALSE,TRUE
1132,"10413","Houghton",242.83,242.83,1077,77.6388115134633,79.2571959145775,1.61838440111421,1.61838440111421,"Forest Industry","Forest Industry",FALSE,TRUE
1133,"4989","Houghton",40,40,183,79.0765027322404,80.6885245901639,1.61202185792349,1.61202185792349,"Private Individual(s)","Private Individual(s)",FALSE,TRUE
1134,"5087","Houghton",40,40,189,70.0634920634921,68.4550264550265,-1.60846560846561,1.60846560846561,"Forest Industry","Forest Industry",FALSE,TRUE
1135,"27122","Houghton",40,NA,181,82.1270718232044,83.7348066298343,1.60773480662984,1.60773480662984,"Other Business","non-CFP in 2026",FALSE,FALSE
1136,"12102","Keweenaw",240,240,1050,74.3085714285714,75.9152380952381,1.60666666666667,1.60666666666667,"Forest Industry","Forest Industry",FALSE,TRUE
1137,"19778","Keweenaw",40,40,179,74.6368715083799,73.0335195530726,-1.60335195530726,1.60335195530726,"Forest Industry","Other Business",TRUE,TRUE
1138,"30045","Houghton",40,40,176,79.375,80.9772727272727,1.60227272727273,1.60227272727273,"Private Individual(s)","Private Individual(s)",FALSE,TRUE
1139,"20343","Keweenaw",80,80,361,78.5650969529086,76.9639889196676,-1.601108033241,1.601108033241,"Other Business","Forest Industry",TRUE,TRUE
1140,"11941","Keweenaw",160,160,727,77.9862448418157,79.5873452544704,1.60110041265474,1.60110041265474,"Forest Industry","Forest Industry",FALSE,TRUE
1141,"5076","Houghton",320,320,1464,79.1693989071038,77.568306010929,-1.60109289617486,1.60109289617486,"Forest Industry","Forest Industry",FALSE,TRUE
1142,"34590","Houghton",80,80,363,81.8567493112948,83.4545454545455,1.59779614325069,1.59779614325069,"Other Business","Other Business",FALSE,TRUE
1143,"33537","Houghton",238,NA,1083,77.8845798707295,76.2871652816251,-1.59741458910433,1.59741458910433,"Other Business","non-CFP in 2026",FALSE,FALSE
1144,"16130","Houghton",160,160,720,82.9416666666667,84.5388888888889,1.59722222222223,1.59722222222223,"Forest Industry","Forest Industry",FALSE,TRUE
1145,"11922","Keweenaw",320.75,320.75,1432,70.9392458100559,72.5356145251397,1.5963687150838,1.5963687150838,"Forest Industry","Forest Industry",FALSE,TRUE
1146,"21890","Houghton",40,40,180,81.6722222222222,83.2666666666667,1.59444444444445,1.59444444444445,"Forest Industry","Forest Industry",FALSE,TRUE
1147,"20791","Houghton",80,80,358,81.2905027932961,82.877094972067,1.58659217877096,1.58659217877096,"Private Individual(s)","Other Business",TRUE,TRUE
1148,"10237","Houghton",40,40,163,77.9263803680982,76.3435582822086,-1.58282208588957,1.58282208588957,"Forest Industry","Forest Industry",FALSE,TRUE
1149,"17438","Keweenaw",160,160,726,76.2933884297521,77.8746556473829,1.58126721763085,1.58126721763085,"Forest Industry","Other Business",TRUE,TRUE
1150,"23274","Keweenaw",200,200,897,73.2363433667781,74.8171683389075,1.58082497212932,1.58082497212932,"Forest Industry","Forest Industry",FALSE,TRUE
1151,"32040","Houghton",40,40,181,69.8508287292818,71.4309392265193,1.58011049723757,1.58011049723757,"Private Individual(s)","Private Individual(s)",FALSE,TRUE
1152,"12070","Keweenaw",442.43,442.43,1940,71.619587628866,73.1989690721649,1.57938144329896,1.57938144329896,"Forest Industry","Other Business",TRUE,TRUE
1153,"16259","Keweenaw",82.88,82.88,380,80.9315789473684,82.5105263157895,1.57894736842105,1.57894736842105,"Forest Industry","Forest Industry",FALSE,TRUE
1154,"33714","Houghton",35.39,35.39,142,57.3943661971831,55.8169014084507,-1.57746478873239,1.57746478873239,"Forest Industry","Forest Industry",FALSE,TRUE
1155,"10230","Houghton",40,40,175,78.4457142857143,80.0228571428571,1.57714285714286,1.57714285714286,"Forest Industry","Forest Industry",FALSE,TRUE
1156,"782","Keweenaw",40,40,178,76.4775280898876,74.9044943820225,-1.57303370786516,1.57303370786516,"Forest Industry","Forest Industry",FALSE,TRUE
1157,"30423","Houghton",40,40,166,83.6987951807229,85.2710843373494,1.5722891566265,1.5722891566265,"Private Individual(s)","Private Individual(s)",FALSE,TRUE
1158,"3381","Keweenaw",80,80,364,77.0851648351648,78.6565934065934,1.57142857142857,1.57142857142857,"Forest Industry","Forest Industry",FALSE,TRUE
1159,"870","Houghton",80,80,362,82.4337016574586,84,1.56629834254143,1.56629834254143,"Private Individual(s)","Trust",TRUE,TRUE
1160,"23310","Keweenaw",40,40,175,77.5257142857143,75.96,-1.56571428571429,1.56571428571429,"Club or Group","Other",TRUE,TRUE
1161,"16993","Houghton",60.75,60.75,274,79.1678832116788,77.6021897810219,-1.56569343065694,1.56569343065694,"Forest Industry","Forest Industry",FALSE,TRUE
1162,"29988","Houghton",40,40,170,72.9470588235294,74.5117647058824,1.56470588235294,1.56470588235294,"Private Individual(s)","Other Business",TRUE,TRUE
1163,"29854","Houghton",55.3,55.3,185,58.2486486486486,59.8108108108108,1.56216216216217,1.56216216216217,"Forest Industry","Forest Industry",FALSE,TRUE
1164,"18839","Houghton",40,40,173,80.8670520231214,82.4277456647399,1.5606936416185,1.5606936416185,"Private Individual(s)","Other Business",TRUE,TRUE
1165,"35480","Keweenaw",320,320,1418,80.3392101551481,81.8998589562764,1.56064880112835,1.56064880112835,"Forest Industry","Forest Industry",FALSE,TRUE
1166,"19781","Keweenaw",40,40,179,81.6256983240224,83.1843575418994,1.55865921787709,1.55865921787709,"Forest Industry","Forest Industry",FALSE,TRUE
1167,"5081","Houghton",640,640,3040,78.8904605263158,80.4430921052632,1.55263157894737,1.55263157894737,"Forest Industry","Forest Industry",FALSE,TRUE
1168,"6112","Keweenaw",80,80,352,83.5085227272727,85.0539772727273,1.54545454545453,1.54545454545453,"Forest Industry","Forest Industry",FALSE,TRUE
1169,"22732","Houghton",40,40,180,77.7055555555555,79.25,1.54444444444445,1.54444444444445,"Private Individual(s)","Private Individual(s)",FALSE,TRUE
1170,"31333","Houghton",40,NA,180,82.2833333333333,80.75,-1.53333333333333,1.53333333333333,"Private Individual(s)","non-CFP in 2026",FALSE,FALSE
1171,"28246","Houghton",100.16,100.16,448,74.5647321428571,76.0915178571429,1.52678571428572,1.52678571428572,"Forest Industry","Other Business",TRUE,TRUE
1172,"6130","Keweenaw",40,40,175,82.6914285714286,84.2114285714286,1.52,1.52,"Forest Industry","Forest Industry",FALSE,TRUE
1173,"4912","Houghton",160,160,708,77.454802259887,78.9675141242938,1.51271186440678,1.51271186440678,"Forest Industry","Forest Industry",FALSE,TRUE
1174,"22834","Houghton",40,40,175,83.32,84.8285714285714,1.50857142857143,1.50857142857143,"Other Business","Other Business",FALSE,TRUE
1175,"16266","Keweenaw",160,160,717,81.6931659693166,80.1854951185495,-1.50767085076708,1.50767085076708,"Forest Industry","Forest Industry",FALSE,TRUE
1176,"23205","Keweenaw",160,160,704,72.8735795454545,74.3806818181818,1.50710227272727,1.50710227272727,"Forest Industry","Other Business",TRUE,TRUE
1177,"35670","Houghton",35.5,35.5,162,56.4567901234568,57.962962962963,1.50617283950617,1.50617283950617,"Forest Industry","Forest Industry",FALSE,TRUE
1178,"5146","Houghton",20,20,87,80.2068965517241,81.7126436781609,1.50574712643677,1.50574712643677,"Forest Industry","Forest Industry",FALSE,TRUE
1179,"12028","Keweenaw",640,640,2877,82.6989920055614,84.2026416405978,1.5036496350365,1.5036496350365,"Forest Industry","Forest Industry",FALSE,TRUE
1180,"20454","Keweenaw",160,160,727,78.9642365887208,80.4676753782668,1.50343878954608,1.50343878954608,"Private Individual(s)","Private Individual(s)",FALSE,TRUE
1181,"16088","Houghton",80,80,359,82.8105849582173,81.3119777158774,-1.49860724233984,1.49860724233984,"Forest Industry","Forest Industry",FALSE,TRUE
1182,"22075","Houghton",39.57,39.57,176,75.6477272727273,77.1420454545455,1.49431818181819,1.49431818181819,"Private Individual(s)","Trust",TRUE,TRUE
1183,"4999","Houghton",80,80,353,74.3541076487252,72.8640226628895,-1.49008498583569,1.49008498583569,"Private Individual(s)","Private Individual(s)",FALSE,TRUE
1184,"32265","Keweenaw",80,80,359,82.6796657381616,81.1922005571031,-1.4874651810585,1.4874651810585,"Forest Industry","Forest Industry",FALSE,TRUE
1185,"34168","Houghton",40,40,183,76.4371584699454,74.9508196721311,-1.48633879781421,1.48633879781421,"Forest Industry","Forest Industry",FALSE,TRUE
1186,"11945","Keweenaw",240,240,1069,81.9850327408793,80.4995322731525,-1.48550046772685,1.48550046772685,"Forest Industry","Forest Industry",FALSE,TRUE
1187,"16094","Houghton",565.75,565.75,2892,74.0878284923928,72.6030428769018,-1.48478561549101,1.48478561549101,"Forest Industry","Forest Industry",FALSE,TRUE
1188,"30168","Houghton",75,75,328,69.5121951219512,70.9878048780488,1.47560975609755,1.47560975609755,"Private Individual(s)","Private Individual(s)",FALSE,TRUE
1189,"29554","Houghton",121.58,121.58,543,81.3333333333333,82.8029465930018,1.46961325966851,1.46961325966851,"Private Individual(s)","Private Group",TRUE,TRUE
1190,"3533","Houghton",40,40,192,81.1197916666667,82.5885416666667,1.46875,1.46875,"Forest Industry","Forest Industry",FALSE,TRUE
1191,"22073","Houghton",320,320,1435,80.3567944250871,78.8885017421603,-1.46829268292683,1.46829268292683,"Forest Industry","Forest Industry",FALSE,TRUE
1192,"10312","Houghton",440,440,1989,77.1261940673705,78.5937657114128,1.46757164404224,1.46757164404224,"Forest Industry","Forest Industry",FALSE,TRUE
1193,"5145","Houghton",20,20,92,79.4782608695652,80.945652173913,1.46739130434783,1.46739130434783,"Forest Industry","Forest Industry",FALSE,TRUE
1194,"670","Houghton",40,40,180,83.4777777777778,84.9444444444444,1.46666666666667,1.46666666666667,"Private Individual(s)","Private Individual(s)",FALSE,TRUE
1195,"18539","Houghton",80,80,356,73.6320224719101,75.0983146067416,1.46629213483145,1.46629213483145,"Forest Industry","Forest Industry",FALSE,TRUE
1196,"27101","Keweenaw",220,220,982,76.7505091649694,78.2128309572301,1.4623217922607,1.4623217922607,"Forest Industry","Other Business",TRUE,TRUE
1197,"17462","Keweenaw",40,40,178,60.9044943820225,59.4438202247191,-1.46067415730337,1.46067415730337,"Other Business","Other Business",FALSE,TRUE
1198,"5169","Keweenaw",80,80,349,80.5759312320917,82.0343839541547,1.45845272206304,1.45845272206304,"Forest Industry","Forest Industry",FALSE,TRUE
1199,"16270","Keweenaw",80,80,355,72.6929577464789,71.2366197183099,-1.45633802816901,1.45633802816901,"Forest Industry","Forest Industry",FALSE,TRUE
1200,"30244","Houghton",45.75,45.75,196,79.0816326530612,77.6275510204082,-1.45408163265306,1.45408163265306,"Private Individual(s)","Private Individual(s)",FALSE,TRUE
1201,"5090","Houghton",80,80,354,82.590395480226,84.0423728813559,1.45197740112994,1.45197740112994,"Forest Industry","Forest Industry",FALSE,TRUE
1202,"33710","Houghton",30,30,133,79.187969924812,80.6390977443609,1.45112781954887,1.45112781954887,"Forest Industry","Forest Industry",FALSE,TRUE
1203,"20313","Houghton",80,80,364,80.1538461538462,81.6043956043956,1.45054945054945,1.45054945054945,"Private Individual(s)","Private Individual(s)",FALSE,TRUE
1204,"11921","Keweenaw",605.15,605.15,2655,78.9585687382298,80.4090395480226,1.45047080979285,1.45047080979285,"Forest Industry","Forest Industry",FALSE,TRUE
1205,"29759","Houghton",40,40,185,82.6918918918919,84.1405405405405,1.44864864864866,1.44864864864866,"Private Individual(s)","Trust",TRUE,TRUE
1206,"5261","Keweenaw",40,40,183,52.2896174863388,53.7377049180328,1.44808743169399,1.44808743169399,"Forest Industry","Other Business",TRUE,TRUE
1207,"28982","Keweenaw",80,80,355,79.1605633802817,80.6056338028169,1.44507042253521,1.44507042253521,"Forest Industry","Forest Industry",FALSE,TRUE
1208,"10220","Houghton",40,40,177,77.728813559322,79.1694915254237,1.44067796610169,1.44067796610169,"Private Individual(s)","Private Individual(s)",FALSE,TRUE
1209,"27588","Keweenaw",200,200,895,81.8458100558659,80.4055865921788,-1.44022346368716,1.44022346368716,"Forest Industry","Forest Industry",FALSE,TRUE
1210,"20442","Houghton",40,40,180,82.0833333333333,83.5222222222222,1.4388888888889,1.4388888888889,"Private Individual(s)","Private Individual(s)",FALSE,TRUE
1211,"33709","Houghton",148.76,148.76,666,77.6741741741742,76.2372372372372,-1.43693693693693,1.43693693693693,"Forest Industry","Forest Industry",FALSE,TRUE
1212,"17538","Houghton",160,160,747,83.239625167336,81.805890227577,-1.43373493975903,1.43373493975903,"Forest Industry","Forest Industry",FALSE,TRUE
1213,"17645","Houghton",40,40,180,65.65,64.2166666666667,-1.43333333333334,1.43333333333334,"Forest Industry","Forest Industry",FALSE,TRUE
1214,"18991","Keweenaw",121.93,121.93,565,76.716814159292,78.1486725663717,1.43185840707964,1.43185840707964,"Private Individual(s)","Private Individual(s)",FALSE,TRUE
1215,"16103","Houghton",80,80,353,80.628895184136,82.0594900849858,1.43059490084987,1.43059490084987,"Forest Industry","Forest Industry",FALSE,TRUE
1216,"18860","Houghton",30,NA,135,79.2074074074074,80.637037037037,1.42962962962963,1.42962962962963,"Forest Industry","non-CFP in 2026",FALSE,FALSE
1217,"10411","Houghton",482.88,482.88,2156,76.154452690167,77.5839517625232,1.42949907235621,1.42949907235621,"Forest Industry","Forest Industry",FALSE,TRUE
1218,"17607","Houghton",40,40,175,78.3142857142857,79.7428571428571,1.42857142857143,1.42857142857143,"Private Individual(s)","Private Individual(s)",FALSE,TRUE
1219,"33567","Houghton",35,NA,157,78.8917197452229,80.3184713375796,1.42675159235669,1.42675159235669,"Private Individual(s)","non-CFP in 2026",FALSE,FALSE
1220,"29960","Keweenaw",280,280,1252,77.5423322683706,78.9688498402556,1.42651757188499,1.42651757188499,"Forest Industry","Other Business",TRUE,TRUE
1221,"31763","Keweenaw",40,40,181,78.2762430939227,79.7016574585635,1.42541436464087,1.42541436464087,"Forest Industry","Forest Industry",FALSE,TRUE
1222,"4907","Houghton",40,40,179,79.804469273743,81.2290502793296,1.4245810055866,1.4245810055866,"Forest Industry","Forest Industry",FALSE,TRUE
1223,"21885","Houghton",40,40,179,80.6759776536313,82.1005586592179,1.4245810055866,1.4245810055866,"Private Individual(s)","Private Individual(s)",FALSE,TRUE
1224,"35109","Keweenaw",160,160,721,80.5478502080444,81.9708737864078,1.42302357836338,1.42302357836338,"Other Business","Other Business",FALSE,TRUE
1225,"16972","Houghton",40,NA,173,71.0404624277457,72.4624277456647,1.42196531791907,1.42196531791907,"Private Individual(s)","non-CFP in 2026",FALSE,FALSE
1226,"4973","Houghton",40,40,185,82.8756756756757,84.2972972972973,1.42162162162161,1.42162162162161,"Private Individual(s)","Private Individual(s)",FALSE,TRUE
1227,"11938","Keweenaw",80,80,363,82.4600550964187,83.8815426997245,1.42148760330579,1.42148760330579,"Forest Industry","Forest Industry",FALSE,TRUE
1228,"32664","Houghton",40.5,40.5,179,81.9720670391062,83.3854748603352,1.41340782122904,1.41340782122904,"Forest Industry","Forest Industry",FALSE,TRUE
1229,"23161","Houghton",80,80,362,83.1906077348066,81.7790055248619,-1.41160220994476,1.41160220994476,"Private Individual(s)","Private Individual(s)",FALSE,TRUE
1230,"6120","Keweenaw",80,80,355,80.3521126760563,81.7605633802817,1.40845070422536,1.40845070422536,"Forest Industry","Forest Industry",FALSE,TRUE
1231,"4974","Houghton",40,40,197,80.741116751269,82.1472081218274,1.40609137055837,1.40609137055837,"Private Individual(s)","Private Individual(s)",FALSE,TRUE
1232,"5125","Houghton",80,80,356,76.7640449438202,78.1657303370787,1.40168539325843,1.40168539325843,"Forest Industry","Forest Industry",FALSE,TRUE
1233,"5014","Houghton",649.57,649.57,2832,76.881709039548,78.2828389830509,1.40112994350282,1.40112994350282,"Forest Industry","Forest Industry",FALSE,TRUE
1234,"16818","Keweenaw",39.4,39.4,180,79.4388888888889,80.8388888888889,1.40000000000001,1.40000000000001,"Forest Industry","Forest Industry",FALSE,TRUE
1235,"22731","Houghton",40,40,179,83.145251396648,84.5418994413408,1.39664804469274,1.39664804469274,"Private Individual(s)","Private Individual(s)",FALSE,TRUE
1236,"31211","Keweenaw",295,NA,1286,72.9836702954899,71.5902021772939,-1.39346811819595,1.39346811819595,"Forest Industry","non-CFP in 2026",FALSE,FALSE
1237,"10157","Houghton",52.53,52.53,211,74.4739336492891,73.0805687203791,-1.39336492890995,1.39336492890995,"Forest Industry","Forest Industry",FALSE,TRUE
1238,"16273","Keweenaw",80,80,359,77.1364902506964,78.5236768802228,1.38718662952645,1.38718662952645,"Forest Industry","Forest Industry",FALSE,TRUE
1239,"23270","Keweenaw",80,NA,344,77.9331395348837,79.3139534883721,1.38081395348837,1.38081395348837,"Other","non-CFP in 2026",FALSE,FALSE
1240,"22733","Houghton",40,40,180,83.0944444444444,84.4722222222222,1.37777777777778,1.37777777777778,"Private Individual(s)","Private Individual(s)",FALSE,TRUE
1241,"17585","Houghton",40,NA,173,79.8843930635838,81.2543352601156,1.3699421965318,1.3699421965318,"Private Individual(s)","non-CFP in 2026",FALSE,FALSE
1242,"23175","Houghton",40,40,180,77.6777777777778,76.3111111111111,-1.36666666666666,1.36666666666666,"Forest Industry","Forest Industry",FALSE,TRUE
1243,"6083","Houghton",40,40,180,83.8777777777778,85.2444444444444,1.36666666666666,1.36666666666666,"Private Individual(s)","Private Individual(s)",FALSE,TRUE
1244,"5176","Keweenaw",320,320,1412,80.850566572238,82.2167138810198,1.36614730878186,1.36614730878186,"Forest Industry","Forest Industry",FALSE,TRUE
1245,"5175","Keweenaw",160,160,702,81.3988603988604,80.0327635327635,-1.36609686609685,1.36609686609685,"Forest Industry","Forest Industry",FALSE,TRUE
1246,"16901","Houghton",40,40,180,77,78.3611111111111,1.36111111111111,1.36111111111111,"Private Individual(s)","Private Individual(s)",FALSE,TRUE
1247,"17530","Houghton",160,160,698,82.2507163323782,83.60888252149,1.35816618911176,1.35816618911176,"Forest Industry","Forest Industry",FALSE,TRUE
1248,"15438","Houghton",160,160,710,79.1774647887324,77.8211267605634,-1.35633802816902,1.35633802816902,"Forest Industry","Forest Industry",FALSE,TRUE
1249,"31379","Houghton",400,400,1751,51.3181039406054,52.671045117076,1.35294117647059,1.35294117647059,"Forest Industry","Forest Industry",FALSE,TRUE
1250,"28118","Houghton",40,40,178,81.6179775280899,82.9662921348315,1.34831460674158,1.34831460674158,"Other","Private Individual(s)",TRUE,TRUE
1251,"16097","Houghton",640,640,2899,76.9430838220076,78.2897550879614,1.34667126595377,1.34667126595377,"Forest Industry","Forest Industry",FALSE,TRUE
1252,"17463","Keweenaw",40,40,171,77.5497076023392,78.8947368421053,1.34502923976608,1.34502923976608,"Other Business","Other Business",FALSE,TRUE
1253,"28327","Houghton",40,40,178,80.3820224719101,81.7247191011236,1.34269662921348,1.34269662921348,"Forest Industry","Forest Industry",FALSE,TRUE
1254,"16160","Houghton",78,78,353,82.4560906515581,81.1189801699717,-1.33711048158639,1.33711048158639,"Forest Industry","Forest Industry",FALSE,TRUE
1255,"27620","Houghton",160,160,750,81.06,79.7253333333333,-1.33466666666666,1.33466666666666,"Private Individual(s)","Trust",TRUE,TRUE
1256,"17498","Houghton",320,320,1444,82.4702216066482,81.1412742382271,-1.32894736842105,1.32894736842105,"Forest Industry","Forest Industry",FALSE,TRUE
1257,"32411","Keweenaw",27.6,27.6,138,77.9927536231884,76.6666666666667,-1.32608695652173,1.32608695652173,"Forest Industry","Private Individual(s)",TRUE,TRUE
1258,"10240","Houghton",82.47,82.47,366,78.4972677595628,79.8196721311475,1.3224043715847,1.3224043715847,"Other Business","Other Business",FALSE,TRUE
1259,"19752","Keweenaw",640,640,2906,73.8214039917412,75.1400550584997,1.31865106675843,1.31865106675843,"Forest Industry","Other Business",TRUE,TRUE
1260,"27760","Keweenaw",62,62,314,70.5668789808917,71.8853503184713,1.31847133757962,1.31847133757962,"Private Individual(s)","Private Individual(s)",FALSE,TRUE
1261,"11933","Keweenaw",440,440,1946,77.4136690647482,78.7312435765673,1.31757451181912,1.31757451181912,"Forest Industry","Forest Industry",FALSE,TRUE
1262,"21180","Houghton",40,40,181,81.9337016574586,80.6187845303867,-1.31491712707184,1.31491712707184,"Forest Industry","Forest Industry",FALSE,TRUE
1263,"33488","Houghton",40,40,188,73.6436170212766,74.9521276595745,1.30851063829788,1.30851063829788,"Private Individual(s)","Private Individual(s)",FALSE,TRUE
1264,"31378","Houghton",47,47,215,77.7116279069767,79.0139534883721,1.30232558139535,1.30232558139535,"Private Individual(s)","Private Individual(s)",FALSE,TRUE
1265,"33349","Houghton",40,40,179,80.340782122905,81.6424581005587,1.30167597765363,1.30167597765363,"Other Business","Other Business",FALSE,TRUE
1266,"21865","Houghton",40,40,181,83.7348066298343,85.0331491712707,1.29834254143647,1.29834254143647,"Private Individual(s)","Private Individual(s)",FALSE,TRUE
1267,"4980","Houghton",139.9,NA,703,78.1123755334282,79.4082503556188,1.29587482219061,1.29587482219061,"Forest Industry","non-CFP in 2026",FALSE,FALSE
1268,"21594","Houghton",160,160,700,80.9442857142857,82.24,1.29571428571428,1.29571428571428,"Other Business","Other Business",FALSE,TRUE
1269,"33232","Houghton",41.6,NA,197,75.5228426395939,76.8172588832487,1.29441624365482,1.29441624365482,"Private Individual(s)","non-CFP in 2026",FALSE,FALSE
1270,"12099","Keweenaw",280,280,1221,80.7649467649468,82.0589680589681,1.29402129402129,1.29402129402129,"Other Business","Other Business",FALSE,TRUE
1271,"18898","Houghton",22.72,22.72,106,64.7264150943396,66.0188679245283,1.29245283018868,1.29245283018868,"Forest Industry","Forest Industry",FALSE,TRUE
1272,"21205","Houghton",40,40,185,81.9081081081081,83.1945945945946,1.28648648648648,1.28648648648648,"Forest Industry","Forest Industry",FALSE,TRUE
1273,"23296","Keweenaw",320,320,1423,74.731553056922,76.0175685172171,1.28601546029515,1.28601546029515,"Forest Industry","Forest Industry",FALSE,TRUE
1274,"30625","Keweenaw",80,80,352,77.2159090909091,75.9318181818182,-1.28409090909091,1.28409090909091,"Club or Group","Other",TRUE,TRUE
1275,"10163","Houghton",80,80,360,79.6222222222222,80.9027777777778,1.28055555555555,1.28055555555555,"Forest Industry","Forest Industry",FALSE,TRUE
1276,"17524","Houghton",160,160,719,79.8400556328234,81.1168289290681,1.27677329624478,1.27677329624478,"Forest Industry","Forest Industry",FALSE,TRUE
1277,"31235","Houghton",80,80,362,81.2375690607735,82.5138121546961,1.27624309392264,1.27624309392264,"Private Individual(s)","Private Individual(s)",FALSE,TRUE
1278,"6121","Keweenaw",80,80,354,81.1186440677966,82.3926553672316,1.27401129943503,1.27401129943503,"Forest Industry","Forest Industry",FALSE,TRUE
1279,"29608","Keweenaw",120,NA,543,79.0110497237569,80.2836095764273,1.27255985267034,1.27255985267034,"Forest Industry","non-CFP in 2026",FALSE,FALSE
1280,"17619","Houghton",166.7,166.7,636,80.6572327044025,81.9292452830189,1.27201257861635,1.27201257861635,"Forest Industry","Trust",TRUE,TRUE
1281,"17648","Houghton",160,160,727,75.7606602475929,77.0275103163686,1.26685006877578,1.26685006877578,"Other Business","Other Business",FALSE,TRUE
1282,"29799","Houghton",40,40,181,80.646408839779,81.9116022099447,1.26519337016575,1.26519337016575,"Forest Industry","Forest Industry",FALSE,TRUE
1283,"28007","Houghton",40,NA,179,79.8715083798883,81.1340782122905,1.26256983240224,1.26256983240224,"Private Individual(s)","non-CFP in 2026",FALSE,FALSE
1284,"6174","Keweenaw",141.49,141.49,610,78.5,79.7622950819672,1.26229508196721,1.26229508196721,"Forest Industry","Forest Industry",FALSE,TRUE
1285,"6136","Keweenaw",80,80,359,80.125348189415,81.3871866295265,1.26183844011143,1.26183844011143,"Forest Industry","Forest Industry",FALSE,TRUE
1286,"10235","Houghton",320,320,1329,73.1753197893153,74.4356659142212,1.26034612490594,1.26034612490594,"Forest Industry","Forest Industry",FALSE,TRUE
1287,"10304","Houghton",40,40,182,83.1483516483516,84.4065934065934,1.25824175824175,1.25824175824175,"Private Individual(s)","Private Individual(s)",FALSE,TRUE
1288,"33713","Houghton",35.03,35.03,163,72.9447852760736,74.2024539877301,1.25766871165645,1.25766871165645,"Forest Industry","Forest Industry",FALSE,TRUE
1289,"5131","Houghton",320,320,1460,75.1808219178082,76.4376712328767,1.25684931506849,1.25684931506849,"Forest Industry","Forest Industry",FALSE,TRUE
1290,"12044","Keweenaw",568.82,568.82,2552,72.5031347962382,73.7597962382445,1.25666144200628,1.25666144200628,"Forest Industry","Forest Industry",FALSE,TRUE
1291,"10248","Houghton",120,120,539,84.0871985157699,85.3432282003711,1.25602968460112,1.25602968460112,"Forest Industry","Forest Industry",FALSE,TRUE
1292,"2","Houghton",40,40,180,83.0277777777778,84.2833333333333,1.25555555555556,1.25555555555556,"Private Individual(s)","Private Individual(s)",FALSE,TRUE
1293,"10377","Houghton",360,360,1612,73.8988833746898,75.1526054590571,1.25372208436724,1.25372208436724,"Forest Industry","Forest Industry",FALSE,TRUE
1294,"19784","Keweenaw",40,NA,179,73.6312849162011,74.8826815642458,1.2513966480447,1.2513966480447,"Forest Industry","non-CFP in 2026",FALSE,FALSE
1295,"10214","Houghton",319.02,319.02,1427,82.3742116327961,83.6222845129643,1.24807288016818,1.24807288016818,"Forest Industry","Forest Industry",FALSE,TRUE
1296,"34387","Houghton",120,120,541,80.2365988909427,81.4824399260629,1.24584103512015,1.24584103512015,"Private Individual(s)","Private Individual(s)",FALSE,TRUE
1297,"802","Keweenaw",640,NA,2894,74.4689011748445,73.2232204561161,-1.24568071872841,1.24568071872841,"Forest Industry","non-CFP in 2026",FALSE,FALSE
1298,"31388","Houghton",60.18,60.18,224,80.7142857142857,79.46875,-1.24553571428571,1.24553571428571,"Forest Industry","Forest Industry",FALSE,TRUE
1299,"12095","Keweenaw",640,640,2881,81.2419298854564,82.4803887539049,1.23845886844845,1.23845886844845,"Other Business","Other Business",FALSE,TRUE
1300,"35159","Houghton",80,80,359,76.142061281337,77.3788300835655,1.23676880222841,1.23676880222841,"Private Individual(s)","Private Individual(s)",FALSE,TRUE
1301,"34668","Keweenaw",20,20,93,77.505376344086,76.2688172043011,-1.23655913978494,1.23655913978494,"Other Business","Other",TRUE,TRUE
1302,"6077","Houghton",80,80,364,57.1456043956044,58.3818681318681,1.23626373626374,1.23626373626374,"Private Individual(s)","Private Group",TRUE,TRUE
1303,"18954","Keweenaw",160,160,724,80.8314917127072,82.0662983425414,1.23480662983425,1.23480662983425,"Other Business","Forest Industry",TRUE,TRUE
1304,"32603","Houghton",36.4,NA,162,66.5740740740741,67.8086419753086,1.23456790123457,1.23456790123457,"Private Individual(s)","non-CFP in 2026",FALSE,FALSE
1305,"19610","Houghton",20,20,91,79.6593406593407,80.8901098901099,1.23076923076923,1.23076923076923,"Forest Industry","Forest Industry",FALSE,TRUE
1306,"23308","Keweenaw",40,40,178,78.0337078651685,76.8033707865169,-1.23033707865169,1.23033707865169,"Club or Group","Other",TRUE,TRUE
1307,"16888","Houghton",40,40,178,79.1292134831461,80.3595505617977,1.23033707865167,1.23033707865167,"Other Business","Other Business",FALSE,TRUE
1308,"19259","Houghton",70,70,315,78.9555555555555,80.184126984127,1.22857142857144,1.22857142857144,"Private Individual(s)","Private Individual(s)",FALSE,TRUE
1309,"31497","Houghton",38,38,171,68.2573099415205,67.0292397660819,-1.22807017543859,1.22807017543859,"Private Individual(s)","Private Individual(s)",FALSE,TRUE
1310,"6012","Houghton",40,40,181,78.1546961325967,79.3812154696133,1.22651933701658,1.22651933701658,"Forest Industry","Forest Industry",FALSE,TRUE
1311,"16111","Houghton",160,160,738,77.1775067750678,78.4037940379404,1.22628726287263,1.22628726287263,"Forest Industry","Forest Industry",FALSE,TRUE
1312,"16890","Houghton",80,80,330,75.3727272727273,76.5969696969697,1.22424242424242,1.22424242424242,"Other Business","Other Business",FALSE,TRUE
1313,"32181","Keweenaw",360,360,1604,80.3996259351621,81.6203241895262,1.22069825436409,1.22069825436409,"Other Business","Other Business",FALSE,TRUE
1314,"10236","Houghton",40,40,155,76.4322580645161,75.2129032258065,-1.21935483870968,1.21935483870968,"Private Individual(s)","Trust",TRUE,TRUE
1315,"17460","Keweenaw",280,280,1254,82.4370015948963,83.6555023923445,1.21850079744817,1.21850079744817,"Other Business","Other Business",FALSE,TRUE
1316,"16127","Houghton",80,80,365,74.4821917808219,75.6986301369863,1.21643835616437,1.21643835616437,"Forest Industry","Forest Industry",FALSE,TRUE
1317,"17987","Keweenaw",40,40,177,76.8248587570621,78.0395480225989,1.21468926553672,1.21468926553672,"Forest Industry","Other Business",TRUE,TRUE
1318,"16931","Houghton",160,160,733,80.4256480218281,81.6398362892224,1.21418826739426,1.21418826739426,"Other Business","Other Business",FALSE,TRUE
1319,"17512","Houghton",31.85,31.85,137,76.8978102189781,75.6861313868613,-1.21167883211679,1.21167883211679,"Forest Industry","Forest Industry",FALSE,TRUE
1320,"18905","Houghton",56.85,56.85,71,1.50704225352113,2.71830985915493,1.2112676056338,1.2112676056338,"Forest Industry","Other",TRUE,TRUE
1321,"35570","Houghton",25,NA,114,80.3245614035088,79.1140350877193,-1.21052631578947,1.21052631578947,"Forest Industry","non-CFP in 2026",FALSE,FALSE
1322,"6084","Houghton",80,80,365,82.5890410958904,83.7972602739726,1.20821917808219,1.20821917808219,"Private Individual(s)","Private Individual(s)",FALSE,TRUE
1323,"32428","Houghton",106,106,482,73.3547717842324,74.5622406639004,1.20746887966804,1.20746887966804,"Private Individual(s)","Private Individual(s)",FALSE,TRUE
1324,"5191","Keweenaw",40,40,179,81.6033519553073,82.804469273743,1.20111731843575,1.20111731843575,"Forest Industry","Forest Industry",FALSE,TRUE
1325,"30366","Houghton",80,80,361,79.4736842105263,80.6703601108033,1.19667590027701,1.19667590027701,"Other Business","Other Business",FALSE,TRUE
1326,"4946","Houghton",40,40,179,75.0223463687151,76.2178770949721,1.19553072625699,1.19553072625699,"Private Individual(s)","Private Individual(s)",FALSE,TRUE
1327,"6091","Houghton",80,80,370,72.3945945945946,73.5891891891892,1.19459459459459,1.19459459459459,"Private Individual(s)","Private Individual(s)",FALSE,TRUE
1328,"17671","Houghton",160,160,721,56.495145631068,55.3023578363384,-1.19278779472955,1.19278779472955,"Forest Industry","Forest Industry",FALSE,TRUE
1329,"30344","Houghton",80,80,358,79.0893854748603,80.2821229050279,1.1927374301676,1.1927374301676,"Private Individual(s)","Trust",TRUE,TRUE
1330,"28702","Houghton",584.24,584.24,2598,79.5712086220169,80.7632794457275,1.19207082371054,1.19207082371054,"Forest Industry","Forest Industry",FALSE,TRUE
1331,"31764","Keweenaw",40,40,172,74.3720930232558,73.1802325581395,-1.19186046511628,1.19186046511628,"Other Business","Other Business",FALSE,TRUE
1332,"5308","Keweenaw",80,80,355,78.6225352112676,79.8140845070423,1.19154929577465,1.19154929577465,"Forest Industry","Forest Industry",FALSE,TRUE
1333,"23162","Houghton",80,80,364,83.2582417582418,84.4478021978022,1.18956043956045,1.18956043956045,"Private Individual(s)","Private Individual(s)",FALSE,TRUE
1334,"19770","Keweenaw",600,600,2796,67.4195278969957,68.6090844062947,1.18955650929901,1.18955650929901,"Forest Industry","Forest Industry",FALSE,TRUE
1335,"4990","Houghton",80,80,363,80.5564738292011,81.7438016528926,1.18732782369146,1.18732782369146,"Private Individual(s)","Private Individual(s)",FALSE,TRUE
1336,"20789","Houghton",80,80,357,80.8683473389356,82.0532212885154,1.18487394957982,1.18487394957982,"Private Individual(s)","Other Business",TRUE,TRUE
1337,"3634","Houghton",80,80,364,83.5,84.6840659340659,1.18406593406593,1.18406593406593,"Private Individual(s)","Private Individual(s)",FALSE,TRUE
1338,"16082","Houghton",39.65,39.65,184,81.429347826087,82.6086956521739,1.17934782608695,1.17934782608695,"Forest Industry","Forest Industry",FALSE,TRUE
1339,"10408","Houghton",320,320,1422,84.4001406469761,85.5773558368495,1.17721518987342,1.17721518987342,"Forest Industry","Forest Industry",FALSE,TRUE
1340,"871","Houghton",40,40,181,80.4309392265193,81.6077348066298,1.17679558011049,1.17679558011049,"Private Individual(s)","Trust",TRUE,TRUE
1341,"19722","Keweenaw",20,20,87,83.4712643678161,84.6436781609195,1.17241379310344,1.17241379310344,"Forest Industry","Forest Industry",FALSE,TRUE
1342,"21177","Houghton",35.7,35.7,181,77.7348066298343,78.9060773480663,1.17127071823205,1.17127071823205,"Forest Industry","Forest Industry",FALSE,TRUE
1343,"19687","Houghton",300.7,300.7,1478,79.6123139377537,78.4411366711773,-1.17117726657646,1.17117726657646,"Forest Industry","Forest Industry",FALSE,TRUE
1344,"31787","Houghton",36.88,NA,165,82.0545454545454,83.2242424242424,1.16969696969697,1.16969696969697,"Private Individual(s)","non-CFP in 2026",FALSE,FALSE
1345,"5150","Houghton",79.64,79.64,362,76.4696132596685,75.3011049723757,-1.16850828729281,1.16850828729281,"Forest Industry","Forest Industry",FALSE,TRUE
1346,"10376","Houghton",40,40,180,84.1722222222222,85.3388888888889,1.16666666666667,1.16666666666667,"Forest Industry","Forest Industry",FALSE,TRUE
1347,"35108","Keweenaw",64.25,64.25,262,71.8053435114504,70.6412213740458,-1.16412213740459,1.16412213740459,"Other Business","Other Business",FALSE,TRUE
1348,"786","Keweenaw",75.47,75.47,345,66.2608695652174,67.4202898550725,1.15942028985508,1.15942028985508,"Forest Industry","Forest Industry",FALSE,TRUE
1349,"35107","Keweenaw",113.2,113.2,516,81.2248062015504,82.3837209302326,1.15891472868216,1.15891472868216,"Other Business","Other Business",FALSE,TRUE
1350,"32014","Houghton",80,80,347,80.9942363112392,82.1527377521614,1.15850144092219,1.15850144092219,"Other Business","Other Business",FALSE,TRUE
1351,"10306","Houghton",240,240,1072,74.6007462686567,75.7583955223881,1.15764925373134,1.15764925373134,"Private Individual(s)","Private Individual(s)",FALSE,TRUE
1352,"32566","Houghton",110,110,489,80.3885480572597,81.5460122699387,1.15746421267895,1.15746421267895,"Other Business","Other Business",FALSE,TRUE
1353,"26047","Houghton",77.38,77.38,356,78.2640449438202,79.4213483146067,1.15730337078652,1.15730337078652,"Forest Industry","Forest Industry",FALSE,TRUE
1354,"29513","Houghton",76.47,76.47,347,83.0864553314121,84.2391930835735,1.15273775216139,1.15273775216139,"Private Individual(s)","Private Individual(s)",FALSE,TRUE
1355,"5138","Houghton",320,320,1428,72.1673669467787,73.3193277310924,1.15196078431373,1.15196078431373,"Forest Industry","Forest Industry",FALSE,TRUE
1356,"10190","Houghton",638.72,638.72,2856,84.0021008403361,85.1537114845938,1.1516106442577,1.1516106442577,"Forest Industry","Forest Industry",FALSE,TRUE
1357,"28722","Houghton",219,219,1164,81.5962199312715,82.7457044673539,1.14948453608247,1.14948453608247,"Forest Industry","Forest Industry",FALSE,TRUE
1358,"21178","Houghton",36,36,177,80.2542372881356,81.4011299435028,1.14689265536722,1.14689265536722,"Forest Industry","Forest Industry",FALSE,TRUE
1359,"32666","Houghton",250,250,1102,82.043557168784,83.1896551724138,1.14609800362976,1.14609800362976,"Forest Industry","Forest Industry",FALSE,TRUE
1360,"35027","Houghton",40,40,181,82.1436464088398,83.2872928176796,1.14364640883977,1.14364640883977,"Forest Industry","Forest Industry",FALSE,TRUE
1361,"18895","Houghton",20,20,91,82.6703296703297,83.8131868131868,1.14285714285715,1.14285714285715,"Forest Industry","Forest Industry",FALSE,TRUE
1362,"30525","Houghton",630,630,2887,78.0145479736751,79.1569102874957,1.14236231382058,1.14236231382058,"Forest Industry","Forest Industry",FALSE,TRUE
1363,"16134","Houghton",320,320,1494,81.5093708165997,82.6499330655957,1.14056224899599,1.14056224899599,"Forest Industry","Forest Industry",FALSE,TRUE
1364,"30314","Keweenaw",200,200,910,75.3648351648352,76.5032967032967,1.13846153846153,1.13846153846153,"Forest Industry","Other Business",TRUE,TRUE
1365,"26050","Keweenaw",369.7,369.7,1564,76.5453964194373,77.6809462915601,1.13554987212277,1.13554987212277,"Other Business","Other Business",FALSE,TRUE
1366,"17435","Keweenaw",160,NA,726,81.3484848484848,82.4820936639118,1.133608815427,1.133608815427,"Private Individual(s)","non-CFP in 2026",FALSE,FALSE
1367,"12081","Keweenaw",440,440,1972,79.6409736308316,80.7697768762678,1.12880324543612,1.12880324543612,"Forest Industry","Forest Industry",FALSE,TRUE
1368,"31985","Houghton",80,80,362,83.1988950276243,84.3259668508287,1.12707182320443,1.12707182320443,"Forest Industry","Forest Industry",FALSE,TRUE
1369,"5206","Keweenaw",40,40,181,77.0773480662983,78.2044198895028,1.12707182320442,1.12707182320442,"Forest Industry","Forest Industry",FALSE,TRUE
1370,"10226","Houghton",80,80,363,60.5537190082645,61.6776859504132,1.12396694214875,1.12396694214875,"Private Individual(s)","Private Individual(s)",FALSE,TRUE
1371,"27147","Houghton",64.75,64.75,307,79.4755700325733,78.3517915309446,-1.12377850162866,1.12377850162866,"Private Individual(s)","Private Individual(s)",FALSE,TRUE
1372,"4968","Houghton",80,80,358,82.3240223463687,83.4469273743017,1.12290502793296,1.12290502793296,"Other","Other",FALSE,TRUE
1373,"28605","Houghton",80,80,346,77.9364161849711,79.0578034682081,1.121387283237,1.121387283237,"Private Individual(s)","Private Individual(s)",FALSE,TRUE
1374,"5101","Houghton",320,320,1467,82.4362644853442,81.319018404908,-1.11724608043626,1.11724608043626,"Forest Industry","Forest Industry",FALSE,TRUE
1375,"10391","Houghton",120,120,549,82.0455373406193,83.1621129326047,1.11657559198544,1.11657559198544,"Private Individual(s)","Private Individual(s)",FALSE,TRUE
1376,"33708","Houghton",308,308,1382,78.9356005788712,77.8212735166425,-1.11432706222865,1.11432706222865,"Other Business","Other Business",FALSE,TRUE
1377,"32042","Houghton",42.91,42.91,187,77.7647058823529,78.8770053475936,1.11229946524064,1.11229946524064,"Private Individual(s)","Private Individual(s)",FALSE,TRUE
1378,"10419","Houghton",320,320,1418,80.8377997179125,81.9478138222849,1.11001410437237,1.11001410437237,"Forest Industry","Forest Industry",FALSE,TRUE
1379,"30291","Keweenaw",315,315,1373,69.8805535324108,70.9890750182083,1.10852148579752,1.10852148579752,"Forest Industry","Other Business",TRUE,TRUE
1380,"29279","Houghton",150.18,150.18,693,76.2712842712843,77.3795093795094,1.10822510822511,1.10822510822511,"Forest Industry","Forest Industry",FALSE,TRUE
1381,"34667","Keweenaw",440,440,1912,75.765690376569,76.8734309623431,1.10774058577405,1.10774058577405,"Other Business","Other",TRUE,TRUE
1382,"6119","Keweenaw",40,40,178,74.9662921348315,76.0730337078652,1.1067415730337,1.1067415730337,"Forest Industry","Forest Industry",FALSE,TRUE
1383,"30661","Keweenaw",149.6,NA,718,76.5208913649025,77.6267409470752,1.1058495821727,1.1058495821727,"Private Individual(s)","non-CFP in 2026",FALSE,FALSE
1384,"29213","Houghton",80,NA,344,78.1162790697674,79.2209302325581,1.1046511627907,1.1046511627907,"Private Individual(s)","non-CFP in 2026",FALSE,FALSE
1385,"34666","Keweenaw",45,45,213,74.7464788732394,75.849765258216,1.10328638497653,1.10328638497653,"Other Business","Other",TRUE,TRUE
1386,"23276","Keweenaw",80,NA,357,67.2717086834734,66.1708683473389,-1.10084033613445,1.10084033613445,"Forest Industry","non-CFP in 2026",FALSE,FALSE
1387,"17940","Houghton",79.35,79.35,348,78.9137931034483,80.0143678160919,1.10057471264368,1.10057471264368,"Private Individual(s)","Private Individual(s)",FALSE,TRUE
1388,"18828","Houghton",40,40,183,82.9726775956284,84.0710382513661,1.09836065573771,1.09836065573771,"Private Individual(s)","Private Individual(s)",FALSE,TRUE
1389,"34569","Keweenaw",120,120,534,78.2977528089888,79.3951310861423,1.09737827715357,1.09737827715357,"Private Individual(s)","Private Individual(s)",FALSE,TRUE
1390,"21893","Houghton",40,40,178,81.5561797752809,82.6516853932584,1.09550561797754,1.09550561797754,"Private Individual(s)","Private Individual(s)",FALSE,TRUE
1391,"33565","Houghton",40.79,40.79,179,75.8491620111732,76.9441340782123,1.09497206703911,1.09497206703911,"Private Individual(s)","Private Individual(s)",FALSE,TRUE
1392,"17996","Keweenaw",302.24,302.24,1365,66.8827838827839,65.7912087912088,-1.09157509157509,1.09157509157509,"Forest Industry","Other Business",TRUE,TRUE
1393,"33419","Houghton",20,20,89,83.6292134831461,84.7191011235955,1.08988764044943,1.08988764044943,"Forest Industry","Forest Industry",FALSE,TRUE
1394,"16981","Houghton",40,40,180,71.7388888888889,72.8222222222222,1.08333333333333,1.08333333333333,"Forest Industry","Forest Industry",FALSE,TRUE
1395,"10297","Houghton",41.91,41.91,182,83.6428571428571,84.7252747252747,1.08241758241759,1.08241758241759,"Private Individual(s)","Private Individual(s)",FALSE,TRUE
1396,"18834","Houghton",76.7,76.7,356,78.4297752808989,79.5112359550562,1.0814606741573,1.0814606741573,"Private Individual(s)","Private Individual(s)",FALSE,TRUE
1397,"10384","Houghton",640,640,2900,81.0841379310345,82.1593103448276,1.07517241379311,1.07517241379311,"Forest Industry","Forest Industry",FALSE,TRUE
1398,"10370","Houghton",120,120,538,83.7397769516729,84.8122676579926,1.0724907063197,1.0724907063197,"Forest Industry","Forest Industry",FALSE,TRUE
1399,"17984","Keweenaw",160,160,700,76.63,77.7014285714286,1.07142857142857,1.07142857142857,"Forest Industry","Other Business",TRUE,TRUE
1400,"17511","Houghton",40,40,175,82.8571428571429,81.7885714285714,-1.06857142857143,1.06857142857143,"Forest Industry","Forest Industry",FALSE,TRUE
1401,"5147","Houghton",40,40,178,81.3595505617977,82.4269662921348,1.06741573033709,1.06741573033709,"Forest Industry","Forest Industry",FALSE,TRUE
1402,"16155","Houghton",323.27,323.27,1456,72.9649725274725,71.9004120879121,-1.06456043956044,1.06456043956044,"Forest Industry","Forest Industry",FALSE,TRUE
1403,"22756","Keweenaw",80,80,351,74.4729344729345,75.5356125356125,1.06267806267806,1.06267806267806,"Private Individual(s)","Private Individual(s)",FALSE,TRUE
1404,"6129","Keweenaw",160,160,699,83.6552217453505,84.7138769670959,1.05865522174535,1.05865522174535,"Forest Industry","Forest Industry",FALSE,TRUE
1405,"22779","Houghton",54,54,230,80.1217391304348,81.1782608695652,1.05652173913045,1.05652173913045,"Private Individual(s)","Other Business",TRUE,TRUE
1406,"6082","Houghton",20,20,91,80.3736263736264,81.4285714285714,1.05494505494505,1.05494505494505,"Private Individual(s)","Private Individual(s)",FALSE,TRUE
1407,"20431","Houghton",20,20,92,79.4782608695652,78.4239130434783,-1.05434782608695,1.05434782608695,"Forest Industry","Forest Industry",FALSE,TRUE
1408,"16982","Houghton",35.9,35.9,154,72.6103896103896,73.6623376623377,1.05194805194806,1.05194805194806,"Forest Industry","Forest Industry",FALSE,TRUE
1409,"10291","Houghton",160,160,719,77.7746870653686,78.8261474269819,1.05146036161335,1.05146036161335,"Forest Industry","Forest Industry",FALSE,TRUE
1410,"11948","Keweenaw",440.01,440.01,1954,83.1724667349028,82.1228249744115,-1.04964176049131,1.04964176049131,"Forest Industry","Forest Industry",FALSE,TRUE
1411,"10280","Houghton",320,320,1451,77.7015851137147,76.6519641626465,-1.04962095106823,1.04962095106823,"Forest Industry","Forest Industry",FALSE,TRUE
1412,"799","Keweenaw",80,80,343,75.8046647230321,74.7551020408163,-1.04956268221575,1.04956268221575,"Forest Industry","Forest Industry",FALSE,TRUE
1413,"10295","Houghton",642.56,642.56,2946,76.9626612355737,75.9158180583842,-1.04684317718942,1.04684317718942,"Forest Industry","Trust",TRUE,TRUE
1414,"21455","Keweenaw",20,20,86,76.5,77.546511627907,1.04651162790698,1.04651162790698,"Forest Industry","Other Business",TRUE,TRUE
1415,"26755","Houghton",40,40,180,83.1833333333333,84.2277777777778,1.04444444444444,1.04444444444444,"Private Individual(s)","Private Individual(s)",FALSE,TRUE
1416,"10241","Houghton",360,360,1558,82.7201540436457,83.7644415917843,1.04428754813863,1.04428754813863,"Forest Industry","Forest Industry",FALSE,TRUE
1417,"32055","Houghton",149.1,149.1,669,81.7070254110613,82.7503736920777,1.04334828101645,1.04334828101645,"Private Individual(s)","Private Individual(s)",FALSE,TRUE
1418,"32625","Houghton",77,77,324,83.3858024691358,84.429012345679,1.04320987654322,1.04320987654322,"Private Individual(s)","Forest Industry",TRUE,TRUE
1419,"10199","Houghton",590,590,2814,82.8713574982232,81.8329779673063,-1.03837953091686,1.03837953091686,"Forest Industry","Forest Industry",FALSE,TRUE
1420,"17464","Keweenaw",320,320,1436,80.4324512534819,81.4700557103064,1.03760445682451,1.03760445682451,"Forest Industry","Forest Industry",FALSE,TRUE
1421,"23307","Keweenaw",80,80,361,77.7590027700831,76.7229916897507,-1.0360110803324,1.0360110803324,"Club or Group","Other",TRUE,TRUE
1422,"11943","Keweenaw",640,640,2784,70.4198994252874,69.3846982758621,-1.03520114942529,1.03520114942529,"Forest Industry","Forest Industry",FALSE,TRUE
1423,"4200","Keweenaw",640,640,2833,78.249911754324,79.2841510765972,1.03423932227321,1.03423932227321,"Other Business","Other Business",FALSE,TRUE
1424,"10197","Houghton",200,NA,943,81.661717921527,82.695652173913,1.033934252386,1.033934252386,"Forest Industry","non-CFP in 2026",FALSE,FALSE
1425,"16128","Houghton",40,40,183,81.8306010928962,82.8633879781421,1.0327868852459,1.0327868852459,"Forest Industry","Forest Industry",FALSE,TRUE
1426,"6099","Houghton",40,40,189,81.989417989418,80.957671957672,-1.03174603174602,1.03174603174602,"Private Individual(s)","Private Group",TRUE,TRUE
1427,"11908","Keweenaw",320,320,1447,71.4236351071182,72.4533517622668,1.02971665514859,1.02971665514859,"Forest Industry","Forest Industry",FALSE,TRUE
1428,"820","Keweenaw",40,40,178,65.8820224719101,64.8539325842697,-1.02808988764046,1.02808988764046,"Forest Industry","Forest Industry",FALSE,TRUE
1429,"23303","Keweenaw",40,40,181,75.2430939226519,74.2154696132597,-1.02762430939227,1.02762430939227,"Forest Industry","Forest Industry",FALSE,TRUE
1430,"17670","Houghton",146.13,NA,661,77.034795763994,78.0620272314675,1.02723146747351,1.02723146747351,"Forest Industry","non-CFP in 2026",FALSE,FALSE
1431,"19746","Keweenaw",25,25,114,68.9122807017544,69.9385964912281,1.02631578947368,1.02631578947368,"Forest Industry","Other Business",TRUE,TRUE
1432,"18009","Keweenaw",600,600,2682,60.1730052199851,61.1991051454139,1.02609992542878,1.02609992542878,"Forest Industry","Forest Industry",FALSE,TRUE
1433,"23275","Keweenaw",40,40,178,71.2977528089888,72.3202247191011,1.02247191011236,1.02247191011236,"Forest Industry","Forest Industry",FALSE,TRUE
1434,"10415","Houghton",400,400,1785,82.9058823529412,83.9282913165266,1.02240896358543,1.02240896358543,"Forest Industry","Forest Industry",FALSE,TRUE
1435,"18004","Keweenaw",632.65,632.65,2851,74.1353910908453,75.1557348298843,1.02034373903894,1.02034373903894,"Forest Industry","Other Business",TRUE,TRUE
1436,"35106","Keweenaw",80,80,356,79.9438202247191,80.9634831460674,1.01966292134831,1.01966292134831,"Other Business","Other Business",FALSE,TRUE
1437,"17490","Houghton",80,80,361,81.0969529085873,80.0803324099723,-1.01662049861496,1.01662049861496,"Forest Industry","Forest Industry",FALSE,TRUE
1438,"16886","Houghton",40.93,NA,186,80.7043010752688,81.7204301075269,1.01612903225806,1.01612903225806,"Private Individual(s)","non-CFP in 2026",FALSE,FALSE
1439,"21457","Keweenaw",80,80,361,76.9252077562327,77.9390581717451,1.01385041551247,1.01385041551247,"Forest Industry","Other Business",TRUE,TRUE
1440,"31508","Houghton",35.4,35.4,148,68.804054054054,69.8175675675676,1.01351351351352,1.01351351351352,"Private Individual(s)","Private Individual(s)",FALSE,TRUE
1441,"19700","Keweenaw",20,20,91,85.2527472527473,86.2637362637363,1.01098901098901,1.01098901098901,"Forest Industry","Forest Industry",FALSE,TRUE
1442,"16156","Houghton",80,80,366,79.5382513661202,78.5273224043716,-1.01092896174863,1.01092896174863,"Forest Industry","Forest Industry",FALSE,TRUE
1443,"23152","Houghton",80,80,368,82.2608695652174,83.2717391304348,1.01086956521739,1.01086956521739,"Private Individual(s)","Private Individual(s)",FALSE,TRUE
1444,"5192","Keweenaw",147.64,147.64,680,82.2044117647059,83.2147058823529,1.01029411764706,1.01029411764706,"Forest Industry","Forest Industry",FALSE,TRUE
1445,"34996","Keweenaw",120,120,520,72.9673076923077,71.9576923076923,-1.00961538461539,1.00961538461539,"Other Business","Other",TRUE,TRUE
1446,"6080","Houghton",80,80,360,83.6777777777778,84.6861111111111,1.00833333333334,1.00833333333334,"Private Individual(s)","Private Individual(s)",FALSE,TRUE
1447,"10386","Houghton",160,160,738,78.8238482384824,77.8157181571816,-1.00813008130081,1.00813008130081,"Forest Industry","Forest Industry",FALSE,TRUE
1448,"33914","Houghton",79,79,361,83.4265927977839,84.4321329639889,1.00554016620498,1.00554016620498,"Other","Other",FALSE,TRUE
1449,"32665","Houghton",70,70,328,81.6219512195122,80.6189024390244,-1.0030487804878,1.0030487804878,"Forest Industry","Forest Industry",FALSE,TRUE
1450,"5091","Houghton",40,40,169,83.3668639053254,82.3668639053254,-1,1,"Forest Industry","Forest Industry",FALSE,TRUE
1451,"33705","Houghton",40,40,181,81.8950276243094,82.8950276243094,1,1,"Private Individual(s)","Trust",TRUE,TRUE
1452,"11947","Keweenaw",160.45,160.45,698,85.2492836676218,86.2464183381089,0.9971346704871,0.9971346704871,"Forest Industry","Forest Industry",FALSE,TRUE
1453,"10245","Houghton",600,600,2722,82.6274797942689,83.6223365172667,0.994856722997795,0.994856722997795,"Forest Industry","Forest Industry",FALSE,TRUE
1454,"10162","Houghton",166.97,166.97,743,81.2059219380888,82.2005383580081,0.99461641991924,0.99461641991924,"Forest Industry","Forest Industry",FALSE,TRUE
1455,"821","Keweenaw",320,320,1420,83.6753521126761,84.6697183098591,0.994366197183098,0.994366197183098,"Forest Industry","Forest Industry",FALSE,TRUE
1456,"32176","Keweenaw",118,118,529,75.3913043478261,74.3988657844991,-0.992438563327042,0.992438563327042,"Private Individual(s)","Private Individual(s)",FALSE,TRUE
1457,"34613","Houghton",28.12,NA,124,78.6854838709677,79.6774193548387,0.991935483870961,0.991935483870961,"Private Individual(s)","non-CFP in 2026",FALSE,FALSE
1458,"23273","Keweenaw",80,80,352,75.3892045454545,76.3806818181818,0.991477272727266,0.991477272727266,"Forest Industry","Forest Industry",FALSE,TRUE
1459,"17678","Houghton",160,160,743,68.1978465679677,69.1870794078062,0.989232839838493,0.989232839838493,"Forest Industry","Forest Industry",FALSE,TRUE
1460,"22071","Houghton",40,40,183,81.2568306010929,80.2677595628415,-0.989071038251367,0.989071038251367,"Forest Industry","Forest Industry",FALSE,TRUE
1461,"6141","Keweenaw",80,NA,362,69.3977900552486,70.3867403314917,0.988950276243088,0.988950276243088,"Forest Industry","non-CFP in 2026",FALSE,FALSE
1462,"29215","Houghton",80,80,344,78.1220930232558,79.1104651162791,0.988372093023258,0.988372093023258,"Private Individual(s)","Other Business",TRUE,TRUE
1463,"33916","Houghton",37,37,161,80.3726708074534,81.360248447205,0.987577639751549,0.987577639751549,"Other","Other",FALSE,TRUE
1464,"32128","Keweenaw",160,160,736,74.9483695652174,73.9619565217391,-0.986413043478265,0.986413043478265,"Private Individual(s)","Private Individual(s)",FALSE,TRUE
1465,"5126","Houghton",40,40,178,82.4719101123596,83.4550561797753,0.983146067415731,0.983146067415731,"Forest Industry","Forest Industry",FALSE,TRUE
1466,"16106","Houghton",40,40,176,76.4090909090909,75.4261363636364,-0.982954545454547,0.982954545454547,"Forest Industry","Forest Industry",FALSE,TRUE
1467,"28893","Houghton",258,258,1148,81.7813588850174,82.7621951219512,0.980836236933797,0.980836236933797,"Private Individual(s)","Private Individual(s)",FALSE,TRUE
1468,"10209","Houghton",80,80,337,81.0712166172107,82.0504451038576,0.979228486646889,0.979228486646889,"Forest Industry","Forest Industry",FALSE,TRUE
1469,"5094","Houghton",80.31,80.31,379,82.8311345646438,81.8522427440633,-0.978891820580486,0.978891820580486,"Forest Industry","Forest Industry",FALSE,TRUE
1470,"10400","Houghton",40,40,182,73.1098901098901,74.0879120879121,0.978021978021971,0.978021978021971,"Forest Industry","Forest Industry",FALSE,TRUE
1471,"6104","Houghton",39.56,39.56,169,81.1775147928994,82.1538461538462,0.976331360946759,0.976331360946759,"Forest Industry","Forest Industry",FALSE,TRUE
1472,"10371","Houghton",80,80,361,81.8614958448753,82.8365650969529,0.97506925207756,0.97506925207756,"Private Individual(s)","Private Individual(s)",FALSE,TRUE
1473,"19765","Keweenaw",160,160,711,76.0436005625879,75.070323488045,-0.973277074542892,0.973277074542892,"Forest Industry","Other Business",TRUE,TRUE
1474,"26754","Houghton",40,40,182,83.1428571428571,84.1153846153846,0.972527472527474,0.972527472527474,"Private Individual(s)","Private Individual(s)",FALSE,TRUE
1475,"19015","Keweenaw",160,160,764,77.0811518324607,78.053664921466,0.972513089005233,0.972513089005233,"Forest Industry","Other Business",TRUE,TRUE
1476,"19492","Houghton",40,40,178,78.9157303370787,79.8876404494382,0.971910112359552,0.971910112359552,"Private Individual(s)","Private Individual(s)",FALSE,TRUE
1477,"20316","Houghton",70,70,316,80.4335443037975,79.4620253164557,-0.971518987341767,0.971518987341767,"Other Business","Other Business",FALSE,TRUE
1478,"30246","Houghton",93.75,NA,421,77.8503562945368,78.8218527315914,0.971496437054626,0.971496437054626,"Private Individual(s)","non-CFP in 2026",FALSE,FALSE
1479,"28872","Houghton",28,28,151,66.8741721854305,67.841059602649,0.966887417218544,0.966887417218544,"Forest Industry","Forest Industry",FALSE,TRUE
1480,"23263","Keweenaw",40,40,178,73.5561797752809,72.5898876404494,-0.966292134831463,0.966292134831463,"Forest Industry","Forest Industry",FALSE,TRUE
1481,"5096","Houghton",80,80,347,84.0835734870317,85.0489913544669,0.965417867435164,0.965417867435164,"Forest Industry","Forest Industry",FALSE,TRUE
1482,"12029","Keweenaw",560,560,2517,82.8752483114819,83.8398887564561,0.964640444974179,0.964640444974179,"Forest Industry","Forest Industry",FALSE,TRUE
1483,"23627","Houghton",639.66,639.66,2811,84.0380647456421,85.0017787264319,0.963713980789763,0.963713980789763,"Forest Industry","Forest Industry",FALSE,TRUE
1484,"17665","Houghton",40,40,179,80.8379888268156,81.7988826815643,0.960893854748605,0.960893854748605,"Forest Industry","Forest Industry",FALSE,TRUE
1485,"31195","Keweenaw",72,NA,353,80.3937677053824,81.3512747875354,0.957507082152986,0.957507082152986,"Other Business","non-CFP in 2026",FALSE,FALSE
1486,"4991","Houghton",40,40,183,80.1311475409836,81.0874316939891,0.95628415300547,0.95628415300547,"Private Individual(s)","Private Individual(s)",FALSE,TRUE
1487,"26770","Houghton",40,40,183,81.4371584699454,80.4808743169399,-0.95628415300547,0.95628415300547,"Private Individual(s)","Private Individual(s)",FALSE,TRUE
1488,"17220","Houghton",40,40,181,77.5414364640884,78.4972375690608,0.95580110497238,0.95580110497238,"Private Individual(s)","Private Individual(s)",FALSE,TRUE
1489,"19022","Keweenaw",80,80,360,73.8333333333333,74.7888888888889,0.955555555555563,0.955555555555563,"Forest Industry","Other Business",TRUE,TRUE
1490,"19260","Houghton",40,40,179,74.3184357541899,75.2737430167598,0.955307262569832,0.955307262569832,"Private Individual(s)","Private Individual(s)",FALSE,TRUE
1491,"6008","Houghton",40,40,178,80.5224719101124,81.4775280898876,0.955056179775283,0.955056179775283,"Other Business","Other Business",FALSE,TRUE
1492,"4997","Houghton",80,80,307,76.6449511400651,77.599348534202,0.954397394136805,0.954397394136805,"Other Business","Other Business",FALSE,TRUE
1493,"4894","Houghton",319.9,319.9,1467,80.8650306748466,81.8173142467621,0.952283571915473,0.952283571915473,"Private Individual(s)","Private Individual(s)",FALSE,TRUE
1494,"10337","Houghton",160,160,732,81.6448087431694,82.5969945355191,0.952185792349738,0.952185792349738,"Forest Industry","Forest Industry",FALSE,TRUE
1495,"5295","Keweenaw",160,160,727,73.1925722145805,72.2407152682256,-0.95185694635488,0.95185694635488,"Forest Industry","Forest Industry",FALSE,TRUE
1496,"16110","Houghton",40,40,183,82.1147540983606,83.0655737704918,0.950819672131161,0.950819672131161,"Forest Industry","Forest Industry",FALSE,TRUE
1497,"18013","Keweenaw",80,80,342,61.3479532163743,62.2982456140351,0.950292397660817,0.950292397660817,"Forest Industry","Forest Industry",FALSE,TRUE
1498,"30462","Houghton",28,28,120,61.3416666666667,62.2916666666667,0.949999999999996,0.949999999999996,"Forest Industry","Forest Industry",FALSE,TRUE
1499,"19760","Keweenaw",320,320,1439,76.0152883947186,75.0653231410702,-0.949965253648372,0.949965253648372,"Forest Industry","Other Business",TRUE,TRUE
1500,"4899","Houghton",40,40,178,83.9101123595506,84.8595505617977,0.94943820224718,0.94943820224718,"Private Individual(s)","Private Individual(s)",FALSE,TRUE
1501,"33469","Keweenaw",43.647,43.65,196,80.0663265306122,79.1173469387755,-0.948979591836732,0.948979591836732,"Private Individual(s)","Private Individual(s)",FALSE,TRUE
1502,"34291","Keweenaw",240,240,1082,78.0739371534196,79.0221811460259,0.94824399260628,0.94824399260628,"Forest Industry","Other Business",TRUE,TRUE
1503,"27269","Houghton",600,600,2663,75.7739391663537,74.8272624859181,-0.946676680435601,0.946676680435601,"Other Business","Other Business",FALSE,TRUE
1504,"10355","Houghton",80,80,335,78.1402985074627,77.1940298507463,-0.946268656716413,0.946268656716413,"Forest Industry","Forest Industry",FALSE,TRUE
1505,"796","Keweenaw",80,80,351,80.4843304843305,81.4273504273504,0.943019943019948,0.943019943019948,"Forest Industry","Forest Industry",FALSE,TRUE
1506,"19505","Houghton",40,40,189,83.1111111111111,82.1693121693122,-0.94179894179895,0.94179894179895,"Other Business","Other Business",FALSE,TRUE
1507,"10088","Houghton",70,70,309,78.2588996763754,79.2006472491909,0.94174757281553,0.94174757281553,"Private Individual(s)","Private Individual(s)",FALSE,TRUE
1508,"4911","Houghton",80.52,80.52,352,79.0965909090909,80.0369318181818,0.940340909090907,0.940340909090907,"Forest Industry","Forest Industry",FALSE,TRUE
1509,"16087","Houghton",40,40,182,79.7472527472527,78.8076923076923,-0.939560439560438,0.939560439560438,"Forest Industry","Forest Industry",FALSE,TRUE
1510,"16144","Houghton",80,80,378,79.6269841269841,80.5661375661376,0.939153439153444,0.939153439153444,"Forest Industry","Forest Industry",FALSE,TRUE
1511,"16159","Houghton",40,40,179,78.854748603352,77.9162011173184,-0.938547486033514,0.938547486033514,"Forest Industry","Forest Industry",FALSE,TRUE
1512,"4983","Houghton",40,40,162,78.7469135802469,79.6851851851852,0.938271604938279,0.938271604938279,"Forest Industry","Forest Industry",FALSE,TRUE
1513,"30007","Houghton",159,159,726,78.6308539944904,79.568870523416,0.93801652892563,0.93801652892563,"Private Individual(s)","Private Individual(s)",FALSE,TRUE
1514,"29319","Houghton",160,160,726,83.7865013774105,84.7231404958678,0.936639118457293,0.936639118457293,"Forest Industry","Forest Industry",FALSE,TRUE
1515,"33964","Houghton",30,30,135,73.8444444444444,74.7777777777778,0.933333333333323,0.933333333333323,"Private Individual(s)","Private Individual(s)",FALSE,TRUE
1516,"6007","Houghton",30,30,134,81.1417910447761,82.0746268656716,0.932835820895534,0.932835820895534,"Other Business","Other Business",FALSE,TRUE
1517,"6079","Houghton",40,40,181,83.828729281768,84.7569060773481,0.9281767955801,0.9281767955801,"Private Individual(s)","Private Individual(s)",FALSE,TRUE
1518,"21460","Keweenaw",40,40,180,80.0666666666667,80.9944444444444,0.927777777777777,0.927777777777777,"Forest Industry","Other Business",TRUE,TRUE
1519,"29556","Houghton",120,120,542,81.1217712177122,82.0461254612546,0.924354243542439,0.924354243542439,"Private Individual(s)","Private Group",TRUE,TRUE
1520,"11965","Keweenaw",480,480,2174,71.6182152713891,70.6954921803128,-0.922723091076364,0.922723091076364,"Forest Industry","Forest Industry",FALSE,TRUE
1521,"27118","Houghton",70.67,70.67,335,75.3970149253731,76.3194029850746,0.922388059701504,0.922388059701504,"Other Business","Other Business",FALSE,TRUE
1522,"33719","Houghton",80,80,359,83.3816155988858,82.4596100278551,-0.922005571030638,0.922005571030638,"Forest Industry","Forest Industry",FALSE,TRUE
1523,"10156","Houghton",80,80,361,78.0526315789474,77.1357340720222,-0.91689750692521,0.91689750692521,"Other","Other",FALSE,TRUE
1524,"10238","Houghton",200,200,829,79.1797346200241,78.2653799758746,-0.914354644149569,0.914354644149569,"Forest Industry","Forest Industry",FALSE,TRUE
1525,"29346","Keweenaw",80,80,351,80.5840455840456,81.4957264957265,0.911680911680918,0.911680911680918,"Private Individual(s)","Private Individual(s)",FALSE,TRUE
1526,"24059","Keweenaw",160,160,731,76.3625170998632,77.2735978112175,0.911080711354316,0.911080711354316,"Private Individual(s)","Private Individual(s)",FALSE,TRUE
1527,"4998","Houghton",40,40,162,79.179012345679,80.0864197530864,0.907407407407405,0.907407407407405,"Forest Industry","Forest Industry",FALSE,TRUE
1528,"16271","Keweenaw",40,40,179,80.1564245810056,81.0614525139665,0.905027932960905,0.905027932960905,"Forest Industry","Forest Industry",FALSE,TRUE
1529,"34166","Houghton",560,560,2564,74.5070202808112,73.6021840873635,-0.904836193447736,0.904836193447736,"Forest Industry","Forest Industry",FALSE,TRUE
1530,"34591","Houghton",40,40,176,83.6306818181818,84.5340909090909,0.903409090909093,0.903409090909093,"Other Business","Other Business",FALSE,TRUE
1531,"4994","Houghton",80,80,383,82.4986945169713,83.402088772846,0.903394255874673,0.903394255874673,"Other Business","Other Business",FALSE,TRUE
1532,"5097","Houghton",40,40,172,84.9825581395349,85.8837209302326,0.901162790697668,0.901162790697668,"Forest Industry","Forest Industry",FALSE,TRUE
1533,"27750","Houghton",40,40,171,82.5263157894737,83.4269005847953,0.900584795321635,0.900584795321635,"Other","Private Individual(s)",TRUE,TRUE
1534,"19506","Houghton",40,40,176,80.6875,81.5852272727273,0.897727272727266,0.897727272727266,"Other Business","Other Business",FALSE,TRUE
1535,"12083","Keweenaw",400,400,1782,76.0028058361392,76.9001122334456,0.897306397306394,0.897306397306394,"Forest Industry","Forest Industry",FALSE,TRUE
1536,"10369","Houghton",598.42,598.42,2685,83.5523277467412,84.4491620111732,0.89683426443203,0.89683426443203,"Forest Industry","Forest Industry",FALSE,TRUE
1537,"10289","Houghton",160,160,726,80.7727272727273,79.8760330578512,-0.896694214876021,0.896694214876021,"Forest Industry","Forest Industry",FALSE,TRUE
1538,"33332","Keweenaw",20,20,96,80.9166666666667,81.8125,0.895833333333329,0.895833333333329,"Private Individual(s)","Private Individual(s)",FALSE,TRUE
1539,"22076","Houghton",40,40,182,81.5824175824176,82.4725274725275,0.890109890109898,0.890109890109898,"Private Individual(s)","Private Individual(s)",FALSE,TRUE
1540,"19739","Keweenaw",20,20,91,80.0989010989011,80.989010989011,0.890109890109898,0.890109890109898,"Forest Industry","Other Business",TRUE,TRUE
1541,"16118","Houghton",40,40,181,82.7624309392265,83.6519337016575,0.889502762430936,0.889502762430936,"Forest Industry","Forest Industry",FALSE,TRUE
1542,"22838","Keweenaw",40,40,175,75.8742857142857,76.76,0.885714285714286,0.885714285714286,"Private Individual(s)","Private Individual(s)",FALSE,TRUE
1543,"16141","Houghton",320,320,1490,80.1986577181208,81.0838926174497,0.885234899328864,0.885234899328864,"Forest Industry","Forest Industry",FALSE,TRUE
1544,"26026","Houghton",80,80,357,73.1596638655462,74.0448179271709,0.885154061624647,0.885154061624647,"Private Individual(s)","Private Individual(s)",FALSE,TRUE
1545,"19730","Keweenaw",80,80,360,71.075,71.9583333333333,0.883333333333326,0.883333333333326,"Forest Industry","Forest Industry",FALSE,TRUE
1546,"26756","Houghton",43.15,43.15,185,80.4864864864865,81.3675675675676,0.881081081081078,0.881081081081078,"Private Individual(s)","Private Individual(s)",FALSE,TRUE
1547,"12117","Keweenaw",120,120,521,76.5758157389635,77.4548944337812,0.879078694817665,0.879078694817665,"Forest Industry","Forest Industry",FALSE,TRUE
1548,"28822","Houghton",80,80,355,81.1267605633803,82.0056338028169,0.878873239436615,0.878873239436615,"Other Business","Other Business",FALSE,TRUE
1549,"6111","Keweenaw",160,160,701,83.5192582025678,84.3965763195435,0.877318116975758,0.877318116975758,"Forest Industry","Forest Industry",FALSE,TRUE
1550,"17439","Keweenaw",80,80,364,77.8571428571429,78.7335164835165,0.876373626373621,0.876373626373621,"Forest Industry","Other Business",TRUE,TRUE
1551,"30041","Houghton",80,NA,354,66.2937853107345,67.1694915254237,0.875706214689259,0.875706214689259,"Private Individual(s)","non-CFP in 2026",FALSE,FALSE
1552,"23154","Houghton",160,160,719,84.5312934631433,83.6564673157163,-0.874826147426987,0.874826147426987,"Private Individual(s)","Private Individual(s)",FALSE,TRUE
1553,"34295","Keweenaw",140,140,634,69.8958990536278,69.0236593059937,-0.872239747634069,0.872239747634069,"Forest Industry","Other Business",TRUE,TRUE
1554,"17540","Houghton",425.34,425.34,1952,82.4610655737705,83.328893442623,0.867827868852459,0.867827868852459,"Forest Industry","Forest Industry",FALSE,TRUE
1555,"21877","Houghton",40,40,180,76.2,77.0666666666667,0.86666666666666,0.86666666666666,"Private Individual(s)","Private Individual(s)",FALSE,TRUE
1556,"30742","Keweenaw",310,NA,1270,71.2409448818898,70.3771653543307,-0.863779527559046,0.863779527559046,"Forest Industry","non-CFP in 2026",FALSE,FALSE
1557,"6125","Keweenaw",40,40,176,81.5568181818182,82.4204545454545,0.86363636363636,0.86363636363636,"Forest Industry","Forest Industry",FALSE,TRUE
1558,"20662","Keweenaw",80,80,343,72.533527696793,71.6734693877551,-0.860058309037896,0.860058309037896,"Forest Industry","Other Business",TRUE,TRUE
1559,"10206","Houghton",160,160,667,83.4782608695652,82.6296851574213,-0.848575712143926,0.848575712143926,"Forest Industry","Forest Industry",FALSE,TRUE
1560,"16136","Houghton",320,320,1452,81.3057851239669,82.1542699724518,0.848484848484844,0.848484848484844,"Forest Industry","Forest Industry",FALSE,TRUE
1561,"28439","Keweenaw",150,NA,675,73.4874074074074,74.3333333333333,0.845925925925926,0.845925925925926,"Forest Industry","non-CFP in 2026",FALSE,FALSE
1562,"26027","Houghton",40,40,179,82.4469273743017,81.6033519553073,-0.843575418994419,0.843575418994419,"Private Individual(s)","Private Individual(s)",FALSE,TRUE
1563,"27140","Houghton",33.75,33.75,158,79.9050632911392,80.746835443038,0.841772151898738,0.841772151898738,"Private Individual(s)","Private Individual(s)",FALSE,TRUE
1564,"21876","Houghton",80,80,356,82.4241573033708,83.2640449438202,0.839887640449433,0.839887640449433,"Private Individual(s)","Private Individual(s)",FALSE,TRUE
1565,"4942","Houghton",40,40,174,81.1034482758621,81.9425287356322,0.839080459770116,0.839080459770116,"Forest Industry","Forest Industry",FALSE,TRUE
1566,"10256","Houghton",320,NA,1432,75.2918994413408,76.1284916201117,0.836592178770942,0.836592178770942,"Forest Industry","non-CFP in 2026",FALSE,FALSE
1567,"3633","Houghton",40,40,182,82.9230769230769,83.7582417582418,0.835164835164832,0.835164835164832,"Private Individual(s)","Private Individual(s)",FALSE,TRUE
1568,"30242","Houghton",70,70,323,80.7430340557275,79.9102167182663,-0.832817337461293,0.832817337461293,"Private Individual(s)","Private Individual(s)",FALSE,TRUE
1569,"10319","Houghton",160,160,704,83.0198863636364,83.8522727272727,0.832386363636374,0.832386363636374,"Private Individual(s)","Private Individual(s)",FALSE,TRUE
1570,"32564","Houghton",584.7,NA,2631,78.8548080577727,79.6860509312049,0.831242873432146,0.831242873432146,"Forest Industry","non-CFP in 2026",FALSE,FALSE
1571,"10218","Houghton",240,240,1077,77.6963788300836,78.5236768802228,0.827298050139277,0.827298050139277,"Private Individual(s)","Private Individual(s)",FALSE,TRUE
1572,"23222","Keweenaw",160,160,735,79.7197278911565,80.5442176870748,0.824489795918367,0.824489795918367,"Private Individual(s)","Trust",TRUE,TRUE
1573,"5194","Keweenaw",40,40,179,82.6648044692737,83.4860335195531,0.821229050279328,0.821229050279328,"Forest Industry","Forest Industry",FALSE,TRUE
1574,"23170","Houghton",40,40,179,80,80.8212290502793,0.821229050279328,0.821229050279328,"Private Individual(s)","Private Individual(s)",FALSE,TRUE
1575,"23179","Houghton",280,280,1264,80.9944620253165,81.815664556962,0.821202531645568,0.821202531645568,"Private Individual(s)","Private Individual(s)",FALSE,TRUE
1576,"10299","Houghton",160,160,742,80.4528301886792,81.2735849056604,0.820754716981128,0.820754716981128,"Forest Industry","Trust",TRUE,TRUE
1577,"12056","Keweenaw",320,320,1424,83.0505617977528,83.8700842696629,0.819522471910119,0.819522471910119,"Forest Industry","Forest Industry",FALSE,TRUE
1578,"29281","Houghton",75,75,334,82.3952095808383,83.2065868263473,0.811377245508979,0.811377245508979,"Forest Industry","Forest Industry",FALSE,TRUE
1579,"4948","Houghton",80,80,352,67.2727272727273,66.4630681818182,-0.809659090909079,0.809659090909079,"Forest Industry","Forest Industry",FALSE,TRUE
1580,"10330","Houghton",80,80,381,69.3070866141732,70.1154855643045,0.808398950131235,0.808398950131235,"Forest Industry","Forest Industry",FALSE,TRUE
1581,"17514","Houghton",80,80,359,77.9052924791086,77.0974930362117,-0.807799442896936,0.807799442896936,"Forest Industry","Forest Industry",FALSE,TRUE
1582,"10392","Houghton",80,80,364,79.7252747252747,80.532967032967,0.807692307692307,0.807692307692307,"Private Individual(s)","Private Individual(s)",FALSE,TRUE
1583,"29095","Houghton",40,40,182,81.043956043956,81.8516483516484,0.807692307692307,0.807692307692307,"Forest Industry","Forest Industry",FALSE,TRUE
1584,"11944","Keweenaw",200,200,889,78.29696287964,79.1046119235096,0.807649043869517,0.807649043869517,"Forest Industry","Forest Industry",FALSE,TRUE
1585,"5124","Houghton",640,640,2895,83.2594127806563,84.0642487046632,0.804835924006909,0.804835924006909,"Forest Industry","Forest Industry",FALSE,TRUE
1586,"31970","Houghton",110,110,495,81.7979797979798,82.6,0.802020202020202,0.802020202020202,"Private Individual(s)","Private Individual(s)",FALSE,TRUE
1587,"5142","Houghton",38.7,38.7,161,81.7080745341615,82.5093167701863,0.801242236024834,0.801242236024834,"Forest Industry","Forest Industry",FALSE,TRUE
1588,"28818","Houghton",20,NA,90,82.0222222222222,82.8222222222222,0.799999999999997,0.799999999999997,"Private Individual(s)","non-CFP in 2026",FALSE,FALSE
1589,"17519","Houghton",320,320,1455,81.0852233676976,81.8824742268041,0.797250859106526,0.797250859106526,"Forest Industry","Forest Industry",FALSE,TRUE
1590,"23312","Keweenaw",52.9,52.9,118,75.1186440677966,74.3220338983051,-0.79661016949153,0.79661016949153,"Forest Industry","Other Business",TRUE,TRUE
1591,"21887","Houghton",40,40,179,83.7877094972067,84.5810055865922,0.793296089385478,0.793296089385478,"Private Individual(s)","Private Individual(s)",FALSE,TRUE
1592,"11960","Keweenaw",320,320,1416,82.3524011299435,83.1447740112994,0.792372881355931,0.792372881355931,"Forest Industry","Forest Industry",FALSE,TRUE
1593,"30138","Houghton",240,240,1066,62.1369606003752,62.9277673545966,0.790806754221393,0.790806754221393,"Private Individual(s)","Private Individual(s)",FALSE,TRUE
1594,"4958","Houghton",40,NA,166,68.4036144578313,67.6144578313253,-0.789156626506028,0.789156626506028,"Forest Industry","non-CFP in 2026",FALSE,FALSE
1595,"29210","Houghton",632.36,632.36,2828,80.8857850070721,80.0983026874116,-0.787482319660526,0.787482319660526,"Private Individual(s)","Other Business",TRUE,TRUE
1596,"34592","Houghton",30.25,30.25,136,81.9264705882353,82.7058823529412,0.779411764705884,0.779411764705884,"Other Business","Other Business",FALSE,TRUE
1597,"19023","Keweenaw",160,160,720,75.2763888888889,76.0555555555556,0.779166666666669,0.779166666666669,"Forest Industry","Other Business",TRUE,TRUE
1598,"778","Keweenaw",80,NA,353,73.385269121813,74.1614730878187,0.776203966005667,0.776203966005667,"Forest Industry","non-CFP in 2026",FALSE,FALSE
1599,"30660","Keweenaw",342,342,1510,77.8291390728477,78.6033112582781,0.774172185430459,0.774172185430459,"Forest Industry","Other Business",TRUE,TRUE
1600,"6140","Keweenaw",40,40,177,79.4915254237288,78.7175141242938,-0.774011299435031,0.774011299435031,"Forest Industry","Forest Industry",FALSE,TRUE
1601,"29092","Houghton",41.48,41.48,181,74.4033149171271,75.171270718232,0.767955801104961,0.767955801104961,"Forest Industry","Forest Industry",FALSE,TRUE
1602,"12094","Keweenaw",640,640,2861,80.8818594896889,81.6490737504369,0.767214260747991,0.767214260747991,"Other Business","Other Business",FALSE,TRUE
1603,"33767","Houghton",40,40,183,80.0546448087432,80.8196721311475,0.765027322404379,0.765027322404379,"Other Business","Other Business",FALSE,TRUE
1604,"23223","Keweenaw",80,80,369,73.2168021680217,73.9810298102981,0.76422764227641,0.76422764227641,"Private Individual(s)","Trust",TRUE,TRUE
1605,"23293","Keweenaw",306.75,306.75,1374,77.1586608442504,76.3959243085881,-0.762736535662299,0.762736535662299,"Forest Industry","Other Business",TRUE,TRUE
1606,"35179","Keweenaw",240,240,1068,82.4503745318352,83.2125468164794,0.762172284644194,0.762172284644194,"Forest Industry","Forest Industry",FALSE,TRUE
1607,"10200","Houghton",648.96,648.96,2905,77.8936316695353,78.6557659208262,0.762134251290874,0.762134251290874,"Forest Industry","Forest Industry",FALSE,TRUE
1608,"31986","Houghton",40,40,180,83.3111111111111,84.0722222222222,0.761111111111106,0.761111111111106,"Forest Industry","Forest Industry",FALSE,TRUE
1609,"5082","Houghton",640,640,3165,82.1488151658768,82.9064770932069,0.757661927330162,0.757661927330162,"Forest Industry","Forest Industry",FALSE,TRUE
1610,"4937","Houghton",40,40,177,58.3276836158192,59.0847457627119,0.75706214689265,0.75706214689265,"Forest Industry","Forest Industry",FALSE,TRUE
1611,"18017","Keweenaw",320,320,1401,79.2077087794433,79.9621698786581,0.754461099214851,0.754461099214851,"Forest Industry","Forest Industry",FALSE,TRUE
1612,"10302","Houghton",80,80,336,83.1488095238095,83.9017857142857,0.75297619047619,0.75297619047619,"Private Individual(s)","Private Individual(s)",FALSE,TRUE
1613,"27106","Keweenaw",160,160,720,73.7541666666667,74.5055555555556,0.751388888888897,0.751388888888897,"Forest Industry","Other Business",TRUE,TRUE
1614,"907","Houghton",40,40,181,84.5359116022099,85.2872928176796,0.751381215469607,0.751381215469607,"Private Individual(s)","Trust",TRUE,TRUE
1615,"16113","Houghton",37.28,37.28,185,70.2162162162162,70.9675675675676,0.75135135135136,0.75135135135136,"Forest Industry","Forest Industry",FALSE,TRUE
1616,"798","Keweenaw",320,320,1440,72.3673611111111,73.1173611111111,0.75,0.75,"Forest Industry","Forest Industry",FALSE,TRUE
1617,"18831","Houghton",40,40,175,83.4914285714286,84.24,0.748571428571424,0.748571428571424,"Private Individual(s)","Private Individual(s)",FALSE,TRUE
1618,"16120","Houghton",80,80,357,76.3697478991597,77.1176470588235,0.747899159663874,0.747899159663874,"Forest Industry","Forest Industry",FALSE,TRUE
1619,"4910","Houghton",321.04,321.04,1404,78.6481481481482,79.3945868945869,0.746438746438741,0.746438746438741,"Forest Industry","Forest Industry",FALSE,TRUE
1620,"27635","Houghton",80,80,362,83.1298342541436,82.3839779005525,-0.745856353591165,0.745856353591165,"Private Individual(s)","Private Individual(s)",FALSE,TRUE
1621,"17141","Houghton",40,40,181,81.171270718232,81.9171270718232,0.745856353591165,0.745856353591165,"Forest Industry","Forest Industry",FALSE,TRUE
1622,"23168","Houghton",40,40,181,81.2762430939227,82.0220994475138,0.745856353591151,0.745856353591151,"Private Individual(s)","Private Individual(s)",FALSE,TRUE
1623,"10198","Houghton",50,NA,232,83.6422413793103,84.3879310344828,0.745689655172413,0.745689655172413,"Other","non-CFP in 2026",FALSE,FALSE
1624,"6131","Keweenaw",80,80,353,83.9093484419263,84.6543909348442,0.745042492917847,0.745042492917847,"Forest Industry","Forest Industry",FALSE,TRUE
1625,"27807","Keweenaw",69.49,69.49,317,70.6529968454259,69.9085173501577,-0.744479495268138,0.744479495268138,"Forest Industry","Other Business",TRUE,TRUE
1626,"10429","Houghton",80,80,357,79.327731092437,80.0700280112045,0.742296918767508,0.742296918767508,"Private Individual(s)","Private Individual(s)",FALSE,TRUE
1627,"26765","Houghton",40,40,186,82.0860215053764,82.8279569892473,0.741935483870961,0.741935483870961,"Private Individual(s)","Private Individual(s)",FALSE,TRUE
1628,"10305","Houghton",40,40,179,83.7765363128492,84.5139664804469,0.737430167597765,0.737430167597765,"Private Individual(s)","Private Individual(s)",FALSE,TRUE
1629,"29555","Houghton",150,150,669,78.6741405082212,79.4110612855008,0.736920777279522,0.736920777279522,"Private Individual(s)","Private Group",TRUE,TRUE
1630,"27268","Houghton",520,520,2338,81.803250641574,81.0671514114628,-0.736099230111208,0.736099230111208,"Other Business","Other Business",FALSE,TRUE
1631,"16937","Houghton",40,40,178,82.1685393258427,82.9044943820225,0.735955056179776,0.735955056179776,"Other Business","Other Business",FALSE,TRUE
1632,"10267","Houghton",240,240,1075,78.2093023255814,77.4744186046512,-0.734883720930227,0.734883720930227,"Forest Industry","Forest Industry",FALSE,TRUE
1633,"5106","Houghton",640,640,2821,81.9138603332152,82.6479971641262,0.734136830911027,0.734136830911027,"Forest Industry","Forest Industry",FALSE,TRUE
1634,"6132","Keweenaw",160,160,710,83.1845070422535,83.9154929577465,0.730985915492965,0.730985915492965,"Forest Industry","Forest Industry",FALSE,TRUE
1635,"30384","Keweenaw",20,20,89,74.8876404494382,75.6179775280899,0.730337078651672,0.730337078651672,"Private Individual(s)","Private Individual(s)",FALSE,TRUE
1636,"28454","Houghton",40,40,181,82.3867403314917,83.1160220994475,0.729281767955811,0.729281767955811,"Private Individual(s)","Private Individual(s)",FALSE,TRUE
1637,"12030","Keweenaw",40,40,180,83.6777777777778,84.4055555555556,0.727777777777774,0.727777777777774,"Forest Industry","Forest Industry",FALSE,TRUE
1638,"12108","Keweenaw",240,240,1067,82.2549203373946,82.9812558575445,0.726335520149945,0.726335520149945,"Forest Industry","Forest Industry",FALSE,TRUE
1639,"6118","Keweenaw",160,160,724,82.5124309392265,83.2361878453039,0.723756906077355,0.723756906077355,"Forest Industry","Forest Industry",FALSE,TRUE
1640,"31155","Keweenaw",40,40,173,73.9884393063584,74.7109826589595,0.72254335260115,0.72254335260115,"Forest Industry","Forest Industry",FALSE,TRUE
1641,"4995","Houghton",40,40,209,77.5358851674641,78.2583732057416,0.722488038277504,0.722488038277504,"Other Business","Other Business",FALSE,TRUE
1642,"30424","Houghton",40,40,179,80.7765363128492,81.4972067039106,0.720670391061461,0.720670391061461,"Private Individual(s)","Private Individual(s)",FALSE,TRUE
1643,"3635","Keweenaw",160,160,696,82.7543103448276,83.4698275862069,0.715517241379303,0.715517241379303,"Forest Industry","Forest Industry",FALSE,TRUE
1644,"5127","Houghton",40,40,179,84.1117318435754,84.8268156424581,0.715083798882688,0.715083798882688,"Forest Industry","Forest Industry",FALSE,TRUE
1645,"33917","Houghton",43,43,209,80.3014354066986,81.0143540669856,0.712918660287087,0.712918660287087,"Private Individual(s)","Private Individual(s)",FALSE,TRUE
1646,"16100","Houghton",280,280,1259,79.6862589356632,80.3979348689436,0.711675933280389,0.711675933280389,"Forest Industry","Forest Industry",FALSE,TRUE
1647,"19710","Keweenaw",20,20,90,74.1333333333333,74.8444444444444,0.711111111111109,0.711111111111109,"Forest Industry","Forest Industry",FALSE,TRUE
1648,"5157","Houghton",160,160,732,82.1912568306011,81.4808743169399,-0.710382513661202,0.710382513661202,"Forest Industry","Forest Industry",FALSE,TRUE
1649,"31060","Keweenaw",175,175,786,77.3791348600509,78.0839694656488,0.704834605597952,0.704834605597952,"Private Individual(s)","Private Individual(s)",FALSE,TRUE
1650,"29217","Houghton",40,NA,179,82.6871508379888,83.391061452514,0.703910614525142,0.703910614525142,"Private Individual(s)","non-CFP in 2026",FALSE,FALSE
1651,"4901","Houghton",40,40,182,81.2472527472527,81.9505494505494,0.703296703296701,0.703296703296701,"Private Individual(s)","Trust",TRUE,TRUE
1652,"17455","Keweenaw",71.57,71.57,325,72.0338461538462,72.7353846153846,0.701538461538462,0.701538461538462,"Other Business","Other Business",FALSE,TRUE
1653,"1","Houghton",40,40,179,83.9106145251397,84.608938547486,0.69832402234637,0.69832402234637,"Private Individual(s)","Private Individual(s)",FALSE,TRUE
1654,"30795","Houghton",40,40,178,83.7134831460674,83.0168539325843,-0.696629213483149,0.696629213483149,"Private Individual(s)","Private Individual(s)",FALSE,TRUE
1655,"17618","Houghton",104.7,104.7,461,81.2971800433839,81.9934924078091,0.696312364425168,0.696312364425168,"Forest Industry","Trust",TRUE,TRUE
1656,"30422","Houghton",40,40,177,84.6327683615819,85.3276836158192,0.694915254237287,0.694915254237287,"Private Individual(s)","Private Individual(s)",FALSE,TRUE
1657,"10111","Houghton",40,40,178,81.2359550561798,81.9269662921348,0.69101123595506,0.69101123595506,"Private Individual(s)","Private Individual(s)",FALSE,TRUE
1658,"31766","Keweenaw",160,NA,721,76.4341192787795,77.124826629681,0.690707350901519,0.690707350901519,"Other Business","non-CFP in 2026",FALSE,FALSE
1659,"28978","Houghton",160,160,705,83.2184397163121,83.9078014184397,0.689361702127655,0.689361702127655,"Forest Industry","Forest Industry",FALSE,TRUE
1660,"28041","Houghton",40,40,180,81.1166666666667,81.8055555555556,0.688888888888897,0.688888888888897,"Forest Industry","Forest Industry",FALSE,TRUE
1661,"16116","Houghton",160,160,732,81.2732240437158,81.9603825136612,0.687158469945359,0.687158469945359,"Forest Industry","Forest Industry",FALSE,TRUE
1662,"30768","Houghton",180,NA,814,76.9545454545455,77.6412776412776,0.686732186732186,0.686732186732186,"Private Individual(s)","non-CFP in 2026",FALSE,FALSE
1663,"17587","Houghton",40,40,181,77.5193370165746,78.2044198895028,0.685082872928177,0.685082872928177,"Private Individual(s)","Private Individual(s)",FALSE,TRUE
1664,"789","Keweenaw",80,NA,352,54.1903409090909,53.5056818181818,-0.684659090909086,0.684659090909086,"Forest Industry","non-CFP in 2026",FALSE,FALSE
1665,"10427","Houghton",240,240,1060,67.4,66.7169811320755,-0.683018867924531,0.683018867924531,"Forest Industry","Forest Industry",FALSE,TRUE
1666,"18830","Houghton",40,40,173,83.6127167630058,84.2947976878613,0.682080924855498,0.682080924855498,"Private Individual(s)","Private Individual(s)",FALSE,TRUE
1667,"812","Keweenaw",160,160,714,77.6750700280112,76.9929971988796,-0.682072829131656,0.682072829131656,"Forest Industry","Forest Industry",FALSE,TRUE
1668,"11920","Keweenaw",638.96,638.96,2797,77.5888451912764,78.2706471219163,0.681801930639978,0.681801930639978,"Forest Industry","Forest Industry",FALSE,TRUE
1669,"32000","Houghton",160,160,711,80.5218002812939,81.2025316455696,0.680731364275672,0.680731364275672,"Private Individual(s)","Private Individual(s)",FALSE,TRUE
1670,"35372","Houghton",80,80,360,81.6277777777778,82.3055555555556,0.677777777777777,0.677777777777777,"Private Individual(s)","Private Individual(s)",FALSE,TRUE
1671,"20644","Houghton",20,20,92,77.8152173913043,78.4891304347826,0.673913043478265,0.673913043478265,"Forest Industry","Forest Industry",FALSE,TRUE
1672,"17521","Houghton",320.72,320.72,1460,81.6972602739726,81.0239726027397,-0.67328767123287,0.67328767123287,"Forest Industry","Forest Industry",FALSE,TRUE
1673,"18007","Keweenaw",120,120,531,76.5838041431262,75.9114877589454,-0.672316384180789,0.672316384180789,"Forest Industry","Other Business",TRUE,TRUE
1674,"22059","Houghton",90.05,90.05,762,78.2309711286089,77.5603674540682,-0.670603674540686,0.670603674540686,"Other Business","Other Business",FALSE,TRUE
1675,"33918","Houghton",26.92,26.92,127,81.6535433070866,80.9842519685039,-0.669291338582667,0.669291338582667,"Forest Industry","Forest Industry",FALSE,TRUE
1676,"10086","Houghton",80,80,358,81.6117318435754,82.2793296089386,0.667597765363141,0.667597765363141,"Other Business","Other Business",FALSE,TRUE
1677,"17518","Houghton",624.35,624.35,2713,79.9590858827866,79.2919277552525,-0.667158127534094,0.667158127534094,"Forest Industry","Forest Industry",FALSE,TRUE
1678,"5074","Houghton",160,160,751,77.3821571238349,78.0492676431425,0.667110519307585,0.667110519307585,"Forest Industry","Forest Industry",FALSE,TRUE
1679,"22836","Keweenaw",40,40,175,80.8171428571429,81.48,0.662857142857149,0.662857142857149,"Private Individual(s)","Private Individual(s)",FALSE,TRUE
1680,"23289","Keweenaw",40,40,182,69.0989010989011,69.7582417582418,0.659340659340657,0.659340659340657,"Forest Industry","Other Business",TRUE,TRUE
1681,"11909","Keweenaw",320,320,1429,78.5633310006998,77.9055283414976,-0.657802659202233,0.657802659202233,"Forest Industry","Forest Industry",FALSE,TRUE
1682,"780","Keweenaw",40,40,176,79.5056818181818,80.1590909090909,0.653409090909093,0.653409090909093,"Forest Industry","Forest Industry",FALSE,TRUE
1683,"879","Houghton",40,40,176,83.4318181818182,84.0852272727273,0.653409090909079,0.653409090909079,"Private Individual(s)","Private Individual(s)",FALSE,TRUE
1684,"28815","Houghton",160,160,719,83.990264255911,84.6411682892907,0.650904033379689,0.650904033379689,"Private Individual(s)","Private Individual(s)",FALSE,TRUE
1685,"784","Keweenaw",320,320,1442,67.5429958391124,68.1934812760055,0.650485436893192,0.650485436893192,"Forest Industry","Forest Industry",FALSE,TRUE
1686,"34998","Houghton",80,80,360,83.5611111111111,84.2111111111111,0.649999999999991,0.649999999999991,"Forest Industry","Forest Industry",FALSE,TRUE
1687,"5218","Keweenaw",120,120,530,74.1490566037736,74.7981132075472,0.649056603773587,0.649056603773587,"Forest Industry","Forest Industry",FALSE,TRUE
1688,"29090","Houghton",40,40,176,82.9715909090909,83.6193181818182,0.64772727272728,0.64772727272728,"Forest Industry","Forest Industry",FALSE,TRUE
1689,"17503","Houghton",40,40,181,75.6961325966851,76.3425414364641,0.646408839778999,0.646408839778999,"Private Individual(s)","Private Individual(s)",FALSE,TRUE
1690,"16133","Houghton",640,640,3026,80.2742894910773,80.9153998678123,0.641110376734972,0.641110376734972,"Forest Industry","Forest Industry",FALSE,TRUE
1691,"818","Keweenaw",320,320,1412,73.6600566572238,73.0198300283286,-0.640226628895178,0.640226628895178,"Forest Industry","Forest Industry",FALSE,TRUE
1692,"17070","Houghton",150,NA,657,81.4063926940639,82.0456621004566,0.6392694063927,0.6392694063927,"Other Business","non-CFP in 2026",FALSE,FALSE
1693,"4900","Houghton",40,40,179,74.7821229050279,74.145251396648,-0.636871508379883,0.636871508379883,"Private Individual(s)","Trust",TRUE,TRUE
1694,"10393","Houghton",40,40,179,82.4972067039106,83.1340782122905,0.636871508379883,0.636871508379883,"Private Individual(s)","Private Individual(s)",FALSE,TRUE
1695,"6126","Keweenaw",160,160,702,81.7492877492877,82.3860398860399,0.636752136752136,0.636752136752136,"Forest Industry","Forest Industry",FALSE,TRUE
1696,"19503","Houghton",280,280,1286,83.2970451010886,82.6609642301711,-0.636080870917567,0.636080870917567,"Forest Industry","Forest Industry",FALSE,TRUE
1697,"17508","Houghton",40,40,183,78.4754098360656,77.8415300546448,-0.633879781420774,0.633879781420774,"Forest Industry","Forest Industry",FALSE,TRUE
1698,"32202","Houghton",150,150,663,81.710407239819,82.342383107089,0.631975867269986,0.631975867269986,"Private Individual(s)","Private Individual(s)",FALSE,TRUE
1699,"26774","Houghton",40,40,179,76.6871508379888,77.3184357541899,0.631284916201125,0.631284916201125,"Forest Industry","Forest Industry",FALSE,TRUE
1700,"16122","Houghton",331.93,331.93,1472,80.4966032608696,81.1277173913043,0.631114130434781,0.631114130434781,"Forest Industry","Forest Industry",FALSE,TRUE
1701,"35464","Houghton",105.21,105.21,486,79.8477366255144,80.477366255144,0.629629629629633,0.629629629629633,"Forest Industry","Forest Industry",FALSE,TRUE
1702,"27116","Houghton",320,320,1464,79.3715846994535,80.0006830601093,0.629098360655746,0.629098360655746,"Other Business","Other Business",FALSE,TRUE
1703,"5092","Houghton",80,80,352,77.0965909090909,77.7244318181818,0.627840909090907,0.627840909090907,"Forest Industry","Forest Industry",FALSE,TRUE
1704,"30250","Keweenaw",489.8,489.8,2233,75.1957008508733,74.5723242274966,-0.623376623376629,0.623376623376629,"Forest Industry","Forest Industry",FALSE,TRUE
1705,"30681","Keweenaw",80,80,363,77.7465564738292,78.3691460055096,0.622589531680447,0.622589531680447,"Private Individual(s)","Private Individual(s)",FALSE,TRUE
1706,"17529","Houghton",40,40,176,82.4943181818182,83.1136363636364,0.619318181818173,0.619318181818173,"Forest Industry","Forest Industry",FALSE,TRUE
1707,"5309","Houghton",40,40,183,80.6775956284153,81.2950819672131,0.617486338797818,0.617486338797818,"Private Individual(s)","Trust",TRUE,TRUE
1708,"23260","Keweenaw",31.13,31.13,133,78.1052631578947,78.7218045112782,0.616541353383454,0.616541353383454,"Forest Industry","Forest Industry",FALSE,TRUE
1709,"16152","Houghton",80,80,367,75.1089918256131,75.7220708446867,0.613079019073581,0.613079019073581,"Forest Industry","Forest Industry",FALSE,TRUE
1710,"35195","Houghton",60,60,268,75.5074626865672,76.1194029850746,0.611940298507463,0.611940298507463,"Forest Industry","Forest Industry",FALSE,TRUE
1711,"30434","Houghton",58.31,58.31,301,72.3687707641196,72.9800664451827,0.611295681063126,0.611295681063126,"Forest Industry","Forest Industry",FALSE,TRUE
1712,"19608","Houghton",20,20,90,81.8666666666667,82.4777777777778,0.611111111111114,0.611111111111114,"Forest Industry","Forest Industry",FALSE,TRUE
1713,"31408","Houghton",87,87,928,68.0915948275862,67.4806034482759,-0.610991379310349,0.610991379310349,"Private Individual(s)","Private Individual(s)",FALSE,TRUE
1714,"21474","Keweenaw",80,80,373,70.4906166219839,71.0991957104558,0.608579088471842,0.608579088471842,"Forest Industry","Forest Industry",FALSE,TRUE
1715,"10115","Houghton",400,400,1800,83.2616666666667,82.6533333333333,-0.608333333333334,0.608333333333334,"Other Business","Other Business",FALSE,TRUE
1716,"30630","Keweenaw",75,75,371,81.4905660377358,82.0943396226415,0.603773584905667,0.603773584905667,"Private Individual(s)","Private Individual(s)",FALSE,TRUE
1717,"4898","Houghton",160,160,718,83.991643454039,84.591922005571,0.600278551532043,0.600278551532043,"Private Individual(s)","Private Individual(s)",FALSE,TRUE
1718,"30573","Houghton",20.3,20.3,95,83.5894736842105,84.1894736842105,0.599999999999994,0.599999999999994,"Forest Industry","Trust",TRUE,TRUE
1719,"30067","Houghton",40,40,182,72.6098901098901,73.2087912087912,0.598901098901095,0.598901098901095,"Forest Industry","Forest Industry",FALSE,TRUE
1720,"32532","Houghton",40,40,179,84.0782122905028,84.6759776536313,0.597765363128488,0.597765363128488,"Private Individual(s)","Trust",TRUE,TRUE
1721,"10328","Houghton",320,320,1332,80.292042042042,80.8888888888889,0.596846846846844,0.596846846846844,"Forest Industry","Forest Industry",FALSE,TRUE
1722,"5103","Houghton",640,640,2912,83.237293956044,83.8324175824176,0.595123626373621,0.595123626373621,"Forest Industry","Forest Industry",FALSE,TRUE
1723,"23288","Keweenaw",56.45,56.45,279,66.5089605734767,65.9139784946236,-0.59498207885305,0.59498207885305,"Forest Industry","Other Business",TRUE,TRUE
1724,"26120","Keweenaw",320,320,1419,80.7406624383369,81.3340380549683,0.593375616631434,0.593375616631434,"Forest Industry","Forest Industry",FALSE,TRUE
1725,"28842","Houghton",115,NA,509,75.1552062868369,75.7485265225933,0.593320235756394,0.593320235756394,"Private Individual(s)","non-CFP in 2026",FALSE,FALSE
1726,"5128","Houghton",40,40,179,79.2402234636871,79.8324022346369,0.592178770949729,0.592178770949729,"Forest Industry","Forest Industry",FALSE,TRUE
1727,"21430","Houghton",75.83,NA,355,83.5859154929578,84.1746478873239,0.58873239436619,0.58873239436619,"Private Individual(s)","non-CFP in 2026",FALSE,FALSE
1728,"32718","Houghton",46.05,46.05,216,73.3194444444444,73.9074074074074,0.587962962962962,0.587962962962962,"Private Individual(s)","Private Individual(s)",FALSE,TRUE
1729,"873","Houghton",80,80,353,81.8498583569405,82.4362606232295,0.586402266288943,0.586402266288943,"Private Individual(s)","Trust",TRUE,TRUE
1730,"342","Houghton",40,40,188,81.0744680851064,80.4893617021277,-0.585106382978736,0.585106382978736,"Forest Industry","Forest Industry",FALSE,TRUE
1731,"5869","Keweenaw",280,280,1259,81.9515488482923,82.5361397934869,0.584590945194606,0.584590945194606,"Forest Industry","Forest Industry",FALSE,TRUE
1732,"18997","Keweenaw",640,NA,2856,69.5483193277311,70.1327030812325,0.584383753501399,0.584383753501399,"Forest Industry","non-CFP in 2026",FALSE,FALSE
1733,"19017","Keweenaw",160,160,711,81.4486638537271,82.0295358649789,0.580872011251756,0.580872011251756,"Forest Industry","Other Business",TRUE,TRUE
1734,"22835","Houghton",40,40,181,83.3812154696133,83.9613259668508,0.580110497237555,0.580110497237555,"Other Business","Other Business",FALSE,TRUE
1735,"12077","Keweenaw",20,20,90,70.9111111111111,71.4888888888889,0.577777777777783,0.577777777777783,"Forest Industry","Other Business",TRUE,TRUE
1736,"4891","Houghton",80,80,360,80.6861111111111,81.2638888888889,0.577777777777769,0.577777777777769,"Private Individual(s)","Trust",TRUE,TRUE
1737,"16121","Houghton",21.1,21.1,135,73.1333333333333,73.7111111111111,0.577777777777769,0.577777777777769,"Forest Industry","Forest Industry",FALSE,TRUE
1738,"23157","Houghton",20,20,90,83.6333333333333,84.2111111111111,0.577777777777769,0.577777777777769,"Private Individual(s)","Private Individual(s)",FALSE,TRUE
1739,"10246","Houghton",640,640,2890,83.5910034602076,84.1685121107266,0.577508650519022,0.577508650519022,"Forest Industry","Forest Industry",FALSE,TRUE
1740,"5011","Houghton",639.52,639.52,2821,84.2332506203474,84.8085785182559,0.575327897908551,0.575327897908551,"Forest Industry","Forest Industry",FALSE,TRUE
1741,"6191","Houghton",320,320,1442,78.7219140083218,78.1484049930652,-0.57350901525659,0.57350901525659,"Forest Industry","Forest Industry",FALSE,TRUE
1742,"27154","Houghton",40,40,178,83.4101123595506,83.9831460674157,0.573033707865164,0.573033707865164,"Private Individual(s)","Private Individual(s)",FALSE,TRUE
1743,"30147","Houghton",40,40,180,84.5055555555556,85.0777777777778,0.572222222222223,0.572222222222223,"Private Individual(s)","Private Individual(s)",FALSE,TRUE
1744,"10287","Houghton",160,160,736,81.210597826087,81.78125,0.570652173913047,0.570652173913047,"Private Individual(s)","Private Group",TRUE,TRUE
1745,"18855","Houghton",80,80,362,54.7430939226519,54.1740331491713,-0.569060773480665,0.569060773480665,"Forest Industry","Forest Industry",FALSE,TRUE
1746,"4985","Houghton",40,NA,181,78.6629834254144,79.232044198895,0.569060773480658,0.569060773480658,"Forest Industry","non-CFP in 2026",FALSE,FALSE
1747,"30058","Houghton",485,485,2277,77.7768994290733,78.3443126921388,0.567413263065447,0.567413263065447,"Private Individual(s)","Private Individual(s)",FALSE,TRUE
1748,"12020","Keweenaw",320,320,1441,81.7959750173491,81.2290076335878,-0.566967383761281,0.566967383761281,"Forest Industry","Forest Industry",FALSE,TRUE
1749,"33313","Keweenaw",99,99,479,81.0521920668058,81.6179540709812,0.565762004175369,0.565762004175369,"Private Individual(s)","Private Individual(s)",FALSE,TRUE
1750,"11967","Keweenaw",440,440,1906,82.7722980062959,82.207240293809,-0.56505771248689,0.56505771248689,"Forest Industry","Forest Industry",FALSE,TRUE
1751,"32127","Keweenaw",80,80,359,72.0445682451253,72.6016713091922,0.557103064066851,0.557103064066851,"Other","Other",FALSE,TRUE
1752,"16131","Houghton",160,160,719,84.7399165507649,85.2920723226704,0.552155771905433,0.552155771905433,"Forest Industry","Forest Industry",FALSE,TRUE
1753,"18876","Houghton",20,20,89,78.1348314606742,78.685393258427,0.550561797752806,0.550561797752806,"Forest Industry","Forest Industry",FALSE,TRUE
1754,"22777","Houghton",52.3,52.3,22,85.5909090909091,85.0454545454545,-0.545454545454547,0.545454545454547,"Private Individual(s)","Other Business",TRUE,TRUE
1755,"28455","Houghton",240.37,240.37,1105,81.3846153846154,81.9285067873303,0.543891402714934,0.543891402714934,"Private Individual(s)","Private Individual(s)",FALSE,TRUE
1756,"26009","Houghton",40,40,181,74.5303867403315,73.9889502762431,-0.541436464088406,0.541436464088406,"Private Individual(s)","Private Individual(s)",FALSE,TRUE
1757,"10334","Houghton",240,240,1073,81.4315004659832,81.9720410065238,0.540540540540547,0.540540540540547,"Forest Industry","Forest Industry",FALSE,TRUE
1758,"32070","Keweenaw",40,40,182,73.1923076923077,72.6538461538462,-0.538461538461533,0.538461538461533,"Private Individual(s)","Private Individual(s)",FALSE,TRUE
1759,"11935","Keweenaw",560,560,2567,79.2890533696923,79.8270354499416,0.537982080249307,0.537982080249307,"Forest Industry","Forest Industry",FALSE,TRUE
1760,"22047","Keweenaw",80,80,357,72.3501400560224,72.8879551820728,0.537815126050418,0.537815126050418,"Forest Industry","Other Business",TRUE,TRUE
1761,"5283","Keweenaw",80,80,362,77.0994475138122,76.5635359116022,-0.535911602209936,0.535911602209936,"Club or Group","Other",TRUE,TRUE
1762,"32080","Keweenaw",40,40,181,81.878453038674,82.414364640884,0.535911602209936,0.535911602209936,"Private Individual(s)","Private Individual(s)",FALSE,TRUE
1763,"34525","Houghton",40,40,180,76.7944444444445,77.3277777777778,0.533333333333331,0.533333333333331,"Private Individual(s)","Private Individual(s)",FALSE,TRUE
1764,"10099","Houghton",160,160,704,79.4090909090909,79.9403409090909,0.53125,0.53125,"Other Business","Other Business",FALSE,TRUE
1765,"19125","Houghton",415.67,415.67,1747,81.4476244991414,81.9765311963366,0.528906697195197,0.528906697195197,"Forest Industry","Forest Industry",FALSE,TRUE
1766,"22837","Keweenaw",40,40,176,80.0056818181818,79.4772727272727,-0.528409090909079,0.528409090909079,"Private Individual(s)","Private Individual(s)",FALSE,TRUE
1767,"10078","Houghton",40,40,180,65.8666666666667,66.3944444444444,0.527777777777786,0.527777777777786,"Private Individual(s)","Private Individual(s)",FALSE,TRUE
1768,"19761","Keweenaw",40,40,180,73.8333333333333,73.3055555555556,-0.527777777777771,0.527777777777771,"Forest Industry","Other Business",TRUE,TRUE
1769,"32623","Houghton",517.4,NA,2368,75.7356418918919,76.261402027027,0.525760135135144,0.525760135135144,"Private Individual(s)","non-CFP in 2026",FALSE,FALSE
1770,"34029","Keweenaw",249.14,249.14,1259,73.4225575853852,73.9467831612391,0.524225575853862,0.524225575853862,"Forest Industry","Other Business",TRUE,TRUE
1771,"29991","Houghton",545,NA,2453,83.1035466775377,83.6273950264982,0.523848348960456,0.523848348960456,"Private Individual(s)","non-CFP in 2026",FALSE,FALSE
1772,"32430","Houghton",72,72,325,80.8246153846154,80.3046153846154,-0.519999999999996,0.519999999999996,"Private Individual(s)","Private Individual(s)",FALSE,TRUE
1773,"18865","Houghton",40,40,177,59.728813559322,59.2090395480226,-0.519774011299432,0.519774011299432,"Forest Industry","Forest Industry",FALSE,TRUE
1774,"20439","Houghton",40,40,179,83.8659217877095,84.3854748603352,0.519553072625698,0.519553072625698,"Private Individual(s)","Private Individual(s)",FALSE,TRUE
1775,"5012","Houghton",639.58,639.58,2944,81.3091032608696,81.8257472826087,0.51664402173914,0.51664402173914,"Forest Industry","Forest Industry",FALSE,TRUE
1776,"4229","Keweenaw",120,120,528,77.3257575757576,76.8125,-0.513257575757578,0.513257575757578,"Forest Industry","Forest Industry",FALSE,TRUE
1777,"35430","Houghton",40,40,182,84.3296703296703,84.8406593406593,0.510989010989007,0.510989010989007,"Private Individual(s)","Private Individual(s)",FALSE,TRUE
1778,"22042","Keweenaw",40,40,175,75.1714285714286,75.68,0.508571428571429,0.508571428571429,"Forest Industry","Other Business",TRUE,TRUE
1779,"11934","Keweenaw",600,600,2668,76.6315592203898,77.1356821589205,0.504122938530742,0.504122938530742,"Forest Industry","Forest Industry",FALSE,TRUE
1780,"797","Keweenaw",160,160,705,79.6099290780142,79.1063829787234,-0.503546099290787,0.503546099290787,"Forest Industry","Forest Industry",FALSE,TRUE
1781,"10375","Houghton",200,200,896,78.9285714285714,79.4319196428571,0.503348214285708,0.503348214285708,"Private Individual(s)","Private Individual(s)",FALSE,TRUE
1782,"20656","Keweenaw",600,600,2674,73.9435302916978,74.4454001495886,0.50186985789081,0.50186985789081,"Forest Industry","Other Business",TRUE,TRUE
1783,"30312","Keweenaw",317.75,317.75,1416,74.0437853107345,74.545197740113,0.501412429378533,0.501412429378533,"Forest Industry","Other Business",TRUE,TRUE
1784,"34477","Keweenaw",120,120,533,72.5909943714822,72.0900562851782,-0.500938086303947,0.500938086303947,"Private Individual(s)","Private Individual(s)",FALSE,TRUE
1785,"27719","Houghton",480,480,2080,74.0716346153846,73.5711538461538,-0.500480769230762,0.500480769230762,"Forest Industry","Forest Industry",FALSE,TRUE
1786,"23675","Houghton",20,NA,72,78.1388888888889,77.6388888888889,-0.5,0.5,"Private Individual(s)","non-CFP in 2026",FALSE,FALSE
1787,"30305","Houghton",320,320,1418,82.5655853314528,83.064880112835,0.499294781382233,0.499294781382233,"Other Business","Other Business",FALSE,TRUE
1788,"19600","Houghton",40,40,179,72.340782122905,72.8379888268156,0.497206703910621,0.497206703910621,"Private Individual(s)","Private Individual(s)",FALSE,TRUE
1789,"22990","Keweenaw",40,40,177,79.6553672316384,79.1581920903955,-0.497175141242948,0.497175141242948,"Private Individual(s)","Private Individual(s)",FALSE,TRUE
1790,"29552","Houghton",120,120,540,81.2462962962963,81.7425925925926,0.496296296296293,0.496296296296293,"Private Individual(s)","Trust",TRUE,TRUE
1791,"33803","Houghton",40,NA,178,81.4550561797753,81.9494382022472,0.49438202247191,0.49438202247191,"Private Individual(s)","non-CFP in 2026",FALSE,FALSE
1792,"11977","Keweenaw",480,480,2124,78.6313559322034,79.1233521657251,0.491996233521661,0.491996233521661,"Forest Industry","Forest Industry",FALSE,TRUE
1793,"16161","Houghton",39.89,39.89,181,78.8121546961326,78.3204419889503,-0.491712707182316,0.491712707182316,"Forest Industry","Forest Industry",FALSE,TRUE
1794,"21886","Houghton",40,40,179,83.1508379888268,83.6424581005587,0.491620111731834,0.491620111731834,"Private Individual(s)","Private Individual(s)",FALSE,TRUE
1795,"35104","Keweenaw",63.45,63.45,292,65.0856164383562,64.5958904109589,-0.489726027397268,0.489726027397268,"Other Business","Other Business",FALSE,TRUE
1796,"12057","Keweenaw",320,320,1412,83.8009915014164,84.2903682719547,0.489376770538243,0.489376770538243,"Forest Industry","Forest Industry",FALSE,TRUE
1797,"6102","Houghton",75.99,75.99,344,82.8779069767442,83.3662790697674,0.488372093023258,0.488372093023258,"Forest Industry","Forest Industry",FALSE,TRUE
1798,"10315","Houghton",40,40,178,83.8820224719101,84.3651685393258,0.483146067415717,0.483146067415717,"Private Individual(s)","Private Individual(s)",FALSE,TRUE
1799,"5071","Houghton",80,80,332,83.9578313253012,83.4759036144578,-0.481927710843365,0.481927710843365,"Forest Industry","Forest Industry",FALSE,TRUE
1800,"30487","Keweenaw",280,280,1204,80.515780730897,80.9975083056478,0.481727574750835,0.481727574750835,"Private Individual(s)","Private Individual(s)",FALSE,TRUE
1801,"31409","Houghton",80,80,370,81.0891891891892,80.6081081081081,-0.481081081081072,0.481081081081072,"Private Individual(s)","Private Individual(s)",FALSE,TRUE
1802,"5195","Keweenaw",80,80,358,81.0167597765363,81.4972067039106,0.480446927374302,0.480446927374302,"Forest Industry","Forest Industry",FALSE,TRUE
1803,"6087","Houghton",40,40,173,78.6820809248555,79.1618497109827,0.479768786127167,0.479768786127167,"Private Individual(s)","Private Individual(s)",FALSE,TRUE
1804,"10172","Houghton",160.91,NA,758,79.3218997361478,79.8007915567282,0.478891820580472,0.478891820580472,"Forest Industry","non-CFP in 2026",FALSE,FALSE
1805,"22833","Houghton",200,200,905,81.7767955801105,82.2541436464088,0.477348066298333,0.477348066298333,"Other Business","Other Business",FALSE,TRUE
1806,"35370","Keweenaw",20,20,88,80.5,80.0227272727273,-0.477272727272734,0.477272727272734,"Private Individual(s)","Private Individual(s)",FALSE,TRUE
1807,"23231","Keweenaw",207.28,207.28,702,76.4786324786325,76.9544159544159,0.475783475783473,0.475783475783473,"Forest Industry","Other Business",TRUE,TRUE
1808,"23229","Keweenaw",160,160,735,70.9904761904762,71.4639455782313,0.473469387755102,0.473469387755102,"Other","Other",FALSE,TRUE
1809,"33690","Houghton",55,55,248,69.0604838709677,69.5322580645161,0.471774193548384,0.471774193548384,"Private Individual(s)","Private Individual(s)",FALSE,TRUE
1810,"29220","Houghton",40,40,179,81.0111731843575,80.5418994413408,-0.469273743016757,0.469273743016757,"Private Individual(s)","Other Business",TRUE,TRUE
1811,"34674","Houghton",104,104,459,82.6514161220044,83.1176470588235,0.466230936819173,0.466230936819173,"Forest Industry","Forest Industry",FALSE,TRUE
1812,"28624","Houghton",160,160,714,80.7689075630252,81.2324929971989,0.463585434173666,0.463585434173666,"Private Individual(s)","Private Individual(s)",FALSE,TRUE
1813,"16932","Houghton",80,80,363,82.8567493112948,82.3939393939394,-0.462809917355372,0.462809917355372,"Other Business","Other Business",FALSE,TRUE
1814,"33535","Houghton",36.87,36.87,205,75.6634146341463,76.1219512195122,0.458536585365863,0.458536585365863,"Other Business","Other Business",FALSE,TRUE
1815,"20306","Houghton",320,320,1432,78.3763966480447,78.8344972067039,0.458100558659225,0.458100558659225,"Other Business","Other Business",FALSE,TRUE
1816,"18906","Houghton",24.58,24.58,59,2.88135593220339,2.42372881355932,-0.457627118644067,0.457627118644067,"Forest Industry","Other",TRUE,TRUE
1817,"32926","Houghton",40,40,176,83.5056818181818,83.9602272727273,0.454545454545453,0.454545454545453,"Private Individual(s)","Private Individual(s)",FALSE,TRUE
1818,"17505","Houghton",20,20,95,78.3263157894737,78.7789473684211,0.452631578947376,0.452631578947376,"Forest Industry","Forest Industry",FALSE,TRUE
1819,"18886","Houghton",40,40,179,84.1564245810056,84.608938547486,0.452513966480453,0.452513966480453,"Forest Industry","Forest Industry",FALSE,TRUE
1820,"22730","Houghton",40,40,181,80.3977900552486,79.9502762430939,-0.447513812154696,0.447513812154696,"Private Individual(s)","Private Individual(s)",FALSE,TRUE
1821,"22767","Houghton",160,160,708,78.5070621468927,78.0621468926554,-0.444915254237287,0.444915254237287,"Other Business","Forest Industry",TRUE,TRUE
1822,"16083","Houghton",80,80,360,82.7472222222222,83.1888888888889,0.441666666666663,0.441666666666663,"Forest Industry","Forest Industry",FALSE,TRUE
1823,"4893","Houghton",320,320,1446,82.2565698478562,82.6977869986169,0.441217150760721,0.441217150760721,"Private Individual(s)","Private Individual(s)",FALSE,TRUE
1824,"16989","Houghton",40,40,179,76.6759776536313,77.1117318435754,0.435754189944134,0.435754189944134,"Forest Industry","Forest Industry",FALSE,TRUE
1825,"5136","Houghton",40,40,186,81.3010752688172,81.7365591397849,0.435483870967744,0.435483870967744,"Forest Industry","Forest Industry",FALSE,TRUE
1826,"5084","Houghton",320,320,1508,83.2778514588859,83.7115384615385,0.433687002652519,0.433687002652519,"Forest Industry","Forest Industry",FALSE,TRUE
1827,"29008","Houghton",20,20,90,70.5666666666667,71,0.433333333333337,0.433333333333337,"Private Individual(s)","Private Individual(s)",FALSE,TRUE
1828,"18900","Houghton",20,20,90,82.8333333333333,83.2666666666667,0.433333333333337,0.433333333333337,"Forest Industry","Forest Industry",FALSE,TRUE
1829,"32079","Keweenaw",40,40,178,81.0955056179775,81.5280898876404,0.432584269662925,0.432584269662925,"Private Individual(s)","Private Individual(s)",FALSE,TRUE
1830,"23183","Keweenaw",40,NA,181,78.6740331491713,78.2430939226519,-0.430939226519328,0.430939226519328,"Forest Industry","non-CFP in 2026",FALSE,FALSE
1831,"30289","Keweenaw",40,40,179,77.1731843575419,77.5977653631285,0.424581005586589,0.424581005586589,"Forest Industry","Other Business",TRUE,TRUE
1832,"10243","Houghton",644.98,644.98,2861,80.512757777001,80.9370849353373,0.424327158336254,0.424327158336254,"Forest Industry","Forest Industry",FALSE,TRUE
1833,"875","Houghton",40,40,180,82.85,83.2722222222222,0.422222222222231,0.422222222222231,"Private Individual(s)","Trust",TRUE,TRUE
1834,"16935","Houghton",435,435,1901,80.9700157811678,80.5491846396633,-0.420831141504465,0.420831141504465,"Other Business","Other Business",FALSE,TRUE
1835,"11942","Keweenaw",640,640,2830,77.8031802120141,78.2233215547703,0.420141342756182,0.420141342756182,"Forest Industry","Forest Industry",FALSE,TRUE
1836,"19755","Keweenaw",40,40,177,77.5649717514124,77.9830508474576,0.418079096045204,0.418079096045204,"Forest Industry","Other Business",TRUE,TRUE
1837,"16900","Houghton",80,80,355,71.1718309859155,71.5887323943662,0.416901408450713,0.416901408450713,"Private Individual(s)","Private Individual(s)",FALSE,TRUE
1838,"905","Houghton",80,80,363,79.3856749311295,79.801652892562,0.415977961432517,0.415977961432517,"Forest Industry","Forest Industry",FALSE,TRUE
1839,"10314","Houghton",160,160,703,83.4893314366999,83.9018492176387,0.412517780938828,0.412517780938828,"Private Individual(s)","Private Individual(s)",FALSE,TRUE
1840,"19695","Keweenaw",20,20,85,77.4117647058823,77,-0.411764705882348,0.411764705882348,"Forest Industry","Forest Industry",FALSE,TRUE
1841,"18829","Houghton",40,40,180,77.3555555555556,77.7666666666667,0.411111111111111,0.411111111111111,"Private Individual(s)","Private Individual(s)",FALSE,TRUE
1842,"11918","Keweenaw",160,160,728,78.4423076923077,78.0315934065934,-0.410714285714292,0.410714285714292,"Forest Industry","Forest Industry",FALSE,TRUE
1843,"31762","Keweenaw",40,40,176,79.3465909090909,78.9375,-0.409090909090907,0.409090909090907,"Club or Group","Other",TRUE,TRUE
1844,"12078","Keweenaw",80,80,361,80.2714681440443,80.6786703601108,0.40720221606648,0.40720221606648,"Forest Industry","Forest Industry",FALSE,TRUE
1845,"34999","Houghton",160,160,705,77.7333333333333,78.1404255319149,0.407092198581566,0.407092198581566,"Other Business","Other Business",FALSE,TRUE
1846,"3536","Houghton",35,35,155,57.9096774193548,58.3161290322581,0.406451612903226,0.406451612903226,"Forest Industry","Forest Industry",FALSE,TRUE
1847,"16153","Houghton",40,40,180,79.9777777777778,79.5722222222222,-0.405555555555551,0.405555555555551,"Forest Industry","Forest Industry",FALSE,TRUE
1848,"10373","Houghton",320,320,1432,74.0349162011173,74.4392458100559,0.404329608938554,0.404329608938554,"Forest Industry","Forest Industry",FALSE,TRUE
1849,"17520","Houghton",160.48,160.48,733,81.1828103683493,81.5866302864939,0.403819918144606,0.403819918144606,"Forest Industry","Forest Industry",FALSE,TRUE
1850,"10318","Houghton",72,72,325,82.2953846153846,82.6984615384615,0.403076923076924,0.403076923076924,"Private Individual(s)","Private Individual(s)",FALSE,TRUE
1851,"17507","Houghton",33.54,33.54,169,76.9408284023669,77.3431952662722,0.402366863905328,0.402366863905328,"Forest Industry","Forest Industry",FALSE,TRUE
1852,"32104","Keweenaw",40,NA,179,76.1787709497207,76.5810055865922,0.402234636871512,0.402234636871512,"Private Individual(s)","non-CFP in 2026",FALSE,FALSE
1853,"6137","Keweenaw",40,40,180,83.3444444444444,83.7444444444444,0.399999999999991,0.399999999999991,"Forest Industry","Forest Industry",FALSE,TRUE
1854,"17980","Keweenaw",160,160,746,75.8646112600536,76.2640750670241,0.399463806970502,0.399463806970502,"Forest Industry","Other Business",TRUE,TRUE
1855,"16267","Keweenaw",80,80,356,83.0421348314607,83.4410112359551,0.398876404494388,0.398876404494388,"Forest Industry","Forest Industry",FALSE,TRUE
1856,"18511","Keweenaw",40,40,180,80.1722222222222,80.5666666666667,0.394444444444446,0.394444444444446,"Private Individual(s)","Private Individual(s)",FALSE,TRUE
1857,"30797","Keweenaw",40,40,176,74.9602272727273,74.5681818181818,-0.392045454545453,0.392045454545453,"Private Individual(s)","Private Individual(s)",FALSE,TRUE
1858,"30460","Houghton",40,40,182,77.5274725274725,77.1373626373626,-0.390109890109883,0.390109890109883,"Forest Industry","Forest Industry",FALSE,TRUE
1859,"10347","Houghton",160,160,720,81.675,82.0638888888889,0.388888888888886,0.388888888888886,"Forest Industry","Forest Industry",FALSE,TRUE
1860,"33770","Houghton",75,75,337,75.326409495549,75.7151335311573,0.388724035608305,0.388724035608305,"Other Business","Other Business",FALSE,TRUE
1861,"27649","Houghton",274.95,274.95,1196,80.193143812709,80.5802675585284,0.387123745819409,0.387123745819409,"Other Business","Other Business",FALSE,TRUE
1862,"20446","Houghton",160,160,720,77.2972222222222,77.6833333333333,0.38611111111112,0.38611111111112,"Forest Industry","Forest Industry",FALSE,TRUE
1863,"26005","Houghton",80,80,360,83.3333333333333,83.7194444444444,0.38611111111112,0.38611111111112,"Private Individual(s)","Private Individual(s)",FALSE,TRUE
1864,"3393","Houghton",32.5,32.5,134,81.8432835820896,82.2238805970149,0.380597014925371,0.380597014925371,"Forest Industry","Forest Industry",FALSE,TRUE
1865,"33960","Houghton",145,145,654,75.8501529051988,75.4740061162079,-0.376146788990837,0.376146788990837,"Private Individual(s)","Private Individual(s)",FALSE,TRUE
1866,"16086","Houghton",160,160,732,84.3866120218579,84.0122950819672,-0.374316939890718,0.374316939890718,"Forest Industry","Forest Industry",FALSE,TRUE
1867,"29936","Houghton",40,40,179,79.0279329608938,78.6536312849162,-0.374301675977648,0.374301675977648,"Private Individual(s)","Private Individual(s)",FALSE,TRUE
1868,"12021","Keweenaw",320,320,1435,80.8752613240418,81.2473867595819,0.37212543554007,0.37212543554007,"Forest Industry","Forest Industry",FALSE,TRUE
1869,"21463","Keweenaw",80,NA,276,75.9891304347826,76.3586956521739,0.369565217391298,0.369565217391298,"Forest Industry","non-CFP in 2026",FALSE,FALSE
1870,"10154","Houghton",80,80,361,77.9002770083103,78.2686980609418,0.368421052631575,0.368421052631575,"Private Individual(s)","Private Individual(s)",FALSE,TRUE
1871,"5085","Houghton",40,40,185,77,77.3621621621622,0.362162162162164,0.362162162162164,"Forest Industry","Forest Industry",FALSE,TRUE
1872,"17999","Keweenaw",80,80,368,79.2010869565217,79.5625,0.361413043478265,0.361413043478265,"Forest Industry","Forest Industry",FALSE,TRUE
1873,"33922","Houghton",25.97,25.97,97,80.1030927835052,80.4639175257732,0.360824742268036,0.360824742268036,"Forest Industry","Forest Industry",FALSE,TRUE
1874,"17497","Houghton",160,160,727,81.767537826685,82.1224209078404,0.354883081155435,0.354883081155435,"Forest Industry","Forest Industry",FALSE,TRUE
1875,"34571","Keweenaw",150,NA,664,79.4984939759036,79.8524096385542,0.353915662650607,0.353915662650607,"Private Individual(s)","non-CFP in 2026",FALSE,FALSE
1876,"31468","Houghton",240,240,1077,81.6007428040854,81.2479108635097,-0.352831940575683,0.352831940575683,"Forest Industry","Forest Industry",FALSE,TRUE
1877,"19779","Keweenaw",20,20,88,75.5795454545455,75.2272727272727,-0.35227272727272,0.35227272727272,"Forest Industry","Other Business",TRUE,TRUE
1878,"17516","Houghton",43,43,188,79.2872340425532,79.6382978723404,0.351063829787236,0.351063829787236,"Forest Industry","Forest Industry",FALSE,TRUE
1879,"10348","Houghton",160,160,730,83.586301369863,83.2383561643836,-0.347945205479448,0.347945205479448,"Forest Industry","Forest Industry",FALSE,TRUE
1880,"17108","Houghton",120,120,550,79.2272727272727,79.5745454545455,0.347272727272724,0.347272727272724,"Forest Industry","Forest Industry",FALSE,TRUE
1881,"16154","Houghton",160,160,704,81.7443181818182,82.0909090909091,0.346590909090907,0.346590909090907,"Forest Industry","Forest Industry",FALSE,TRUE
1882,"31765","Keweenaw",42.07,42.07,172,78.9244186046512,79.2674418604651,0.343023255813947,0.343023255813947,"Forest Industry","Forest Industry",FALSE,TRUE
1883,"33920","Houghton",33.92,33.92,178,81.438202247191,81.7808988764045,0.342696629213478,0.342696629213478,"Forest Industry","Forest Industry",FALSE,TRUE
1884,"35090","Houghton",80,80,372,72.6478494623656,72.989247311828,0.341397849462368,0.341397849462368,"Forest Industry","Forest Industry",FALSE,TRUE
1885,"12093","Keweenaw",320,320,1424,77.5856741573034,77.9269662921348,0.341292134831463,0.341292134831463,"Other Business","Other Business",FALSE,TRUE
1886,"10364","Houghton",40,40,180,78.0111111111111,78.35,0.338888888888889,0.338888888888889,"Private Individual(s)","Private Individual(s)",FALSE,TRUE
1887,"31311","Keweenaw",160,160,708,79.9279661016949,80.2655367231638,0.337570621468927,0.337570621468927,"Forest Industry","Other Business",TRUE,TRUE
1888,"18856","Houghton",20,20,86,42.8255813953488,42.4883720930233,-0.337209302325576,0.337209302325576,"Forest Industry","Forest Industry",FALSE,TRUE
1889,"33707","Houghton",61.3,61.3,294,69.2108843537415,69.5476190476191,0.33673469387756,0.33673469387756,"Other Business","Other Business",FALSE,TRUE
1890,"16938","Houghton",320,320,1472,83.3091032608696,82.9735054347826,-0.335597826086953,0.335597826086953,"Other Business","Other Business",FALSE,TRUE
1891,"10278","Houghton",160,160,719,82.5299026425591,82.1947148817803,-0.335187760778851,0.335187760778851,"Forest Industry","Forest Industry",FALSE,TRUE
1892,"30134","Keweenaw",114,NA,508,77.253937007874,77.5885826771653,0.334645669291334,0.334645669291334,"Private Individual(s)","non-CFP in 2026",FALSE,FALSE
1893,"6127","Keweenaw",40,40,177,83.9887005649718,84.3220338983051,0.333333333333329,0.333333333333329,"Forest Industry","Forest Industry",FALSE,TRUE
1894,"23676","Houghton",26.32,NA,136,43.3676470588235,43.6985294117647,0.330882352941174,0.330882352941174,"Private Individual(s)","non-CFP in 2026",FALSE,FALSE
1895,"27142","Houghton",80,80,361,83.6481994459834,83.9778393351801,0.32963988919667,0.32963988919667,"Private Individual(s)","Private Individual(s)",FALSE,TRUE
1896,"23201","Keweenaw",40,NA,180,66.0333333333333,66.3611111111111,0.327777777777783,0.327777777777783,"Private Individual(s)","non-CFP in 2026",FALSE,FALSE
1897,"17456","Keweenaw",301.87,301.87,1370,74.4554744525547,74.1277372262774,-0.327737226277364,0.327737226277364,"Other Business","Other Business",FALSE,TRUE
1898,"23311","Keweenaw",263.6,263.6,1102,74.8983666061706,75.2232304900182,0.324863883847556,0.324863883847556,"Forest Industry","Private Individual(s)",TRUE,TRUE
1899,"27086","Keweenaw",120,120,537,79.9459962756052,80.268156424581,0.322160148975797,0.322160148975797,"Private Individual(s)","Private Individual(s)",FALSE,TRUE
1900,"21894","Houghton",20,20,87,84.448275862069,84.7701149425287,0.321839080459768,0.321839080459768,"Private Individual(s)","Private Individual(s)",FALSE,TRUE
1901,"16908","Keweenaw",80,80,361,77.185595567867,76.8642659279778,-0.3213296398892,0.3213296398892,"Other Business","Forest Industry",TRUE,TRUE
1902,"34391","Houghton",29.17,29.17,135,81.7111111111111,82.0296296296296,0.318518518518516,0.318518518518516,"Other Business","Other Business",FALSE,TRUE
1903,"17119","Houghton",40,40,179,81.463687150838,81.7821229050279,0.318435754189949,0.318435754189949,"Other Business","Other Business",FALSE,TRUE
1904,"5088","Houghton",40,40,191,81.8952879581152,82.2094240837696,0.314136125654457,0.314136125654457,"Forest Industry","Forest Industry",FALSE,TRUE
1905,"30535","Houghton",279,279,1370,83.3525547445255,83.6656934306569,0.313138686131381,0.313138686131381,"Forest Industry","Forest Industry",FALSE,TRUE
1906,"29992","Houghton",95,95,439,84.7266514806378,85.0364464692483,0.309794988610477,0.309794988610477,"Private Individual(s)","Trust",TRUE,TRUE
1907,"5209","Keweenaw",80,80,365,72.6465753424658,72.3369863013699,-0.30958904109589,0.30958904109589,"Forest Industry","Forest Industry",FALSE,TRUE
1908,"6161","Keweenaw",160,160,686,75.7274052478134,75.4183673469388,-0.309037900874628,0.309037900874628,"Forest Industry","Forest Industry",FALSE,TRUE
1909,"22056","Houghton",40,40,177,76.5197740112994,76.2146892655367,-0.305084745762713,0.305084745762713,"Private Individual(s)","Private Individual(s)",FALSE,TRUE
1910,"31126","Houghton",110,110,479,72.6617954070981,72.356993736952,-0.304801670146148,0.304801670146148,"Private Individual(s)","Private Individual(s)",FALSE,TRUE
1911,"19041","Keweenaw",320,320,1422,81.5358649789029,81.8396624472574,0.303797468354432,0.303797468354432,"Forest Industry","Forest Industry",FALSE,TRUE
1912,"18512","Keweenaw",80,80,360,79.3055555555556,79.6055555555556,0.299999999999997,0.299999999999997,"Private Individual(s)","Private Individual(s)",FALSE,TRUE
1913,"18835","Houghton",120,120,563,76.3712255772647,76.0728241563055,-0.298401420959152,0.298401420959152,"Private Individual(s)","Private Individual(s)",FALSE,TRUE
1914,"10421","Houghton",640,640,2811,79.1284240483814,79.4265385983636,0.298114549982216,0.298114549982216,"Forest Industry","Forest Industry",FALSE,TRUE
1915,"18872","Houghton",80,80,349,75.4527220630372,75.7507163323782,0.297994269340975,0.297994269340975,"Forest Industry","Forest Industry",FALSE,TRUE
1916,"26757","Houghton",43.17,43.17,188,83.5053191489362,83.8031914893617,0.297872340425542,0.297872340425542,"Private Individual(s)","Private Individual(s)",FALSE,TRUE
1917,"5177","Keweenaw",40,40,179,75.072625698324,75.3687150837989,0.296089385474872,0.296089385474872,"Forest Industry","Forest Industry",FALSE,TRUE
1918,"11955","Keweenaw",320,320,1371,83.6849015317287,83.398249452954,-0.286652078774623,0.286652078774623,"Forest Industry","Forest Industry",FALSE,TRUE
1919,"669","Houghton",80,80,363,84.3002754820937,84.5867768595041,0.28650137741046,0.28650137741046,"Private Individual(s)","Private Individual(s)",FALSE,TRUE
1920,"26768","Houghton",40,40,185,82.5945945945946,82.3081081081081,-0.286486486486481,0.286486486486481,"Private Individual(s)","Private Individual(s)",FALSE,TRUE
1921,"23313","Keweenaw",70,70,304,80.9539473684211,81.2335526315789,0.27960526315789,0.27960526315789,"Forest Industry","Forest Industry",FALSE,TRUE
1922,"5098","Houghton",40,40,172,83.1279069767442,83.4069767441861,0.279069767441868,0.279069767441868,"Forest Industry","Forest Industry",FALSE,TRUE
1923,"33172","Houghton",20,20,90,77.1888888888889,77.4666666666667,0.277777777777786,0.277777777777786,"Private Individual(s)","Forest Industry",TRUE,TRUE
1924,"28817","Houghton",40,40,180,81.2944444444445,81.5722222222222,0.277777777777771,0.277777777777771,"Private Individual(s)","Private Individual(s)",FALSE,TRUE
1925,"32103","Keweenaw",120,NA,538,80.0353159851301,80.3122676579926,0.276951672862452,0.276951672862452,"Private Individual(s)","non-CFP in 2026",FALSE,FALSE
1926,"10379","Houghton",40,40,177,73.2146892655367,73.4915254237288,0.276836158192097,0.276836158192097,"Forest Industry","Forest Industry",FALSE,TRUE
1927,"903","Houghton",80,80,359,82.6350974930362,82.9108635097493,0.275766016713092,0.275766016713092,"Forest Industry","Forest Industry",FALSE,TRUE
1928,"19003","Keweenaw",160,160,697,72.8651362984218,72.5896700143472,-0.275466284074597,0.275466284074597,"Forest Industry","Other Business",TRUE,TRUE
1929,"6086","Houghton",40,40,178,81.3651685393258,81.6404494382023,0.275280898876417,0.275280898876417,"Private Individual(s)","Private Individual(s)",FALSE,TRUE
1930,"26168","Houghton",40,40,182,83.4340659340659,83.7087912087912,0.274725274725284,0.274725274725284,"Private Individual(s)","Private Individual(s)",FALSE,TRUE
1931,"19762","Keweenaw",160,160,709,77.1904090267983,77.459802538787,0.269393511988724,0.269393511988724,"Forest Industry","Other Business",TRUE,TRUE
1932,"19042","Keweenaw",160,160,714,83.2198879551821,82.9509803921569,-0.268907563025209,0.268907563025209,"Forest Industry","Forest Industry",FALSE,TRUE
1933,"17433","Keweenaw",40,40,176,73.3522727272727,73.0852272727273,-0.267045454545467,0.267045454545467,"Forest Industry","Other Business",TRUE,TRUE
1934,"34390","Houghton",120,120,545,74.6623853211009,74.9284403669725,0.266055045871568,0.266055045871568,"Other Business","Other Business",FALSE,TRUE
1935,"5083","Houghton",160,160,788,80.8134517766497,81.0786802030457,0.265228426395936,0.265228426395936,"Forest Industry","Forest Industry",FALSE,TRUE
1936,"21470","Keweenaw",320,NA,1445,71.4726643598616,71.7370242214533,0.264359861591686,0.264359861591686,"Forest Industry","non-CFP in 2026",FALSE,FALSE
1937,"32517","Keweenaw",220,220,961,70.7585848074922,71.0228928199792,0.264308012486993,0.264308012486993,"Forest Industry","Forest Industry",FALSE,TRUE
1938,"26758","Houghton",40,40,182,82.3571428571429,82.0934065934066,-0.263736263736263,0.263736263736263,"Private Individual(s)","Private Individual(s)",FALSE,TRUE
1939,"21454","Keweenaw",80,80,357,75.375350140056,75.6386554621849,0.263305322128843,0.263305322128843,"Forest Industry","Other Business",TRUE,TRUE
1940,"28824","Houghton",40,40,176,75.4488636363636,75.7102272727273,0.261363636363626,0.261363636363626,"Forest Industry","Private Group",TRUE,TRUE
1941,"5089","Houghton",160,160,677,79.2407680945347,78.9837518463811,-0.257016248153619,0.257016248153619,"Forest Industry","Forest Industry",FALSE,TRUE
1942,"33452","Houghton",175,175,750,72.9013333333333,72.6466666666667,-0.254666666666665,0.254666666666665,"Other Business","Other Business",FALSE,TRUE
1943,"17476","Houghton",160,160,741,81.2375168690958,81.4912280701754,0.253711201079625,0.253711201079625,"Forest Industry","Forest Industry",FALSE,TRUE
1944,"21884","Houghton",40,40,179,73.2178770949721,72.9664804469274,-0.25139664804469,0.25139664804469,"Private Individual(s)","Private Individual(s)",FALSE,TRUE
1945,"12073","Keweenaw",120,NA,545,79.1266055045872,79.3779816513761,0.251376146788985,0.251376146788985,"Private Individual(s)","non-CFP in 2026",FALSE,FALSE
1946,"23158","Houghton",40,40,177,84.593220338983,84.3446327683616,-0.248587570621467,0.248587570621467,"Private Individual(s)","Private Individual(s)",FALSE,TRUE
1947,"28870","Houghton",70,70,327,79.8012232415902,80.0489296636086,0.247706422018354,0.247706422018354,"Forest Industry","Forest Industry",FALSE,TRUE
1948,"29089","Houghton",160,160,756,82.8042328042328,83.0515873015873,0.247354497354493,0.247354497354493,"Forest Industry","Forest Industry",FALSE,TRUE
1949,"23176","Houghton",320,320,1404,82.6858974358974,82.4394586894587,-0.246438746438741,0.246438746438741,"Private Individual(s)","Private Individual(s)",FALSE,TRUE
1950,"30796","Keweenaw",160,160,711,75.1884669479606,74.9465541490858,-0.241912798874822,0.241912798874822,"Private Individual(s)","Private Individual(s)",FALSE,TRUE
1951,"19744","Keweenaw",310,310,1416,72.8439265536723,72.603813559322,-0.240112994350284,0.240112994350284,"Forest Industry","Other Business",TRUE,TRUE
1952,"22889","Keweenaw",40,40,173,82.971098265896,83.2080924855491,0.23699421965317,0.23699421965317,"Forest Industry","Forest Industry",FALSE,TRUE
1953,"10410","Houghton",640,640,2829,79.6808059384942,79.9172852598091,0.236479321314945,0.236479321314945,"Forest Industry","Forest Industry",FALSE,TRUE
1954,"3636","Keweenaw",40,40,174,82.4942528735632,82.7298850574713,0.235632183908052,0.235632183908052,"Forest Industry","Forest Industry",FALSE,TRUE
1955,"5156","Houghton",320,320,1468,82.6546321525886,82.4202997275204,-0.234332425068132,0.234332425068132,"Forest Industry","Forest Industry",FALSE,TRUE
1956,"34995","Keweenaw",200,200,908,77.0781938325991,77.3105726872247,0.232378854625551,0.232378854625551,"Other Business","Other",TRUE,TRUE
1957,"34392","Houghton",40,40,182,81.9945054945055,82.2252747252747,0.230769230769241,0.230769230769241,"Other Business","Other Business",FALSE,TRUE
1958,"18537","Houghton",40,NA,179,81.4022346368715,81.6312849162011,0.229050279329599,0.229050279329599,"Forest Industry","non-CFP in 2026",FALSE,FALSE
1959,"18958","Houghton",38.2,38.2,172,52.6453488372093,52.4186046511628,-0.226744186046517,0.226744186046517,"Forest Industry","Forest Industry",FALSE,TRUE
1960,"819","Keweenaw",80,80,354,77.8898305084746,78.1129943502825,0.223163841807917,0.223163841807917,"Forest Industry","Forest Industry",FALSE,TRUE
1961,"30293","Keweenaw",315,315,1372,71.0787172011662,71.301749271137,0.223032069970841,0.223032069970841,"Forest Industry","Other Business",TRUE,TRUE
1962,"18851","Houghton",40,40,178,75.5,75.7191011235955,0.219101123595507,0.219101123595507,"Forest Industry","Forest Industry",FALSE,TRUE
1963,"30925","Houghton",40,40,178,71.3932584269663,71.6123595505618,0.219101123595493,0.219101123595493,"Forest Industry","Forest Industry",FALSE,TRUE
1964,"6438","Houghton",79.21,NA,353,79.0311614730878,79.2492917847025,0.218130311614729,0.218130311614729,"Forest Industry","non-CFP in 2026",FALSE,FALSE
1965,"16143","Houghton",40,40,188,82.2659574468085,82.4840425531915,0.218085106382972,0.218085106382972,"Forest Industry","Forest Industry",FALSE,TRUE
1966,"33539","Houghton",73.93,73.93,335,80.7940298507463,81.0119402985075,0.217910447761199,0.217910447761199,"Other Business","Private Individual(s)",TRUE,TRUE
1967,"16942","Houghton",640,640,2817,80.8601348952787,81.0773872914448,0.217252396166131,0.217252396166131,"Other Business","Other Business",FALSE,TRUE
1968,"16892","Houghton",80,NA,376,78.3005319148936,78.0851063829787,-0.215425531914889,0.215425531914889,"Forest Industry","non-CFP in 2026",FALSE,FALSE
1969,"30368","Houghton",75.57,75.57,344,73.0348837209302,73.25,0.215116279069761,0.215116279069761,"Forest Industry","Forest Industry",FALSE,TRUE
1970,"4987","Houghton",80,80,378,78.4312169312169,78.2169312169312,-0.214285714285722,0.214285714285722,"Other Business","Other Business",FALSE,TRUE
1971,"34027","Keweenaw",182.05,NA,865,75.1167630057803,74.9040462427746,-0.212716763005773,0.212716763005773,"Forest Industry","non-CFP in 2026",FALSE,FALSE
1972,"23537","Keweenaw",359.99,359.99,1637,78.0635308491142,78.2748930971289,0.211362248014666,0.211362248014666,"Forest Industry","Forest Industry",FALSE,TRUE
1973,"33692","Houghton",150,150,691,66.2315484804631,66.4428364688857,0.211287988422569,0.211287988422569,"Private Individual(s)","Private Individual(s)",FALSE,TRUE
1974,"29347","Keweenaw",80,80,354,81.6977401129944,81.9039548022599,0.206214689265536,0.206214689265536,"Private Individual(s)","Private Individual(s)",FALSE,TRUE
1975,"872","Houghton",80,80,358,83.1787709497207,83.3826815642458,0.203910614525142,0.203910614525142,"Private Individual(s)","Trust",TRUE,TRUE
1976,"33764","Houghton",40,40,174,79.3103448275862,79.5114942528736,0.201149425287355,0.201149425287355,"Other Business","Other Business",FALSE,TRUE
1977,"16101","Houghton",160,160,721,81.1553398058252,81.3536754507628,0.198335644937586,0.198335644937586,"Forest Industry","Forest Industry",FALSE,TRUE
1978,"10405","Houghton",160,160,717,81.4993026499303,81.302649930265,-0.196652719665281,0.196652719665281,"Forest Industry","Forest Industry",FALSE,TRUE
1979,"19002","Keweenaw",259.4,259.4,1288,66.972049689441,67.167701863354,0.195652173913047,0.195652173913047,"Forest Industry","Other Business",TRUE,TRUE
1980,"17534","Houghton",40,40,177,74.7005649717514,74.5084745762712,-0.192090395480236,0.192090395480236,"Forest Industry","Private Individual(s)",TRUE,TRUE
1981,"6145","Keweenaw",40,40,181,79.4254143646409,79.2375690607735,-0.187845303867405,0.187845303867405,"Forest Industry","Forest Industry",FALSE,TRUE
1982,"16162","Houghton",40,40,181,84.767955801105,84.5801104972376,-0.187845303867405,0.187845303867405,"Forest Industry","Forest Industry",FALSE,TRUE
1983,"26045","Houghton",160,160,742,82.7318059299191,82.9191374663073,0.187331536388143,0.187331536388143,"Forest Industry","Forest Industry",FALSE,TRUE
1984,"17475","Houghton",280,NA,1298,70.4345146379045,70.2480739599384,-0.186440677966104,0.186440677966104,"Forest Industry","non-CFP in 2026",FALSE,FALSE
1985,"16125","Houghton",40,40,178,81.938202247191,82.123595505618,0.185393258426956,0.185393258426956,"Forest Industry","Forest Industry",FALSE,TRUE
1986,"17615","Houghton",80,80,362,80.939226519337,81.121546961326,0.182320441988949,0.182320441988949,"Forest Industry","Forest Industry",FALSE,TRUE
1987,"35091","Houghton",158.04,158.04,721,80.5922330097087,80.7739251040222,0.181692094313462,0.181692094313462,"Forest Industry","Forest Industry",FALSE,TRUE
1988,"6106","Houghton",80,80,358,82.427374301676,82.608938547486,0.181564245810051,0.181564245810051,"Forest Industry","Forest Industry",FALSE,TRUE
1989,"31478","Houghton",160,160,741,83.6369770580297,83.8151147098516,0.178137651821871,0.178137651821871,"Private Individual(s)","Other Business",TRUE,TRUE
1990,"5293","Keweenaw",160,160,710,70.9760563380282,70.8,-0.176056338028175,0.176056338028175,"Forest Industry","Private Individual(s)",TRUE,TRUE
1991,"12065","Keweenaw",600,600,2621,77.2270125906143,77.0511255246089,-0.17588706600533,0.17588706600533,"Forest Industry","Forest Industry",FALSE,TRUE
1992,"5260","Keweenaw",80,80,366,72.8005464480874,72.9754098360656,0.174863387978149,0.174863387978149,"Forest Industry","Other Business",TRUE,TRUE
1993,"17528","Houghton",40,40,178,82.7584269662921,82.9325842696629,0.174157303370791,0.174157303370791,"Forest Industry","Forest Industry",FALSE,TRUE
1994,"4969","Houghton",40,40,179,81.8324022346369,82.0055865921788,0.173184357541899,0.173184357541899,"Other","Other",FALSE,TRUE
1995,"20790","Houghton",40,40,179,80.3296089385475,80.1564245810056,-0.173184357541899,0.173184357541899,"Private Individual(s)","Other Business",TRUE,TRUE
1996,"22070","Houghton",80,80,370,81.1756756756757,81.3486486486486,0.172972972972971,0.172972972972971,"Private Individual(s)","Private Individual(s)",FALSE,TRUE
1997,"31196","Keweenaw",184,184,824,77.9587378640777,78.131067961165,0.172330097087368,0.172330097087368,"Private Individual(s)","Private Individual(s)",FALSE,TRUE
1998,"4967","Houghton",80,80,332,74.0933734939759,74.2650602409639,0.171686746987959,0.171686746987959,"Forest Industry","Private Individual(s)",TRUE,TRUE
1999,"20438","Houghton",80,80,356,83.9438202247191,84.1151685393258,0.171348314606732,0.171348314606732,"Private Individual(s)","Private Individual(s)",FALSE,TRUE
2000,"29909","Houghton",141.4,141.4,633,72.6303317535545,72.7993680884676,0.169036334913116,0.169036334913116,"Forest Industry","Forest Industry",FALSE,TRUE
2001,"15747","Houghton",320,320,1411,79.3323883770376,79.4996456413891,0.16725726435152,0.16725726435152,"Forest Industry","Private Individual(s)",TRUE,TRUE
2002,"16158","Houghton",320,320,1429,80.2526242127362,80.4191742477257,0.166550034989498,0.166550034989498,"Forest Industry","Forest Industry",FALSE,TRUE
2003,"16946","Houghton",320,320,1439,76.0806115357887,76.2460041695622,0.16539263377345,0.16539263377345,"Other Business","Other Business",FALSE,TRUE
2004,"23177","Houghton",80,80,368,82.741847826087,82.9048913043478,0.163043478260875,0.163043478260875,"Private Individual(s)","Private Individual(s)",FALSE,TRUE
2005,"27153","Houghton",20,20,92,79.5869565217391,79.75,0.163043478260875,0.163043478260875,"Private Individual(s)","Private Individual(s)",FALSE,TRUE
2006,"19704","Keweenaw",20,20,86,71.3953488372093,71.2325581395349,-0.16279069767441,0.16279069767441,"Forest Industry","Forest Industry",FALSE,TRUE
2007,"26767","Houghton",40,40,185,83.1945945945946,83.0324324324324,-0.162162162162161,0.162162162162161,"Private Individual(s)","Private Individual(s)",FALSE,TRUE
2008,"6100","Houghton",40,40,190,84.2105263157895,84.3684210526316,0.157894736842096,0.157894736842096,"Private Individual(s)","Private Group",TRUE,TRUE
2009,"29970","Keweenaw",160,NA,721,68.1581137309293,68.3134535367545,0.15533980582525,0.15533980582525,"Forest Industry","non-CFP in 2026",FALSE,FALSE
2010,"34618","Houghton",40,40,181,82.1491712707182,82.3038674033149,0.154696132596683,0.154696132596683,"Other Business","Other Business",FALSE,TRUE
2011,"32601","Houghton",40,40,188,83.7021276595745,83.5478723404255,-0.154255319148945,0.154255319148945,"Private Individual(s)","Private Individual(s)",FALSE,TRUE
2012,"10293","Houghton",637.44,NA,2875,80.2375652173913,80.0848695652174,-0.152695652173918,0.152695652173918,"Forest Industry","non-CFP in 2026",FALSE,FALSE
2013,"23291","Keweenaw",20.37,20.37,105,63.2571428571429,63.4095238095238,0.152380952380952,0.152380952380952,"Forest Industry","Other Business",TRUE,TRUE
2014,"19698","Keweenaw",20,20,86,80.4883720930233,80.6395348837209,0.151162790697668,0.151162790697668,"Forest Industry","Forest Industry",FALSE,TRUE
2015,"10150","Houghton",40,40,179,82.3184357541899,82.1675977653631,-0.150837988826822,0.150837988826822,"Private Individual(s)","Forest Industry",TRUE,TRUE
2016,"31953","Houghton",40,40,180,75.2055555555555,75.3555555555556,0.150000000000006,0.150000000000006,"Private Individual(s)","Private Individual(s)",FALSE,TRUE
2017,"10394","Houghton",160,160,720,79.5222222222222,79.375,-0.147222222222226,0.147222222222226,"Forest Industry","Forest Industry",FALSE,TRUE
2018,"10401","Houghton",80,80,371,82.1239892183288,82.2695417789757,0.145552560646891,0.145552560646891,"Forest Industry","Forest Industry",FALSE,TRUE
2019,"30781","Houghton",70,70,330,75.830303030303,75.9757575757576,0.145454545454541,0.145454545454541,"Private Individual(s)","Trust",TRUE,TRUE
2020,"34167","Houghton",99.3,99.3,565,75.9592920353982,76.1044247787611,0.145132743362822,0.145132743362822,"Other Business","Other Business",FALSE,TRUE
2021,"18843","Houghton",20.26,20.26,91,80.6043956043956,80.7472527472527,0.142857142857139,0.142857142857139,"Forest Industry","Forest Industry",FALSE,TRUE
2022,"10378","Houghton",40,40,176,69.2102272727273,69.0681818181818,-0.142045454545453,0.142045454545453,"Forest Industry","Forest Industry",FALSE,TRUE
2023,"6124","Keweenaw",160,160,700,82.5542857142857,82.6928571428571,0.138571428571424,0.138571428571424,"Forest Industry","Forest Industry",FALSE,TRUE
2024,"33331","Keweenaw",300,300,1352,77.7426035502959,77.8801775147929,0.137573964497051,0.137573964497051,"Private Individual(s)","Private Individual(s)",FALSE,TRUE
2025,"16084","Houghton",40,40,182,84.3846153846154,84.2472527472527,-0.137362637362642,0.137362637362642,"Forest Industry","Forest Industry",FALSE,TRUE
2026,"10288","Houghton",320,320,1495,80.0501672240803,79.9130434782609,-0.137123745819395,0.137123745819395,"Forest Industry","Forest Industry",FALSE,TRUE
2027,"34293","Keweenaw",300,300,1348,79.2559347181009,79.3916913946587,0.135756676557861,0.135756676557861,"Forest Industry","Other Business",TRUE,TRUE
2028,"16849","Keweenaw",80,80,366,73.1393442622951,73.0054644808743,-0.13387978142076,0.13387978142076,"Forest Industry","Forest Industry",FALSE,TRUE
2029,"5201","Keweenaw",40,40,180,77.8388888888889,77.9722222222222,0.13333333333334,0.13333333333334,"Forest Industry","Forest Industry",FALSE,TRUE
2030,"31419","Keweenaw",128,NA,591,79.5769881556684,79.4483925549915,-0.128595600676817,0.128595600676817,"Other Business","non-CFP in 2026",FALSE,FALSE
2031,"22824","Houghton",30.4,30.4,125,81.256,81.384,0.128,0.128,"Private Individual(s)","Private Individual(s)",FALSE,TRUE
2032,"5141","Houghton",23.2,23.2,172,81.0348837209302,81.1627906976744,0.127906976744185,0.127906976744185,"Forest Industry","Forest Industry",FALSE,TRUE
2033,"5167","Keweenaw",80,80,349,79.8710601719198,79.9971346704871,0.126074498567334,0.126074498567334,"Forest Industry","Forest Industry",FALSE,TRUE
2034,"825","Keweenaw",160,160,706,73.3257790368272,73.2011331444759,-0.124645892351282,0.124645892351282,"Forest Industry","Forest Industry",FALSE,TRUE
2035,"12114","Keweenaw",270.9,270.9,1214,74.8805601317957,75.004942339374,0.12438220757825,0.12438220757825,"Forest Industry","Forest Industry",FALSE,TRUE
2036,"32427","Houghton",204.49,204.49,931,73.4253490870032,73.546723952739,0.12137486573576,0.12137486573576,"Private Individual(s)","Private Individual(s)",FALSE,TRUE
2037,"867","Houghton",40,40,157,79.0254777070064,79.1464968152866,0.121019108280251,0.121019108280251,"Private Individual(s)","Trust",TRUE,TRUE
2038,"3531","Houghton",160,160,714,74.2927170868347,74.4131652661064,0.120448179271719,0.120448179271719,"Forest Industry","Forest Industry",FALSE,TRUE
2039,"10244","Houghton",320,320,1473,80.8730482009504,80.7542430414121,-0.118805159538354,0.118805159538354,"Forest Industry","Forest Industry",FALSE,TRUE
2040,"23153","Houghton",40,40,181,83.5911602209945,83.707182320442,0.116022099447505,0.116022099447505,"Private Individual(s)","Private Individual(s)",FALSE,TRUE
2041,"33686","Houghton",75,75,341,75.8299120234604,75.9442815249267,0.114369501466271,0.114369501466271,"Private Individual(s)","Private Individual(s)",FALSE,TRUE
2042,"35550","Keweenaw",280,280,1278,80.6752738654147,80.5618153364632,-0.113458528951483,0.113458528951483,"Forest Industry","Other Business",TRUE,TRUE
2043,"33694","Houghton",75,75,343,44.6180758017493,44.7288629737609,0.110787172011662,0.110787172011662,"Private Individual(s)","Private Individual(s)",FALSE,TRUE
2044,"19734","Keweenaw",160,160,723,78.3803596127248,78.2710926694329,-0.109266943291843,0.109266943291843,"Forest Industry","Other",TRUE,TRUE
2045,"5160","Houghton",40,40,182,84.8076923076923,84.9120879120879,0.104395604395606,0.104395604395606,"Forest Industry","Forest Industry",FALSE,TRUE
2046,"35110","Keweenaw",86,86,454,74.2511013215859,74.147577092511,-0.103524229074893,0.103524229074893,"Other Business","Other Business",FALSE,TRUE
2047,"18844","Houghton",40,40,179,81.268156424581,81.1675977653631,-0.100558659217882,0.100558659217882,"Forest Industry","Forest Industry",FALSE,TRUE
2048,"21442","Keweenaw",40,40,180,77.4555555555555,77.3555555555556,-0.0999999999999943,0.0999999999999943,"Forest Industry","Other Business",TRUE,TRUE
2049,"35419","Houghton",40,40,181,80.4861878453039,80.585635359116,0.0994475138121516,0.0994475138121516,"Forest Industry","Forest Industry",FALSE,TRUE
2050,"35113","Houghton",108.74,108.74,517,77.5628626692456,77.6615087040619,0.0986460348162552,0.0986460348162552,"Forest Industry","Forest Industry",FALSE,TRUE
2051,"19753","Keweenaw",320,320,1388,79.9322766570605,80.0302593659942,0.0979827089337277,0.0979827089337277,"Forest Industry","Other Business",TRUE,TRUE
2052,"30927","Houghton",41.4,41.4,92,80.8586956521739,80.9565217391304,0.0978260869565304,0.0978260869565304,"Forest Industry","Private Individual(s)",TRUE,TRUE
2053,"19732","Keweenaw",160,NA,723,79.8174273858921,79.7206085753804,-0.0968188105117633,0.0968188105117633,"Forest Industry","non-CFP in 2026",FALSE,FALSE
2054,"904","Houghton",160,160,713,74.1893408134642,74.2847124824684,0.0953716690042086,0.0953716690042086,"Forest Industry","Forest Industry",FALSE,TRUE
2055,"16889","Houghton",40,40,179,84.2793296089386,84.1843575418994,-0.0949720670391088,0.0949720670391088,"Private Individual(s)","Private Individual(s)",FALSE,TRUE
2056,"32431","Houghton",95,95,419,75.2291169451074,75.3221957040573,0.0930787589498863,0.0930787589498863,"Private Individual(s)","Private Individual(s)",FALSE,TRUE
2057,"15748","Houghton",559.04,559.04,2536,82.2772082018927,82.1857255520505,-0.0914826498422769,0.0914826498422769,"Forest Industry","Forest Industry",FALSE,TRUE
2058,"21441","Keweenaw",80,80,354,81.0169491525424,81.1045197740113,0.0875706214689274,0.0875706214689274,"Forest Industry","Other Business",TRUE,TRUE
2059,"794","Keweenaw",621.98,621.98,2803,73.904031394934,73.9896539422048,0.0856225472707877,0.0856225472707877,"Forest Industry","Forest Industry",FALSE,TRUE
2060,"33817","Houghton",66.5,66.5,356,81.3848314606742,81.3005617977528,-0.0842696629213577,0.0842696629213577,"Private Individual(s)","Other Business",TRUE,TRUE
2061,"17527","Houghton",160,160,704,82.2315340909091,82.1477272727273,-0.0838068181818272,0.0838068181818272,"Forest Industry","Forest Industry",FALSE,TRUE
2062,"15715","Houghton",80.22,NA,387,78.9638242894057,79.046511627907,0.0826873385013016,0.0826873385013016,"Forest Industry","non-CFP in 2026",FALSE,FALSE
2063,"5095","Houghton",320,320,1361,81.5422483468038,81.6223365172667,0.0800881704629006,0.0800881704629006,"Forest Industry","Forest Industry",FALSE,TRUE
2064,"21495","Houghton",40,40,182,80.9725274725275,81.0494505494506,0.0769230769230802,0.0769230769230802,"Private Individual(s)","Trust",TRUE,TRUE
2065,"4975","Houghton",40,40,195,71.9025641025641,71.825641025641,-0.0769230769230802,0.0769230769230802,"Forest Industry","Forest Industry",FALSE,TRUE
2066,"23178","Houghton",40,40,183,83.5628415300546,83.6393442622951,0.0765027322404421,0.0765027322404421,"Private Individual(s)","Private Individual(s)",FALSE,TRUE
2067,"30114","Keweenaw",80,NA,350,76.4971428571429,76.4228571428571,-0.0742857142857218,0.0742857142857218,"Other Business","non-CFP in 2026",FALSE,FALSE
2068,"35549","Keweenaw",40,40,176,80.1590909090909,80.2329545454545,0.0738636363636402,0.0738636363636402,"Private Individual(s)","Private Individual(s)",FALSE,TRUE
2069,"23156","Houghton",40,40,180,84.4222222222222,84.4944444444444,0.0722222222222229,0.0722222222222229,"Private Individual(s)","Private Individual(s)",FALSE,TRUE
2070,"16135","Houghton",320,320,1498,82.9305740987984,82.8598130841121,-0.070761014686255,0.070761014686255,"Forest Industry","Forest Industry",FALSE,TRUE
2071,"30385","Keweenaw",57.7,NA,257,74.1439688715953,74.0739299610895,-0.0700389105058434,0.0700389105058434,"Forest Industry","non-CFP in 2026",FALSE,FALSE
2072,"29102","Keweenaw",149.5,149.5,129,80.2635658914729,80.1937984496124,-0.0697674418604635,0.0697674418604635,"Forest Industry","Forest Industry",FALSE,TRUE
2073,"21467","Keweenaw",38.75,38.75,172,69.7906976744186,69.7209302325581,-0.0697674418604635,0.0697674418604635,"Forest Industry","Other Business",TRUE,TRUE
2074,"19035","Keweenaw",20,20,87,66.632183908046,66.5632183908046,-0.0689655172413808,0.0689655172413808,"Forest Industry","Other Business",TRUE,TRUE
2075,"17454","Keweenaw",40,40,178,76.7359550561798,76.8033707865169,0.0674157303370748,0.0674157303370748,"Other Business","Other Business",FALSE,TRUE
2076,"16984","Houghton",80,NA,357,45.2268907563025,45.2913165266106,0.0644257703081195,0.0644257703081195,"Forest Industry","non-CFP in 2026",FALSE,FALSE
2077,"10232","Houghton",400,400,1655,79.8477341389728,79.9093655589124,0.0616314199395731,0.0616314199395731,"Forest Industry","Forest Industry",FALSE,TRUE
2078,"23167","Houghton",40,40,180,79.5277777777778,79.5888888888889,0.0611111111111171,0.0611111111111171,"Private Individual(s)","Private Individual(s)",FALSE,TRUE
2079,"10357","Houghton",80,80,358,82.7011173184357,82.6424581005587,-0.0586592178770928,0.0586592178770928,"Other","Other Business",TRUE,TRUE
2080,"19016","Keweenaw",80,80,359,77.5041782729805,77.5626740947075,0.0584958217270213,0.0584958217270213,"Forest Industry","Other Business",TRUE,TRUE
2081,"19802","Keweenaw",40,40,176,81.4431818181818,81.3863636363636,-0.0568181818181728,0.0568181818181728,"Forest Industry","Forest Industry",FALSE,TRUE
2082,"23174","Houghton",40,40,180,77.7277777777778,77.7833333333333,0.0555555555555571,0.0555555555555571,"Forest Industry","Forest Industry",FALSE,TRUE
2083,"17458","Keweenaw",80,80,362,76.975138121547,77.0303867403315,0.0552486187845318,0.0552486187845318,"Private Individual(s)","Private Individual(s)",FALSE,TRUE
2084,"10092","Houghton",262.06,262.06,1180,82.6584745762712,82.7135593220339,0.0550847457627128,0.0550847457627128,"Other Business","Other Business",FALSE,TRUE
2085,"29320","Houghton",117.8,117.8,703,78.6315789473684,78.6856330014225,0.0540540540540491,0.0540540540540491,"Forest Industry","Forest Industry",FALSE,TRUE
2086,"20659","Keweenaw",320,320,1387,75.7087238644557,75.6560922855083,-0.0526315789473699,0.0526315789473699,"Forest Industry","Other Business",TRUE,TRUE
2087,"4986","Houghton",40,40,193,76.5233160621762,76.5751295336788,0.051813471502598,0.051813471502598,"Other Business","Other Business",FALSE,TRUE
2088,"19766","Keweenaw",40,40,174,75.7643678160919,75.7126436781609,-0.051724137931032,0.051724137931032,"Forest Industry","Other Business",TRUE,TRUE
2089,"18885","Houghton",40,40,177,84.0790960451977,84.0282485875706,-0.0508474576271283,0.0508474576271283,"Forest Industry","Forest Industry",FALSE,TRUE
2090,"35103","Keweenaw",275.7,275.7,1141,74.5381244522349,74.5889570552147,0.0508326029798383,0.0508326029798383,"Other Business","Other Business",FALSE,TRUE
2091,"34325","Houghton",40,NA,179,81.9832402234637,81.9329608938548,-0.0502793296089266,0.0502793296089266,"Private Individual(s)","non-CFP in 2026",FALSE,FALSE
2092,"12062","Keweenaw",400,NA,1816,75.1965859030837,75.1486784140969,-0.0479074889867803,0.0479074889867803,"Forest Industry","non-CFP in 2026",FALSE,FALSE
2093,"11912","Keweenaw",320,320,1381,73.4779145546705,73.5206372194062,0.0427226647356918,0.0427226647356918,"Forest Industry","Forest Industry",FALSE,TRUE
2094,"17491","Houghton",40,40,177,73.8587570621469,73.8983050847458,0.0395480225988649,0.0395480225988649,"Forest Industry","Forest Industry",FALSE,TRUE
2095,"18005","Keweenaw",200,NA,888,77.375,77.3355855855856,-0.0394144144144093,0.0394144144144093,"Forest Industry","non-CFP in 2026",FALSE,FALSE
2096,"10182","Houghton",280,280,1251,82.6530775379696,82.6922462030376,0.0391686650679475,0.0391686650679475,"Forest Industry","Forest Industry",FALSE,TRUE
2097,"12046","Keweenaw",80,80,348,80.9971264367816,80.9597701149425,-0.0373563218390842,0.0373563218390842,"Forest Industry","Forest Industry",FALSE,TRUE
2098,"17997","Keweenaw",160,160,710,62.3704225352113,62.3352112676056,-0.0352112676056322,0.0352112676056322,"Forest Industry","Other Business",TRUE,TRUE
2099,"11946","Keweenaw",160,160,713,78.1332398316971,78.1683029453015,0.0350631136044939,0.0350631136044939,"Forest Industry","Forest Industry",FALSE,TRUE
2100,"26753","Houghton",40,40,182,83.021978021978,82.989010989011,-0.0329670329670364,0.0329670329670364,"Private Individual(s)","Private Individual(s)",FALSE,TRUE
2101,"10292","Houghton",200,200,908,81.3887665198238,81.3568281938326,-0.0319383259911916,0.0319383259911916,"Forest Industry","Forest Industry",FALSE,TRUE
2102,"16983","Houghton",120,120,538,77.5539033457249,77.5223048327138,-0.0315985130111471,0.0315985130111471,"Forest Industry","Forest Industry",FALSE,TRUE
2103,"10239","Houghton",437.28,437.28,1970,75.2842639593909,75.3157360406091,0.0314720812182685,0.0314720812182685,"Forest Industry","Forest Industry",FALSE,TRUE
2104,"33182","Houghton",75,75,359,80.3008356545961,80.3314763231198,0.0306406685236738,0.0306406685236738,"Other Business","Private Individual(s)",TRUE,TRUE
2105,"4992","Houghton",40,40,181,77.3867403314917,77.414364640884,0.0276243093922659,0.0276243093922659,"Private Individual(s)","Private Individual(s)",FALSE,TRUE
2106,"10112","Houghton",240,240,1070,80.1607476635514,80.1869158878505,0.026168224299056,0.026168224299056,"Forest Industry","Forest Industry",FALSE,TRUE
2107,"23150","Houghton",160,160,724,85.5773480662983,85.6008287292818,0.023480662983431,0.023480662983431,"Private Individual(s)","Private Individual(s)",FALSE,TRUE
2108,"23682","Keweenaw",120,120,534,35.7134831460674,35.6910112359551,-0.0224719101123583,0.0224719101123583,"Private Individual(s)","Private Individual(s)",FALSE,TRUE
2109,"19693","Keweenaw",20,20,90,73.0888888888889,73.1111111111111,0.0222222222222257,0.0222222222222257,"Forest Industry","Forest Industry",FALSE,TRUE
2110,"10390","Houghton",80,80,362,69.9640883977901,69.9419889502762,-0.0220994475138099,0.0220994475138099,"Private Individual(s)","Private Individual(s)",FALSE,TRUE
2111,"5015","Houghton",640,640,3027,81.9857945160225,82.0056161215725,0.0198216055500495,0.0198216055500495,"Forest Industry","Forest Industry",FALSE,TRUE
2112,"5256","Keweenaw",160,160,727,78.7936726272352,78.8115543328748,0.0178817056396241,0.0178817056396241,"Forest Industry","Other Business",TRUE,TRUE
2113,"10178","Houghton",80,80,346,83.7456647398844,83.728323699422,-0.0173410404624263,0.0173410404624263,"Other Business","Other Business",FALSE,TRUE
2114,"6128","Keweenaw",80,80,352,84.3295454545455,84.3125,-0.0170454545454533,0.0170454545454533,"Forest Industry","Forest Industry",FALSE,TRUE
2115,"16139","Houghton",584.9,584.9,2852,77.398316970547,77.4130434782609,0.0147265077138883,0.0147265077138883,"Forest Industry","Forest Industry",FALSE,TRUE
2116,"30833","Keweenaw",100,100,452,78.4557522123894,78.4690265486726,0.0132743362831746,0.0132743362831746,"Forest Industry","Other Business",TRUE,TRUE
2117,"19014","Keweenaw",80,80,387,73.7803617571059,73.7674418604651,-0.0129198966408239,0.0129198966408239,"Forest Industry","Other Business",TRUE,TRUE
2118,"11914","Keweenaw",240,240,1090,75.7807339449541,75.7935779816514,0.0128440366972598,0.0128440366972598,"Forest Industry","Forest Industry",FALSE,TRUE
2119,"35479","Keweenaw",40,40,178,70.2696629213483,70.2808988764045,0.0112359550561791,0.0112359550561791,"Private Individual(s)","Private Individual(s)",FALSE,TRUE
2120,"6076","Houghton",160,160,715,68.7944055944056,68.7832167832168,-0.0111888111888021,0.0111888111888021,"Private Individual(s)","Private Individual(s)",FALSE,TRUE
2121,"33305","Houghton",52.65,52.65,224,69.3035714285714,69.2946428571429,-0.0089285714285694,0.0089285714285694,"Forest Industry","Forest Industry",FALSE,TRUE
2122,"30364","Houghton",30,30,130,73.8923076923077,73.9,0.00769230769230944,0.00769230769230944,"Private Individual(s)","Private Individual(s)",FALSE,TRUE
2123,"6105","Houghton",162.23,NA,714,83.1078431372549,83.1148459383754,0.00700280112044993,0.00700280112044993,"Forest Industry","non-CFP in 2026",FALSE,FALSE
2124,"29907","Keweenaw",64.25,64.25,312,76.8910256410256,76.8974358974359,0.0064102564102626,0.0064102564102626,"Forest Industry","Forest Industry",FALSE,TRUE
2125,"16865","Keweenaw",160,160,699,84.6781115879828,84.6723891273247,-0.00572246065807747,0.00572246065807747,"Forest Industry","Forest Industry",FALSE,TRUE
2126,"15709","Houghton",400,400,1784,81.4652466367713,81.4708520179372,0.00560538116592113,0.00560538116592113,"Other Business","Other Business",FALSE,TRUE
2127,"20317","Houghton",40,40,180,81.2888888888889,81.2833333333333,-0.00555555555555998,0.00555555555555998,"Other Business","Other Business",FALSE,TRUE
2128,"26772","Houghton",40,40,183,83.0109289617486,83.0054644808743,-0.00546448087430917,0.00546448087430917,"Private Individual(s)","Private Individual(s)",FALSE,TRUE
