"year","acres"
2010,3.78071233644763
2010,1.33436905992269
2010,0.889579373281795
2010,2.44634327652494
2010,0.222394843320449
2010,0.444789686640898
2010,0.444789686640898
2010,0.444789686640898
2010,0.667184529961346
2010,0.222394843320449
2010,0.667184529961346
2010,0.222394843320449
2010,0.667184529961346
2010,0.667184529961346
2010,0.667184529961346
2010,0.444789686640898
2010,0.222394843320449
2010,0.222394843320449
2010,1.55676390324314
2010,0.667184529961346
2010,0.222394843320449
2010,10.2301627927406
2010,10.0077679494202
2010,3.33592264980673
2010,6.44945045629302
2010,0.889579373281795
2010,0.889579373281795
2010,8.2286092028566
2010,4.67029170972943
2010,9.34058341945885
2010,0.222394843320449
2010,0.444789686640898
2010,0.222394843320449
2010,0.222394843320449
2010,0.444789686640898
2010,0.222394843320449
2010,1.11197421660224
2010,0.667184529961346
2010,0.889579373281795
2010,0.444789686640898
2010,0.444789686640898
2010,0.444789686640898
2010,0.222394843320449
2010,0.889579373281795
2010,0.444789686640898
2010,0.667184529961346
2010,1.55676390324314
2010,0.444789686640898
2010,0.222394843320449
2010,0.444789686640898
2010,0.222394843320449
2010,0.222394843320449
2010,0.667184529961346
2010,1.55676390324314
2010,0.444789686640898
2010,2.22394843320449
2010,0.667184529961346
2010,0.444789686640898
2010,1.77915874656359
2010,3.33592264980673
2010,1.11197421660224
2010,2.22394843320449
2010,0.667184529961346
2010,0.444789686640898
2010,0.444789686640898
2010,0.444789686640898
2010,0.222394843320449
2010,0.444789686640898
2010,5.11508139637032
2010,0.444789686640898
2010,0.667184529961346
2010,2.22394843320449
2010,1.33436905992269
2010,4.67029170972943
2010,0.667184529961346
2010,0.222394843320449
2010,3.55831749312718
2010,2.66873811984539
2010,0.444789686640898
2010,3.55831749312718
2010,1.33436905992269
2010,0.444789686640898
2010,39.8086769543603
2010,0.889579373281795
2010,0.444789686640898
2010,0.667184529961346
2010,0.222394843320449
2010,0.889579373281795
2010,0.444789686640898
2010,1.11197421660224
2010,0.222394843320449
2010,0.889579373281795
2010,0.444789686640898
2010,0.222394843320449
2010,63.8273200329688
2010,0.222394843320449
2010,0.222394843320449
2010,0.222394843320449
2010,0.444789686640898
2010,0.222394843320449
2010,1.11197421660224
2010,0.444789686640898
2010,0.222394843320449
2010,0.444789686640898
2010,0.222394843320449
2010,0.444789686640898
2010,0.444789686640898
2010,2.22394843320449
2010,0.444789686640898
2010,0.889579373281795
2010,0.667184529961346
2010,2.44634327652494
2010,0.444789686640898
2010,0.222394843320449
2010,0.444789686640898
2010,0.444789686640898
2010,3.55831749312718
2010,1.11197421660224
2010,1.33436905992269
2010,29.8009090049401
2010,0.222394843320449
2010,0.667184529961346
2010,0.444789686640898
2010,7.78381951621571
2010,0.222394843320449
2010,0.222394843320449
2010,0.667184529961346
2010,0.222394843320449
2010,0.222394843320449
2010,0.667184529961346
2010,0.444789686640898
2010,12.898900912586
2010,0.444789686640898
2010,0.222394843320449
2010,0.444789686640898
2010,1.11197421660224
2010,9.78537310609975
2010,3.55831749312718
2010,16.0124287190723
2010,0.222394843320449
2010,9.34058341945885
2010,1.11197421660224
2010,56.9330798900349
2010,0.222394843320449
2010,0.222394843320449
2010,0.889579373281795
2010,2.22394843320449
2010,1.11197421660224
2010,0.889579373281795
2010,41.3654408576035
2010,1.55676390324314
2010,0.222394843320449
2010,0.444789686640898
2010,0.444789686640898
2010,0.444789686640898
2010,0.222394843320449
2010,2.00155358988404
2010,2.66873811984539
2010,0.444789686640898
2010,8.00621435953616
2010,0.889579373281795
2010,0.222394843320449
2010,0.444789686640898
2010,0.222394843320449
2010,0.889579373281795
2010,0.444789686640898
2010,36.9175439911945
2010,1.11197421660224
2010,0.222394843320449
2010,0.222394843320449
2010,0.444789686640898
2010,0.889579373281795
2010,0.222394843320449
2010,83.6204610884888
2010,0.222394843320449
2010,2.00155358988404
2010,3.55831749312718
2010,1.11197421660224
2010,0.444789686640898
2010,4.44789686640898
2010,2.00155358988404
2010,1.11197421660224
2010,3.33592264980673
2010,0.222394843320449
2010,4.22550202308853
2010,1.33436905992269
2010,0.222394843320449
2010,0.444789686640898
2010,0.222394843320449
2010,0.222394843320449
2010,11.5645318526633
2010,6.67184529961346
2010,1.77915874656359
2010,1.77915874656359
2010,4.67029170972943
2010,0.222394843320449
2010,2.22394843320449
2010,0.444789686640898
2010,0.444789686640898
2010,0.444789686640898
2010,0.444789686640898
2010,0.667184529961346
2010,0.444789686640898
2010,0.222394843320449
2010,0.667184529961346
2010,18.6811668389177
2010,5.11508139637032
2010,1.33436905992269
2010,0.667184529961346
2010,0.444789686640898
2010,0.444789686640898
2010,0.444789686640898
2010,0.444789686640898
2010,1.11197421660224
2010,0.222394843320449
2010,0.444789686640898
2010,0.889579373281795
2010,17.5691926223155
2010,0.222394843320449
2010,0.444789686640898
2010,0.667184529961346
2010,0.444789686640898
2010,2.00155358988404
2010,0.222394843320449
2010,4.22550202308853
2010,0.222394843320449
2010,0.444789686640898
2010,2.89113296316583
2010,2.00155358988404
2010,0.444789686640898
2010,0.222394843320449
2010,13.7884802858678
2010,0.222394843320449
2010,1.11197421660224
2010,2.22394843320449
2010,0.444789686640898
2010,0.667184529961346
2010,0.222394843320449
2010,43.8117841341284
2010,1.55676390324314
2010,0.444789686640898
2010,0.444789686640898
2010,0.444789686640898
2010,4.67029170972943
2010,0.889579373281795
2010,0.889579373281795
2010,0.667184529961346
2010,1.33436905992269
2010,0.222394843320449
2010,0.222394843320449
2010,8.00621435953616
2010,0.444789686640898
2010,0.222394843320449
2010,15.345244189111
2010,4.67029170972943
2010,4.00310717976808
2010,0.222394843320449
2010,4.22550202308853
2010,0.444789686640898
2010,0.222394843320449
2010,3.33592264980673
2010,2.89113296316583
2010,0.222394843320449
2010,0.222394843320449
2010,6.89424014293391
2010,6.22705561297257
2010,1.11197421660224
2010,0.222394843320449
2010,1.11197421660224
2010,0.667184529961346
2010,0.222394843320449
2010,7.33902982957481
2010,0.667184529961346
2010,0.444789686640898
2010,3.55831749312718
2010,2.22394843320449
2010,1.55676390324314
2010,0.222394843320449
2010,3.11352780648628
2010,0.222394843320449
2010,6.44945045629302
2010,0.889579373281795
2010,0.444789686640898
2010,0.222394843320449
2010,3.11352780648628
2010,17.1244029356746
2010,0.222394843320449
2010,0.889579373281795
2010,10.6749524793815
2010,21.5722998020835
2010,0.444789686640898
2010,0.444789686640898
2010,0.889579373281795
2010,0.222394843320449
2010,0.222394843320449
2010,0.667184529961346
2010,0.889579373281795
2010,0.222394843320449
2010,0.444789686640898
2010,0.444789686640898
2010,2.44634327652494
2010,2.89113296316583
2010,1.11197421660224
2010,1.11197421660224
2010,0.222394843320449
2010,0.444789686640898
2010,0.222394843320449
2010,0.222394843320449
2010,0.444789686640898
2010,0.889579373281795
2010,0.667184529961346
2010,0.444789686640898
2010,7.78381951621571
2010,0.222394843320449
2010,0.222394843320449
2010,0.444789686640898
2010,7.33902982957481
2010,2.00155358988404
2010,0.222394843320449
2010,10.897347322702
2010,2.44634327652494
2010,4.44789686640898
2010,0.444789686640898
2010,0.444789686640898
2010,0.222394843320449
2010,0.444789686640898
2010,0.667184529961346
2010,0.444789686640898
2010,1.33436905992269
2010,0.444789686640898
2010,0.222394843320449
2010,0.444789686640898
2010,0.889579373281795
2010,0.667184529961346
2010,1.11197421660224
2010,76.0590364155935
2010,0.222394843320449
2010,4.00310717976808
2010,0.222394843320449
2010,0.444789686640898
2010,0.444789686640898
2010,0.444789686640898
2010,0.444789686640898
2010,0.444789686640898
2010,0.667184529961346
2010,1.11197421660224
2010,5.55987108301122
2010,0.222394843320449
2010,1.77915874656359
2010,0.222394843320449
2010,1.33436905992269
2010,13.1212957559065
2010,0.444789686640898
2010,10.0077679494202
2010,0.444789686640898
2010,0.444789686640898
2010,8.6733988894975
2010,0.222394843320449
2010,0.667184529961346
2010,0.222394843320449
2010,1.11197421660224
2010,0.222394843320449
2010,0.222394843320449
2010,0.444789686640898
2010,0.444789686640898
2010,0.667184529961346
2010,1.33436905992269
2010,0.889579373281795
2010,0.889579373281795
2010,0.444789686640898
2010,10.0077679494202
2010,6.44945045629302
2010,0.222394843320449
2010,2.22394843320449
2010,0.444789686640898
2010,0.667184529961346
2010,0.222394843320449
2010,0.444789686640898
2010,2.66873811984539
2010,1.11197421660224
2010,0.222394843320449
2010,4.89268655304987
2010,2.89113296316583
2010,0.889579373281795
2010,2.66873811984539
2010,33.1368316547469
2010,0.222394843320449
2010,0.444789686640898
2010,0.222394843320449
2010,0.222394843320449
2010,0.444789686640898
2010,0.444789686640898
2010,2.00155358988404
2010,0.889579373281795
2010,13.5660854425474
2010,3.78071233644763
2010,0.444789686640898
2010,0.444789686640898
2010,2.66873811984539
2010,1.11197421660224
2010,0.889579373281795
2010,0.444789686640898
2010,0.667184529961346
2010,0.667184529961346
2010,0.444789686640898
2010,0.889579373281795
2010,0.222394843320449
2010,0.444789686640898
2010,0.889579373281795
2010,19.348351368879
2010,2.89113296316583
2010,0.667184529961346
2010,0.444789686640898
2010,0.444789686640898
2010,2.89113296316583
2010,0.444789686640898
2010,0.222394843320449
2010,0.222394843320449
2010,0.444789686640898
2010,0.444789686640898
2010,0.444789686640898
2010,7.56142467289526
2010,0.444789686640898
2010,0.222394843320449
2010,3.78071233644763
2010,0.222394843320449
2010,0.222394843320449
2010,0.222394843320449
2010,0.222394843320449
2010,0.222394843320449
2010,7.56142467289526
2010,1.33436905992269
2010,0.444789686640898
2010,0.667184529961346
2010,0.222394843320449
2010,1.11197421660224
2010,0.222394843320449
2010,0.444789686640898
2010,0.444789686640898
2010,0.222394843320449
2010,0.222394843320449
2010,0.222394843320449
2010,0.667184529961346
2010,0.444789686640898
2010,12.6765060692656
2010,0.222394843320449
2010,0.222394843320449
2010,0.222394843320449
2010,0.222394843320449
2010,1.77915874656359
2010,0.222394843320449
2010,0.889579373281795
2010,2.89113296316583
2010,0.222394843320449
2010,0.444789686640898
2010,1.33436905992269
2010,14.9004545024701
2010,0.444789686640898
2010,0.222394843320449
2010,0.222394843320449
2010,2.66873811984539
2010,0.444789686640898
2010,1.77915874656359
2010,0.667184529961346
2010,1.55676390324314
2010,1.11197421660224
2010,2.66873811984539
2010,0.444789686640898
2010,0.222394843320449
2010,0.222394843320449
2010,1.55676390324314
2010,0.222394843320449
2010,2.00155358988404
2010,0.444789686640898
2010,16.9020080923541
2010,4.89268655304987
2010,18.9035616822381
2010,3.78071233644763
2010,0.222394843320449
2010,3.78071233644763
2010,3.11352780648628
2010,3.55831749312718
2010,3.55831749312718
2010,1.33436905992269
2010,1.55676390324314
2010,0.444789686640898
2010,0.667184529961346
2010,19.7931410555199
2010,0.889579373281795
2010,0.444789686640898
2010,0.667184529961346
2010,1.11197421660224
2010,7.78381951621571
2010,18.6811668389177
2010,9.78537310609975
2010,0.444789686640898
2010,0.667184529961346
2010,2.44634327652494
2010,2.22394843320449
2010,0.444789686640898
2010,0.222394843320449
2010,0.222394843320449
2010,0.444789686640898
2010,0.222394843320449
2010,0.667184529961346
2010,0.444789686640898
2010,0.444789686640898
2010,0.222394843320449
2010,0.222394843320449
2010,0.444789686640898
2010,0.222394843320449
2010,0.667184529961346
2010,0.444789686640898
2010,0.222394843320449
2010,0.222394843320449
2010,0.889579373281795
2010,0.222394843320449
2010,0.444789686640898
2010,0.444789686640898
2010,0.889579373281795
2010,0.444789686640898
2010,0.444789686640898
2010,0.222394843320449
2010,0.222394843320449
2010,15.7900338757519
2010,0.667184529961346
2010,18.6811668389177
2010,0.444789686640898
2010,1.11197421660224
2010,3.11352780648628
2010,1.55676390324314
2010,17.1244029356746
2010,45.1461531940511
2010,0.889579373281795
2010,0.444789686640898
2010,0.444789686640898
2010,1.11197421660224
2010,1.77915874656359
2010,2.22394843320449
2010,0.222394843320449
2010,5.55987108301122
2010,6.89424014293391
2010,0.222394843320449
2010,1.77915874656359
2010,0.667184529961346
2010,1.33436905992269
2010,0.222394843320449
2010,32.2472522814651
2010,3.33592264980673
2010,0.222394843320449
2010,3.78071233644763
2010,0.222394843320449
2010,5.11508139637032
2010,0.222394843320449
2010,1.11197421660224
2010,0.444789686640898
2010,0.222394843320449
2010,10.4525576360611
2010,9.1181885761384
2010,0.667184529961346
2010,1.55676390324314
2010,2.44634327652494
2010,4.00310717976808
2010,0.444789686640898
2010,0.222394843320449
2010,1.11197421660224
2010,0.444789686640898
2010,0.667184529961346
2010,0.667184529961346
2010,0.222394843320449
2010,0.889579373281795
2010,0.222394843320449
2010,0.222394843320449
2010,0.889579373281795
2010,3.55831749312718
2010,0.222394843320449
2010,0.222394843320449
2010,0.444789686640898
2010,0.222394843320449
2010,0.222394843320449
2010,0.444789686640898
2010,0.889579373281795
2010,0.222394843320449
2010,0.222394843320449
2010,1.11197421660224
2011,0.222394843320449
2011,0.667184529961346
2011,0.444789686640898
2011,0.222394843320449
2011,1.77915874656359
2011,0.444789686640898
2011,0.444789686640898
2011,0.444789686640898
2011,0.222394843320449
2011,0.222394843320449
2011,0.889579373281795
2011,1.55676390324314
2011,0.222394843320449
2011,2.00155358988404
2011,0.444789686640898
2011,0.222394843320449
2011,0.444789686640898
2011,0.222394843320449
2011,0.667184529961346
2011,0.222394843320449
2011,0.444789686640898
2011,2.89113296316583
2011,0.222394843320449
2011,0.222394843320449
2011,0.444789686640898
2011,0.222394843320449
2011,0.222394843320449
2011,49.1492603738192
2011,2.66873811984539
2011,7.11663498625436
2011,3.78071233644763
2011,0.222394843320449
2011,0.889579373281795
2011,0.222394843320449
2011,0.444789686640898
2011,0.667184529961346
2011,1.11197421660224
2011,0.444789686640898
2011,0.222394843320449
2011,0.222394843320449
2011,0.222394843320449
2011,0.444789686640898
2011,0.889579373281795
2011,0.222394843320449
2011,0.222394843320449
2011,0.889579373281795
2011,0.222394843320449
2011,0.222394843320449
2011,0.889579373281795
2011,13.7884802858678
2011,1.33436905992269
2011,0.667184529961346
2011,2.22394843320449
2011,1.11197421660224
2011,0.667184529961346
2011,0.222394843320449
2011,0.222394843320449
2011,0.889579373281795
2011,5.33747623969077
2011,0.222394843320449
2011,0.222394843320449
2011,0.889579373281795
2011,0.667184529961346
2011,0.444789686640898
2011,0.222394843320449
2011,0.222394843320449
2011,0.444789686640898
2011,0.444789686640898
2011,34.0264110280287
2011,2.00155358988404
2011,2.00155358988404
2011,0.889579373281795
2011,0.444789686640898
2011,0.667184529961346
2011,0.444789686640898
2011,0.444789686640898
2011,0.444789686640898
2011,0.222394843320449
2011,0.444789686640898
2011,0.222394843320449
2011,2.00155358988404
2011,0.444789686640898
2011,0.444789686640898
2011,4.89268655304987
2011,0.222394843320449
2011,0.222394843320449
2011,0.222394843320449
2011,2.00155358988404
2011,0.889579373281795
2011,1.77915874656359
2011,2.22394843320449
2011,4.89268655304987
2011,5.78226592633167
2011,1.33436905992269
2011,0.222394843320449
2011,0.889579373281795
2011,0.444789686640898
2011,3.11352780648628
2011,0.667184529961346
2011,2.22394843320449
2011,0.222394843320449
2011,0.667184529961346
2011,0.222394843320449
2011,0.444789686640898
2011,3.55831749312718
2011,0.889579373281795
2011,1.33436905992269
2011,0.444789686640898
2011,0.222394843320449
2011,0.667184529961346
2011,0.222394843320449
2011,0.222394843320449
2011,0.889579373281795
2011,0.222394843320449
2011,0.444789686640898
2011,0.222394843320449
2011,4.22550202308853
2011,3.78071233644763
2011,0.222394843320449
2011,0.889579373281795
2011,0.889579373281795
2011,0.444789686640898
2011,0.222394843320449
2011,0.222394843320449
2011,0.444789686640898
2011,1.77915874656359
2011,3.11352780648628
2011,4.22550202308853
2011,1.11197421660224
2011,0.444789686640898
2011,0.444789686640898
2011,0.222394843320449
2011,0.444789686640898
2011,1.11197421660224
2011,0.889579373281795
2011,0.444789686640898
2011,0.222394843320449
2011,1.33436905992269
2011,0.222394843320449
2011,0.667184529961346
2011,2.00155358988404
2011,0.222394843320449
2011,0.222394843320449
2011,0.444789686640898
2011,0.889579373281795
2011,0.222394843320449
2011,0.667184529961346
2011,0.222394843320449
2011,0.222394843320449
2011,0.222394843320449
2011,0.222394843320449
2011,3.33592264980673
2011,0.222394843320449
2011,0.222394843320449
2011,0.889579373281795
2011,0.222394843320449
2011,2.00155358988404
2011,1.77915874656359
2011,0.222394843320449
2011,9.5629782627793
2011,0.222394843320449
2011,0.222394843320449
2011,0.889579373281795
2011,0.444789686640898
2011,0.667184529961346
2011,4.44789686640898
2011,9.1181885761384
2011,28.6889347883379
2011,0.222394843320449
2011,2.00155358988404
2011,0.444789686640898
2011,3.33592264980673
2011,0.667184529961346
2011,1.55676390324314
2011,0.222394843320449
2011,18.6811668389177
2011,37.3623336778354
2011,0.667184529961346
2011,0.222394843320449
2011,0.889579373281795
2011,0.222394843320449
2011,0.667184529961346
2011,0.222394843320449
2011,0.889579373281795
2011,0.444789686640898
2011,0.444789686640898
2011,0.889579373281795
2011,0.667184529961346
2011,0.667184529961346
2011,1.33436905992269
2011,0.222394843320449
2011,0.444789686640898
2011,0.889579373281795
2011,0.222394843320449
2011,0.444789686640898
2011,0.444789686640898
2011,2.66873811984539
2011,0.222394843320449
2011,0.889579373281795
2011,0.222394843320449
2011,0.222394843320449
2011,0.222394843320449
2011,0.444789686640898
2011,0.889579373281795
2011,0.222394843320449
2011,0.667184529961346
2011,0.444789686640898
2011,3.33592264980673
2011,2.00155358988404
2011,0.889579373281795
2011,0.444789686640898
2011,2.44634327652494
2011,0.444789686640898
2011,0.222394843320449
2011,11.5645318526633
2011,1.55676390324314
2011,0.444789686640898
2011,0.222394843320449
2011,0.444789686640898
2011,0.222394843320449
2011,0.222394843320449
2011,0.222394843320449
2011,0.222394843320449
2011,2.66873811984539
2011,1.33436905992269
2011,0.667184529961346
2011,0.667184529961346
2011,5.11508139637032
2011,0.222394843320449
2011,0.889579373281795
2011,0.222394843320449
2011,0.889579373281795
2011,0.222394843320449
2011,0.444789686640898
2011,2.44634327652494
2011,2.66873811984539
2011,0.889579373281795
2011,0.222394843320449
2011,0.667184529961346
2011,0.222394843320449
2011,0.222394843320449
2011,2.66873811984539
2011,10.6749524793815
2011,2.44634327652494
2011,1.55676390324314
2011,0.222394843320449
2011,0.667184529961346
2011,0.889579373281795
2011,0.222394843320449
2011,0.444789686640898
2011,0.222394843320449
2011,0.222394843320449
2011,0.222394843320449
2011,0.222394843320449
2011,0.222394843320449
2011,0.222394843320449
2011,1.11197421660224
2011,2.22394843320449
2011,0.667184529961346
2011,0.222394843320449
2011,1.55676390324314
2011,18.2363771522768
2011,7.11663498625436
2011,1.11197421660224
2011,0.444789686640898
2011,0.444789686640898
2011,1.11197421660224
2011,0.222394843320449
2011,0.444789686640898
2011,0.222394843320449
2011,0.444789686640898
2011,9.34058341945885
2011,5.33747623969077
2011,0.444789686640898
2011,5.55987108301122
2011,0.222394843320449
2011,0.444789686640898
2011,0.222394843320449
2011,0.667184529961346
2011,0.222394843320449
2011,0.222394843320449
2011,0.444789686640898
2011,0.222394843320449
2011,18.0139823089564
2011,0.222394843320449
2011,0.667184529961346
2011,2.44634327652494
2011,0.444789686640898
2011,0.444789686640898
2011,1.77915874656359
2011,0.222394843320449
2011,2.22394843320449
2011,3.33592264980673
2011,0.222394843320449
2011,56.2658953600735
2011,0.222394843320449
2011,13.1212957559065
2011,0.222394843320449
2011,8.89579373281795
2011,33.8040161847082
2011,0.222394843320449
2011,0.444789686640898
2011,0.222394843320449
2011,1.11197421660224
2011,0.222394843320449
2011,0.444789686640898
2011,7.78381951621571
2011,0.222394843320449
2011,0.222394843320449
2011,2.44634327652494
2011,0.222394843320449
2011,0.889579373281795
2011,0.889579373281795
2011,0.444789686640898
2011,0.222394843320449
2011,0.667184529961346
2011,2.44634327652494
2011,0.222394843320449
2011,0.222394843320449
2011,0.222394843320449
2011,0.889579373281795
2011,0.667184529961346
2011,9.78537310609975
2011,0.444789686640898
2011,0.889579373281795
2011,0.444789686640898
2011,1.11197421660224
2011,0.222394843320449
2011,1.77915874656359
2011,3.78071233644763
2011,1.77915874656359
2011,0.444789686640898
2011,5.33747623969077
2011,0.222394843320449
2011,15.345244189111
2011,0.222394843320449
2011,4.00310717976808
2011,0.889579373281795
2011,0.222394843320449
2011,0.222394843320449
2011,0.667184529961346
2011,0.444789686640898
2011,0.667184529961346
2011,0.222394843320449
2011,0.222394843320449
2011,14.6780596591496
2011,0.889579373281795
2011,4.22550202308853
2011,0.444789686640898
2011,0.222394843320449
2011,0.889579373281795
2011,1.33436905992269
2011,0.444789686640898
2011,0.444789686640898
2011,0.889579373281795
2011,0.444789686640898
2011,3.11352780648628
2011,1.11197421660224
2011,0.222394843320449
2011,0.667184529961346
2011,1.33436905992269
2011,1.11197421660224
2011,0.444789686640898
2011,1.77915874656359
2011,0.444789686640898
2011,0.667184529961346
2011,0.889579373281795
2011,1.11197421660224
2011,1.33436905992269
2011,0.222394843320449
2011,0.444789686640898
2011,0.222394843320449
2011,0.444789686640898
2011,0.444789686640898
2011,0.889579373281795
2011,0.222394843320449
2011,0.222394843320449
2011,1.33436905992269
2011,1.33436905992269
2011,3.33592264980673
2011,18.0139823089564
2011,0.444789686640898
2011,0.667184529961346
2011,0.222394843320449
2011,2.00155358988404
2011,0.889579373281795
2011,0.667184529961346
2011,3.33592264980673
2011,0.222394843320449
2011,1.33436905992269
2011,0.222394843320449
2011,2.66873811984539
2011,5.33747623969077
2011,0.444789686640898
2011,0.222394843320449
2011,0.444789686640898
2011,0.444789686640898
2011,6.22705561297257
2011,12.4541112259451
2011,0.667184529961346
2011,2.66873811984539
2011,0.444789686640898
2011,0.444789686640898
2011,1.55676390324314
2011,1.11197421660224
2011,0.222394843320449
2011,0.222394843320449
2011,8.45100404617705
2011,0.667184529961346
2011,0.222394843320449
2011,0.222394843320449
2011,1.55676390324314
2011,0.222394843320449
2011,6.44945045629302
2011,0.444789686640898
2011,2.22394843320449
2011,0.444789686640898
2011,3.78071233644763
2011,33.3592264980673
2011,3.78071233644763
2011,0.222394843320449
2011,1.55676390324314
2011,0.222394843320449
2011,0.444789686640898
2011,14.0108751291883
2011,0.444789686640898
2011,0.222394843320449
2011,0.889579373281795
2011,0.222394843320449
2011,0.222394843320449
2011,0.222394843320449
2011,0.889579373281795
2011,1.33436905992269
2011,0.222394843320449
2011,0.444789686640898
2011,0.222394843320449
2011,0.889579373281795
2011,0.444789686640898
2011,0.444789686640898
2011,0.222394843320449
2011,0.444789686640898
2011,0.667184529961346
2011,0.222394843320449
2011,0.889579373281795
2011,0.444789686640898
2011,0.444789686640898
2011,5.33747623969077
2011,0.889579373281795
2011,0.444789686640898
2011,7.78381951621571
2011,6.67184529961346
2011,8.2286092028566
2011,0.444789686640898
2011,1.11197421660224
2011,0.667184529961346
2011,11.5645318526633
2011,0.444789686640898
2011,0.222394843320449
2011,0.444789686640898
2011,0.667184529961346
2011,0.222394843320449
2011,0.444789686640898
2011,0.667184529961346
2011,0.444789686640898
2011,9.5629782627793
2011,0.444789686640898
2011,0.667184529961346
2011,0.889579373281795
2011,0.444789686640898
2011,0.222394843320449
2011,1.33436905992269
2011,5.11508139637032
2011,0.222394843320449
2011,0.222394843320449
2011,1.33436905992269
2011,0.667184529961346
2011,0.222394843320449
2011,1.33436905992269
2011,0.222394843320449
2011,31.8024625948242
2011,0.444789686640898
2011,3.55831749312718
2011,0.222394843320449
2011,1.33436905992269
2011,4.44789686640898
2011,1.55676390324314
2011,0.444789686640898
2011,0.444789686640898
2011,5.55987108301122
2011,0.889579373281795
2011,0.889579373281795
2011,0.444789686640898
2011,15.1228493457905
2011,0.222394843320449
2011,0.667184529961346
2011,0.444789686640898
2011,0.889579373281795
2011,0.222394843320449
2011,0.444789686640898
2011,15.345244189111
2011,20.4603255854813
2011,0.222394843320449
2011,0.444789686640898
2011,0.222394843320449
2011,0.444789686640898
2011,0.889579373281795
2011,0.444789686640898
2011,0.444789686640898
2011,0.667184529961346
2011,2.00155358988404
2011,0.444789686640898
2011,0.222394843320449
2011,19.1259565255586
2011,0.222394843320449
2011,3.55831749312718
2011,1.33436905992269
2011,0.222394843320449
2011,0.889579373281795
2011,2.22394843320449
2011,0.222394843320449
2011,0.444789686640898
2011,6.22705561297257
2011,3.11352780648628
2011,0.667184529961346
2011,1.55676390324314
2011,0.222394843320449
2011,0.222394843320449
2011,0.222394843320449
2011,0.889579373281795
2011,0.444789686640898
2011,1.33436905992269
2011,2.00155358988404
2011,1.55676390324314
2011,0.444789686640898
2011,0.222394843320449
2011,0.444789686640898
2011,0.667184529961346
2011,1.11197421660224
2011,0.889579373281795
2011,0.444789686640898
2011,0.444789686640898
2011,0.222394843320449
2011,0.222394843320449
2011,2.66873811984539
2011,0.667184529961346
2011,0.444789686640898
2011,0.444789686640898
2011,0.889579373281795
2011,0.444789686640898
2011,0.444789686640898
2011,0.889579373281795
2011,0.889579373281795
2011,0.444789686640898
2011,0.444789686640898
2011,0.222394843320449
2011,0.889579373281795
2011,0.222394843320449
2011,0.222394843320449
2011,0.222394843320449
2011,0.222394843320449
2011,0.222394843320449
2011,1.11197421660224
2011,0.222394843320449
2011,0.444789686640898
2011,0.222394843320449
2011,1.55676390324314
2011,0.889579373281795
2011,0.667184529961346
2011,13.3436905992269
2011,2.89113296316583
2011,1.11197421660224
2011,7.33902982957481
2011,0.222394843320449
2011,0.222394843320449
2011,0.667184529961346
2011,0.222394843320449
2011,0.222394843320449
2011,0.222394843320449
2011,0.444789686640898
2011,2.44634327652494
2011,0.444789686640898
2011,1.55676390324314
2011,0.222394843320449
2011,0.222394843320449
2011,0.444789686640898
2011,0.222394843320449
2011,0.889579373281795
2011,1.11197421660224
2011,0.222394843320449
2011,0.222394843320449
2011,2.00155358988404
2011,0.667184529961346
2012,0.222394843320449
2012,0.222394843320449
2012,0.889579373281795
2012,0.667184529961346
2012,0.222394843320449
2012,0.222394843320449
2012,0.222394843320449
2012,0.444789686640898
2012,0.222394843320449
2012,0.444789686640898
2012,0.444789686640898
2012,0.444789686640898
2012,0.222394843320449
2012,0.444789686640898
2012,0.889579373281795
2012,0.222394843320449
2012,0.444789686640898
2012,3.55831749312718
2012,0.222394843320449
2012,0.222394843320449
2012,0.222394843320449
2012,1.11197421660224
2012,0.444789686640898
2012,1.55676390324314
2012,0.222394843320449
2012,0.444789686640898
2012,0.667184529961346
2012,0.444789686640898
2012,0.444789686640898
2012,0.444789686640898
2012,0.444789686640898
2012,0.222394843320449
2012,0.222394843320449
2012,0.444789686640898
2012,0.667184529961346
2012,1.55676390324314
2012,0.889579373281795
2012,0.222394843320449
2012,0.222394843320449
2012,0.222394843320449
2012,0.222394843320449
2012,0.444789686640898
2012,8.89579373281795
2012,0.667184529961346
2012,0.444789686640898
2012,1.55676390324314
2012,0.222394843320449
2012,0.222394843320449
2012,0.444789686640898
2012,1.33436905992269
2012,0.444789686640898
2012,0.222394843320449
2012,0.222394843320449
2012,0.444789686640898
2012,6.89424014293391
2012,1.11197421660224
2012,14.4556648158292
2012,0.889579373281795
2012,0.222394843320449
2012,0.222394843320449
2012,0.222394843320449
2012,0.444789686640898
2012,0.444789686640898
2012,0.222394843320449
2012,1.55676390324314
2012,0.222394843320449
2012,0.667184529961346
2012,1.33436905992269
2012,0.667184529961346
2012,0.444789686640898
2012,0.444789686640898
2012,0.222394843320449
2012,0.222394843320449
2012,0.222394843320449
2012,0.667184529961346
2012,0.222394843320449
2012,0.222394843320449
2012,0.444789686640898
2012,1.55676390324314
2012,2.22394843320449
2012,2.66873811984539
2012,0.889579373281795
2012,4.67029170972943
2012,0.444789686640898
2012,0.444789686640898
2012,1.33436905992269
2012,0.222394843320449
2012,2.00155358988404
2012,25.1306172952107
2012,0.444789686640898
2012,0.222394843320449
2012,0.222394843320449
2012,1.11197421660224
2012,0.889579373281795
2012,0.444789686640898
2012,0.444789686640898
2012,8.00621435953616
2012,0.222394843320449
2012,0.222394843320449
2012,2.66873811984539
2012,2.22394843320449
2012,15.5676390324314
2012,2.66873811984539
2012,4.22550202308853
2012,9.5629782627793
2012,0.667184529961346
2012,0.222394843320449
2012,0.222394843320449
2012,0.444789686640898
2012,1.55676390324314
2012,0.222394843320449
2012,2.89113296316583
2012,1.11197421660224
2012,0.444789686640898
2012,0.444789686640898
2012,15.1228493457905
2012,5.78226592633167
2012,23.1290637053267
2012,9.34058341945885
2012,0.444789686640898
2012,0.222394843320449
2012,0.222394843320449
2012,2.89113296316583
2012,0.667184529961346
2012,0.667184529961346
2012,2.22394843320449
2012,1.11197421660224
2012,0.889579373281795
2012,1.33436905992269
2012,0.444789686640898
2012,0.222394843320449
2012,0.889579373281795
2012,0.444789686640898
2012,0.222394843320449
2012,0.889579373281795
2012,0.667184529961346
2012,1.77915874656359
2012,5.11508139637032
2012,0.222394843320449
2012,1.55676390324314
2012,0.222394843320449
2012,0.667184529961346
2012,2.66873811984539
2012,4.00310717976808
2012,1.55676390324314
2012,0.889579373281795
2012,0.889579373281795
2012,0.222394843320449
2012,1.55676390324314
2012,38.6967027377581
2012,1.55676390324314
2012,2.00155358988404
2012,2.22394843320449
2012,7.11663498625436
2012,0.889579373281795
2012,0.444789686640898
2012,0.222394843320449
2012,0.889579373281795
2012,0.222394843320449
2012,0.222394843320449
2012,1.55676390324314
2012,2.89113296316583
2012,0.222394843320449
2012,0.222394843320449
2012,0.889579373281795
2012,1.33436905992269
2012,0.222394843320449
2012,0.444789686640898
2012,0.444789686640898
2012,3.33592264980673
2012,1.55676390324314
2012,2.00155358988404
2012,4.22550202308853
2012,4.44789686640898
2012,1.11197421660224
2012,0.444789686640898
2012,1.55676390324314
2012,0.222394843320449
2012,5.78226592633167
2012,2.89113296316583
2012,0.444789686640898
2012,0.222394843320449
2012,0.222394843320449
2012,0.222394843320449
2012,1.77915874656359
2012,0.444789686640898
2012,3.11352780648628
2012,0.889579373281795
2012,10.4525576360611
2012,0.889579373281795
2012,30.0233038482606
2012,0.444789686640898
2012,0.222394843320449
2012,0.444789686640898
2012,1.11197421660224
2012,3.33592264980673
2012,20.2379307421608
2012,7.78381951621571
2012,0.222394843320449
2012,3.55831749312718
2012,0.667184529961346
2012,0.667184529961346
2012,4.22550202308853
2012,0.444789686640898
2012,0.444789686640898
2012,1.77915874656359
2012,2.89113296316583
2012,0.444789686640898
2012,0.222394843320449
2012,0.222394843320449
2012,2.00155358988404
2012,0.444789686640898
2012,1.11197421660224
2012,0.889579373281795
2012,0.222394843320449
2012,0.444789686640898
2012,0.667184529961346
2012,0.444789686640898
2012,1.33436905992269
2012,1.33436905992269
2012,0.222394843320449
2012,0.222394843320449
2012,0.444789686640898
2012,4.00310717976808
2012,0.667184529961346
2012,0.667184529961346
2012,0.889579373281795
2012,0.222394843320449
2012,0.444789686640898
2012,0.222394843320449
2012,6.00466076965212
2012,0.222394843320449
2012,0.222394843320449
2012,0.889579373281795
2012,2.89113296316583
2012,0.444789686640898
2012,5.33747623969077
2012,2.66873811984539
2012,0.667184529961346
2012,0.222394843320449
2012,1.11197421660224
2012,1.11197421660224
2012,2.00155358988404
2012,0.667184529961346
2012,0.889579373281795
2012,0.444789686640898
2012,2.44634327652494
2012,5.55987108301122
2012,0.444789686640898
2012,0.222394843320449
2012,3.11352780648628
2012,0.444789686640898
2012,0.222394843320449
2012,0.222394843320449
2012,0.444789686640898
2012,26.0201966684925
2012,1.77915874656359
2012,0.444789686640898
2012,8.00621435953616
2012,1.77915874656359
2012,0.444789686640898
2012,0.444789686640898
2012,0.444789686640898
2012,0.222394843320449
2012,4.22550202308853
2012,0.222394843320449
2012,0.222394843320449
2012,0.667184529961346
2012,0.222394843320449
2012,0.222394843320449
2012,0.667184529961346
2012,1.11197421660224
2012,0.222394843320449
2012,0.222394843320449
2012,0.444789686640898
2012,0.889579373281795
2012,4.89268655304987
2012,2.44634327652494
2012,0.444789686640898
2012,0.222394843320449
2012,3.33592264980673
2012,1.11197421660224
2012,0.444789686640898
2012,0.889579373281795
2012,0.222394843320449
2012,15.7900338757519
2012,1.55676390324314
2012,0.222394843320449
2012,0.222394843320449
2012,0.444789686640898
2012,10.6749524793815
2012,0.222394843320449
2012,4.89268655304987
2012,0.222394843320449
2012,4.00310717976808
2012,0.222394843320449
2012,0.222394843320449
2012,0.444789686640898
2012,0.667184529961346
2012,0.222394843320449
2012,0.222394843320449
2012,0.222394843320449
2012,1.33436905992269
2012,0.444789686640898
2012,12.898900912586
2012,0.222394843320449
2012,0.667184529961346
2012,9.78537310609975
2012,18.2363771522768
2012,0.444789686640898
2012,0.444789686640898
2012,0.667184529961346
2012,2.44634327652494
2012,0.444789686640898
2012,2.66873811984539
2012,0.444789686640898
2012,0.889579373281795
2012,0.667184529961346
2012,4.00310717976808
2012,1.33436905992269
2012,0.444789686640898
2012,1.33436905992269
2012,0.222394843320449
2012,0.889579373281795
2012,4.67029170972943
2012,0.444789686640898
2012,0.222394843320449
2012,1.55676390324314
2012,0.222394843320449
2012,1.11197421660224
2012,3.55831749312718
2012,0.444789686640898
2012,0.444789686640898
2012,0.222394843320449
2012,1.11197421660224
2012,2.00155358988404
2012,0.222394843320449
2012,1.11197421660224
2012,8.6733988894975
2012,0.667184529961346
2012,6.22705561297257
2012,0.444789686640898
2012,0.444789686640898
2012,0.667184529961346
2012,0.222394843320449
2012,0.222394843320449
2012,3.78071233644763
2012,0.444789686640898
2012,3.11352780648628
2012,1.55676390324314
2012,1.11197421660224
2012,0.444789686640898
2012,0.667184529961346
2012,16.9020080923541
2012,0.889579373281795
2012,0.222394843320449
2012,0.444789686640898
2012,0.667184529961346
2012,0.667184529961346
2012,1.11197421660224
2012,1.11197421660224
2012,2.66873811984539
2012,3.78071233644763
2012,0.222394843320449
2012,0.667184529961346
2012,0.444789686640898
2012,2.22394843320449
2012,6.22705561297257
2012,0.667184529961346
2012,0.889579373281795
2012,4.22550202308853
2012,0.889579373281795
2012,1.11197421660224
2012,2.44634327652494
2012,0.889579373281795
2012,0.444789686640898
2012,2.22394843320449
2012,0.222394843320449
2012,2.00155358988404
2012,0.444789686640898
2012,0.889579373281795
2012,0.667184529961346
2012,0.222394843320449
2012,0.222394843320449
2012,0.222394843320449
2012,0.889579373281795
2012,0.667184529961346
2012,0.889579373281795
2012,2.00155358988404
2012,0.444789686640898
2012,24.2410379219289
2012,8.6733988894975
2012,0.222394843320449
2012,1.77915874656359
2012,0.222394843320449
2012,13.3436905992269
2012,0.667184529961346
2012,1.55676390324314
2012,1.33436905992269
2012,2.66873811984539
2012,0.444789686640898
2012,0.222394843320449
2012,0.222394843320449
2012,0.444789686640898
2012,0.889579373281795
2012,3.55831749312718
2012,0.222394843320449
2012,0.222394843320449
2012,0.222394843320449
2012,4.00310717976808
2012,5.33747623969077
2012,12.898900912586
2012,0.444789686640898
2012,0.667184529961346
2012,0.444789686640898
2012,0.222394843320449
2012,0.444789686640898
2012,8.00621435953616
2012,4.00310717976808
2012,0.667184529961346
2012,0.889579373281795
2012,5.33747623969077
2012,0.667184529961346
2012,0.222394843320449
2012,0.222394843320449
2012,1.11197421660224
2012,0.444789686640898
2012,0.444789686640898
2012,0.222394843320449
2012,0.444789686640898
2012,6.00466076965212
2012,1.11197421660224
2012,3.78071233644763
2012,0.222394843320449
2012,0.667184529961346
2012,0.667184529961346
2012,0.444789686640898
2012,0.222394843320449
2012,0.667184529961346
2012,1.77915874656359
2012,0.889579373281795
2012,0.667184529961346
2012,6.44945045629302
2012,0.444789686640898
2012,2.22394843320449
2012,1.77915874656359
2012,0.889579373281795
2012,0.444789686640898
2012,1.55676390324314
2012,2.22394843320449
2012,29.8009090049401
2012,0.444789686640898
2012,0.444789686640898
2012,0.444789686640898
2012,0.889579373281795
2012,0.444789686640898
2012,0.444789686640898
2012,0.889579373281795
2012,0.444789686640898
2012,1.77915874656359
2012,0.222394843320449
2012,4.89268655304987
2012,0.222394843320449
2012,0.222394843320449
2012,3.33592264980673
2012,0.222394843320449
2012,1.11197421660224
2012,0.222394843320449
2012,0.222394843320449
2012,0.444789686640898
2012,0.222394843320449
2012,0.222394843320449
2012,0.667184529961346
2012,0.222394843320449
2012,0.222394843320449
2012,0.222394843320449
2012,1.33436905992269
2012,0.444789686640898
2012,0.222394843320449
2012,5.55987108301122
2012,2.22394843320449
2012,3.33592264980673
2012,9.5629782627793
2012,0.444789686640898
2012,1.11197421660224
2012,1.77915874656359
2012,1.11197421660224
2012,0.222394843320449
2012,0.444789686640898
2012,0.222394843320449
2012,0.889579373281795
2012,0.444789686640898
2012,0.444789686640898
2012,0.222394843320449
2012,1.11197421660224
2012,0.444789686640898
2012,2.89113296316583
2012,0.667184529961346
2012,0.444789686640898
2012,1.77915874656359
2012,0.222394843320449
2012,0.222394843320449
2012,1.11197421660224
2012,0.222394843320449
2012,2.00155358988404
2012,0.222394843320449
2012,0.444789686640898
2012,0.222394843320449
2012,0.444789686640898
2012,0.444789686640898
2012,0.667184529961346
2012,0.222394843320449
2012,0.444789686640898
2012,0.444789686640898
2012,0.222394843320449
2012,0.444789686640898
2012,1.55676390324314
2012,0.444789686640898
2012,0.667184529961346
2012,0.889579373281795
2012,29.1337244749788
2012,0.667184529961346
2012,0.222394843320449
2012,1.33436905992269
2012,0.889579373281795
2012,0.444789686640898
2012,0.222394843320449
2012,0.667184529961346
2012,0.444789686640898
2012,13.5660854425474
2012,3.33592264980673
2012,3.33592264980673
2012,15.5676390324314
2012,0.222394843320449
2012,0.667184529961346
2012,0.444789686640898
2012,0.444789686640898
2012,0.222394843320449
2012,0.889579373281795
2012,0.444789686640898
2012,0.222394843320449
2012,0.222394843320449
2012,0.222394843320449
2012,0.444789686640898
2012,0.222394843320449
2012,2.22394843320449
2012,0.667184529961346
2012,0.222394843320449
2012,0.222394843320449
2012,0.889579373281795
2012,0.222394843320449
2012,0.889579373281795
2012,0.222394843320449
2012,96.2969671577543
2012,0.222394843320449
2012,1.11197421660224
2012,1.77915874656359
2012,19.7931410555199
2012,0.222394843320449
2012,0.444789686640898
2012,7.11663498625436
2012,6.00466076965212
2012,0.444789686640898
2012,4.67029170972943
2012,0.222394843320449
2012,0.222394843320449
2012,0.444789686640898
2012,2.89113296316583
2012,0.222394843320449
2012,0.667184529961346
2012,3.33592264980673
2012,0.444789686640898
2012,3.11352780648628
2012,0.444789686640898
2012,6.00466076965212
2012,1.55676390324314
2012,1.77915874656359
2012,1.77915874656359
2012,1.55676390324314
2012,0.222394843320449
2012,0.444789686640898
2012,1.77915874656359
2012,0.444789686640898
2012,0.222394843320449
2012,7.11663498625436
2012,0.222394843320449
2012,12.898900912586
2012,0.222394843320449
2012,0.222394843320449
2012,0.444789686640898
2012,1.33436905992269
2012,0.889579373281795
2012,0.444789686640898
2012,1.11197421660224
2012,0.444789686640898
2012,0.889579373281795
2012,0.444789686640898
2012,3.55831749312718
2012,1.33436905992269
2012,1.55676390324314
2012,0.222394843320449
2012,0.444789686640898
2012,6.22705561297257
2012,0.889579373281795
2012,0.889579373281795
2012,2.44634327652494
2012,1.55676390324314
2012,2.44634327652494
2012,1.33436905992269
2012,0.444789686640898
2012,0.222394843320449
2012,0.444789686640898
2012,0.222394843320449
2012,0.667184529961346
2012,0.222394843320449
2012,2.89113296316583
2012,0.667184529961346
2012,2.22394843320449
2012,1.11197421660224
2012,10.6749524793815
2012,1.33436905992269
2012,2.22394843320449
2012,0.667184529961346
2012,0.222394843320449
2012,1.11197421660224
2012,1.11197421660224
2012,2.22394843320449
2012,0.889579373281795
2012,0.444789686640898
2012,0.222394843320449
2012,10.6749524793815
2012,17.1244029356746
2012,0.889579373281795
2012,0.222394843320449
2012,0.444789686640898
2012,0.222394843320449
2012,0.222394843320449
2012,3.33592264980673
2012,0.222394843320449
2012,2.00155358988404
2012,0.222394843320449
2012,0.444789686640898
2012,3.33592264980673
2012,1.55676390324314
2012,0.444789686640898
2012,1.11197421660224
2012,0.444789686640898
2012,2.22394843320449
2012,4.22550202308853
2012,0.222394843320449
2012,1.77915874656359
2012,0.222394843320449
2012,0.889579373281795
2012,0.222394843320449
2012,40.6982563276421
2012,0.444789686640898
2012,0.444789686640898
2012,0.667184529961346
2012,0.667184529961346
2012,0.444789686640898
2012,0.222394843320449
2012,0.444789686640898
2012,0.667184529961346
2012,0.667184529961346
2012,0.222394843320449
2012,1.11197421660224
2012,0.222394843320449
2012,0.222394843320449
2012,0.222394843320449
2012,0.444789686640898
2012,0.444789686640898
2012,1.11197421660224
2012,0.222394843320449
2012,1.11197421660224
2012,3.78071233644763
2012,0.667184529961346
2012,0.222394843320449
2012,2.22394843320449
2012,0.222394843320449
2012,0.222394843320449
2012,1.33436905992269
2012,0.222394843320449
2012,0.222394843320449
2012,0.222394843320449
2012,0.444789686640898
2012,0.444789686640898
2012,10.2301627927406
2012,4.00310717976808
2012,0.222394843320449
2012,1.33436905992269
2012,4.89268655304987
2012,0.444789686640898
2012,0.444789686640898
2012,2.44634327652494
2012,0.222394843320449
2012,0.444789686640898
2012,0.222394843320449
2012,0.444789686640898
2012,0.222394843320449
2012,0.667184529961346
2012,0.667184529961346
2012,2.22394843320449
2012,0.222394843320449
2012,0.222394843320449
2012,0.222394843320449
2012,0.444789686640898
2012,0.889579373281795
2012,1.11197421660224
2012,0.222394843320449
2012,0.222394843320449
2012,6.44945045629302
2012,0.222394843320449
2012,0.667184529961346
2012,1.55676390324314
2012,0.222394843320449
2012,2.22394843320449
2012,0.444789686640898
2012,0.222394843320449
2012,9.78537310609975
2012,0.222394843320449
2012,1.33436905992269
2012,0.667184529961346
2012,0.444789686640898
2012,0.444789686640898
2012,1.11197421660224
2012,0.222394843320449
2012,0.222394843320449
2012,0.444789686640898
2012,0.444789686640898
2012,0.222394843320449
2012,1.77915874656359
2012,1.55676390324314
2012,10.0077679494202
2012,2.89113296316583
2012,2.00155358988404
2012,0.222394843320449
2012,0.444789686640898
2012,15.345244189111
2012,0.889579373281795
2012,0.444789686640898
2012,0.667184529961346
2012,0.222394843320449
2012,0.222394843320449
2012,4.67029170972943
2012,0.444789686640898
2012,8.89579373281795
2012,0.444789686640898
2012,0.222394843320449
2012,0.444789686640898
2012,3.55831749312718
2012,1.77915874656359
2012,4.00310717976808
2012,1.33436905992269
2012,0.667184529961346
2012,1.33436905992269
2013,0.222394843320449
2013,0.667184529961346
2013,0.222394843320449
2013,0.444789686640898
2013,0.222394843320449
2013,0.222394843320449
2013,0.222394843320449
2013,0.667184529961346
2013,0.222394843320449
2013,0.889579373281795
2013,0.222394843320449
2013,0.444789686640898
2013,0.222394843320449
2013,0.222394843320449
2013,0.222394843320449
2013,0.222394843320449
2013,0.222394843320449
2013,0.222394843320449
2013,0.222394843320449
2013,0.222394843320449
2013,0.222394843320449
2013,0.222394843320449
2013,0.444789686640898
2013,0.222394843320449
2013,0.222394843320449
2013,0.222394843320449
2013,0.444789686640898
2013,0.222394843320449
2013,0.222394843320449
2013,0.222394843320449
2013,0.667184529961346
2013,0.444789686640898
2013,0.222394843320449
2013,0.444789686640898
2013,0.222394843320449
2013,0.444789686640898
2013,0.222394843320449
2013,0.222394843320449
2013,0.222394843320449
2013,0.222394843320449
2013,0.222394843320449
2013,0.222394843320449
2013,0.222394843320449
2013,0.667184529961346
2013,0.222394843320449
2013,0.444789686640898
2013,0.444789686640898
2013,0.667184529961346
2013,0.222394843320449
2013,0.222394843320449
2013,0.889579373281795
2013,0.444789686640898
2013,0.222394843320449
2013,0.222394843320449
2013,0.444789686640898
2013,0.222394843320449
2013,0.222394843320449
2013,0.444789686640898
2013,0.222394843320449
2013,0.444789686640898
2013,0.444789686640898
2013,0.222394843320449
2013,0.222394843320449
2013,0.444789686640898
2013,0.444789686640898
2013,0.222394843320449
2013,0.222394843320449
2013,0.222394843320449
2013,0.222394843320449
2013,0.667184529961346
2013,0.444789686640898
2013,0.444789686640898
2013,0.222394843320449
2013,0.222394843320449
2013,0.222394843320449
2013,0.222394843320449
2013,0.222394843320449
2013,0.222394843320449
2013,0.222394843320449
2013,1.11197421660224
2013,0.222394843320449
2013,0.444789686640898
2013,0.222394843320449
2013,0.222394843320449
2013,0.444789686640898
2013,0.222394843320449
2013,0.222394843320449
2013,0.667184529961346
2013,0.222394843320449
2013,0.444789686640898
2013,1.77915874656359
2013,0.222394843320449
2013,0.889579373281795
2013,0.222394843320449
2013,0.222394843320449
2013,0.444789686640898
2013,0.222394843320449
2013,0.222394843320449
2013,0.222394843320449
2013,0.222394843320449
2013,0.222394843320449
2013,0.667184529961346
2013,0.222394843320449
2013,0.222394843320449
2013,0.222394843320449
2013,0.444789686640898
2013,0.222394843320449
2013,0.222394843320449
2013,0.444789686640898
2013,0.667184529961346
2013,0.222394843320449
2013,0.222394843320449
2013,0.222394843320449
2013,0.667184529961346
2013,0.222394843320449
2013,0.222394843320449
2013,0.444789686640898
2013,0.222394843320449
2013,0.222394843320449
2013,0.222394843320449
2013,2.89113296316583
2013,0.222394843320449
2013,0.667184529961346
2013,0.222394843320449
2013,0.222394843320449
2013,0.444789686640898
2013,0.222394843320449
2013,0.222394843320449
2013,0.444789686640898
2013,0.889579373281795
2013,0.667184529961346
2013,1.77915874656359
2013,0.222394843320449
2013,0.889579373281795
2013,0.222394843320449
2013,0.444789686640898
2013,0.667184529961346
2013,0.222394843320449
2013,0.222394843320449
2013,0.444789686640898
2013,1.11197421660224
2013,0.222394843320449
2013,0.444789686640898
2013,0.667184529961346
2013,0.667184529961346
2013,1.11197421660224
2013,5.33747623969077
2013,0.444789686640898
2013,0.444789686640898
2013,1.33436905992269
2013,0.222394843320449
2013,0.444789686640898
2013,6.89424014293391
2013,0.667184529961346
2013,3.11352780648628
2013,0.222394843320449
2013,0.667184529961346
2013,0.222394843320449
2013,0.222394843320449
2013,2.00155358988404
2013,0.444789686640898
2013,0.889579373281795
2013,0.444789686640898
2013,0.444789686640898
2013,0.444789686640898
2013,4.67029170972943
2013,0.444789686640898
2013,0.444789686640898
2013,0.222394843320449
2013,0.222394843320449
2013,0.222394843320449
2013,1.11197421660224
2013,0.222394843320449
2013,0.667184529961346
2013,0.222394843320449
2013,0.889579373281795
2013,1.33436905992269
2013,0.222394843320449
2013,0.222394843320449
2013,5.11508139637032
2013,1.55676390324314
2013,0.222394843320449
2013,12.4541112259451
2013,0.667184529961346
2013,0.222394843320449
2013,0.222394843320449
2013,0.444789686640898
2013,0.667184529961346
2013,0.222394843320449
2013,0.222394843320449
2013,0.444789686640898
2013,0.222394843320449
2013,0.222394843320449
2013,0.444789686640898
2013,1.55676390324314
2013,1.33436905992269
2013,0.222394843320449
2013,0.889579373281795
2013,0.222394843320449
2013,0.667184529961346
2013,0.222394843320449
2013,2.00155358988404
2013,0.222394843320449
2013,0.222394843320449
2013,0.222394843320449
2013,0.444789686640898
2013,2.22394843320449
2013,3.33592264980673
2013,2.44634327652494
2013,3.78071233644763
2013,0.444789686640898
2013,0.222394843320449
2013,0.444789686640898
2013,0.444789686640898
2013,9.5629782627793
2013,0.222394843320449
2013,0.222394843320449
2013,1.33436905992269
2013,0.222394843320449
2013,0.444789686640898
2013,0.444789686640898
2013,0.222394843320449
2013,2.66873811984539
2013,7.56142467289526
2013,0.222394843320449
2013,1.55676390324314
2013,0.222394843320449
2013,0.444789686640898
2013,0.222394843320449
2013,1.33436905992269
2013,0.222394843320449
2013,0.222394843320449
2013,0.889579373281795
2013,0.222394843320449
2013,0.222394843320449
2013,0.222394843320449
2013,0.444789686640898
2013,15.5676390324314
2013,0.444789686640898
2013,0.222394843320449
2013,1.55676390324314
2013,0.222394843320449
2013,2.00155358988404
2013,0.667184529961346
2013,0.444789686640898
2013,1.55676390324314
2013,15.5676390324314
2013,0.222394843320449
2013,2.44634327652494
2013,0.222394843320449
2013,0.222394843320449
2013,0.444789686640898
2013,1.11197421660224
2013,1.77915874656359
2013,0.222394843320449
2013,0.222394843320449
2013,1.11197421660224
2013,0.222394843320449
2013,0.667184529961346
2013,0.222394843320449
2013,0.222394843320449
2013,2.44634327652494
2013,0.222394843320449
2013,43.1445996041671
2013,0.222394843320449
2013,2.22394843320449
2013,0.222394843320449
2013,0.444789686640898
2013,2.00155358988404
2013,1.11197421660224
2013,0.444789686640898
2013,3.55831749312718
2013,0.444789686640898
2013,0.222394843320449
2013,2.22394843320449
2013,4.00310717976808
2013,1.11197421660224
2013,0.444789686640898
2013,0.222394843320449
2013,1.11197421660224
2013,0.222394843320449
2013,0.222394843320449
2013,0.222394843320449
2013,0.222394843320449
2013,0.667184529961346
2013,0.222394843320449
2013,0.222394843320449
2013,2.22394843320449
2013,2.22394843320449
2013,4.00310717976808
2013,0.444789686640898
2013,0.222394843320449
2013,0.444789686640898
2013,5.33747623969077
2013,0.667184529961346
2013,0.222394843320449
2013,18.6811668389177
2013,0.889579373281795
2013,15.1228493457905
2013,1.11197421660224
2013,0.889579373281795
2013,0.889579373281795
2013,0.222394843320449
2013,2.22394843320449
2013,0.667184529961346
2013,0.222394843320449
2013,0.222394843320449
2013,0.222394843320449
2013,3.11352780648628
2013,0.222394843320449
2013,1.77915874656359
2013,0.444789686640898
2013,0.222394843320449
2013,0.222394843320449
2013,0.222394843320449
2013,0.222394843320449
2013,2.66873811984539
2013,3.55831749312718
2013,0.222394843320449
2013,0.889579373281795
2013,0.222394843320449
2013,0.444789686640898
2013,1.55676390324314
2013,4.00310717976808
2013,10.2301627927406
2013,1.55676390324314
2013,0.444789686640898
2013,2.89113296316583
2013,0.222394843320449
2013,0.222394843320449
2013,0.889579373281795
2013,0.444789686640898
2013,0.667184529961346
2013,0.444789686640898
2013,2.00155358988404
2013,6.44945045629302
2013,1.33436905992269
2013,0.444789686640898
2013,0.222394843320449
2013,0.222394843320449
2013,0.222394843320449
2013,1.33436905992269
2013,0.444789686640898
2013,0.444789686640898
2013,0.222394843320449
2013,0.222394843320449
2013,0.222394843320449
2013,0.889579373281795
2013,5.11508139637032
2013,0.667184529961346
2013,0.222394843320449
2013,0.444789686640898
2013,0.222394843320449
2013,0.222394843320449
2013,0.667184529961346
2013,1.33436905992269
2013,1.11197421660224
2013,0.222394843320449
2013,0.444789686640898
2013,42.6998099175262
2013,1.33436905992269
2013,0.222394843320449
2013,0.222394843320449
2013,2.00155358988404
2013,54.0419469268691
2013,0.444789686640898
2013,2.89113296316583
2013,0.667184529961346
2013,1.33436905992269
2013,0.222394843320449
2013,0.222394843320449
2013,0.444789686640898
2013,0.667184529961346
2013,0.222394843320449
2013,4.89268655304987
2013,0.222394843320449
2013,1.77915874656359
2013,0.444789686640898
2013,0.222394843320449
2013,4.44789686640898
2013,0.222394843320449
2013,0.222394843320449
2013,0.222394843320449
2013,0.889579373281795
2013,5.11508139637032
2013,0.222394843320449
2013,1.55676390324314
2013,0.444789686640898
2013,0.222394843320449
2013,0.889579373281795
2013,0.444789686640898
2013,0.222394843320449
2013,1.55676390324314
2013,0.667184529961346
2013,1.11197421660224
2013,3.78071233644763
2013,0.667184529961346
2013,2.44634327652494
2013,0.444789686640898
2013,0.222394843320449
2013,0.222394843320449
2013,1.55676390324314
2013,0.222394843320449
2013,0.222394843320449
2013,0.222394843320449
2013,0.222394843320449
2013,0.222394843320449
2013,0.222394843320449
2013,0.222394843320449
2013,0.667184529961346
2013,0.222394843320449
2013,0.667184529961346
2013,0.222394843320449
2013,0.222394843320449
2013,0.444789686640898
2013,0.222394843320449
2013,0.222394843320449
2013,4.67029170972943
2013,0.222394843320449
2013,0.222394843320449
2013,0.222394843320449
2013,0.222394843320449
2013,2.00155358988404
2013,0.222394843320449
2013,0.222394843320449
2013,18.0139823089564
2013,0.444789686640898
2013,0.667184529961346
2013,140.108751291883
2013,0.222394843320449
2013,0.667184529961346
2013,0.667184529961346
2013,0.444789686640898
2013,2.22394843320449
2013,0.667184529961346
2013,0.889579373281795
2013,0.222394843320449
2013,0.444789686640898
2013,0.444789686640898
2013,0.222394843320449
2013,0.222394843320449
2013,0.222394843320449
2013,0.667184529961346
2013,0.444789686640898
2013,0.222394843320449
2013,0.667184529961346
2013,0.222394843320449
2013,0.667184529961346
2013,1.11197421660224
2013,0.889579373281795
2013,0.667184529961346
2013,0.222394843320449
2013,0.222394843320449
2013,4.22550202308853
2013,0.222394843320449
2013,0.444789686640898
2013,2.00155358988404
2013,0.222394843320449
2013,9.78537310609975
2013,5.55987108301122
2013,0.222394843320449
2013,0.444789686640898
2013,11.7869266959838
2013,3.55831749312718
2013,0.222394843320449
2013,3.78071233644763
2013,0.222394843320449
2013,1.55676390324314
2013,0.222394843320449
2013,5.33747623969077
2013,2.44634327652494
2013,0.444789686640898
2013,23.1290637053267
2013,0.222394843320449
2013,0.444789686640898
2013,0.444789686640898
2013,0.222394843320449
2013,1.55676390324314
2013,0.222394843320449
2013,0.222394843320449
2013,3.78071233644763
2013,1.33436905992269
2013,0.444789686640898
2013,0.444789686640898
2013,2.44634327652494
2013,0.222394843320449
2013,0.222394843320449
2013,0.667184529961346
2013,0.222394843320449
2013,5.11508139637032
2013,0.222394843320449
2013,0.222394843320449
2013,0.222394843320449
2013,0.222394843320449
2013,0.667184529961346
2013,0.889579373281795
2013,0.222394843320449
2013,0.222394843320449
2013,0.444789686640898
2013,0.444789686640898
2013,0.222394843320449
2013,0.667184529961346
2013,0.444789686640898
2013,0.667184529961346
2013,0.444789686640898
2013,0.222394843320449
2013,0.222394843320449
2013,18.0139823089564
2013,0.222394843320449
2013,1.55676390324314
2013,1.11197421660224
2013,0.222394843320449
2013,0.667184529961346
2013,0.444789686640898
2013,0.222394843320449
2013,2.22394843320449
2013,0.222394843320449
2013,0.444789686640898
2013,0.222394843320449
2013,0.667184529961346
2013,0.222394843320449
2013,0.222394843320449
2013,0.444789686640898
2013,0.222394843320449
2013,0.444789686640898
2013,0.222394843320449
2013,0.222394843320449
2013,0.222394843320449
2013,0.222394843320449
2013,0.667184529961346
2013,0.222394843320449
2013,0.222394843320449
2013,0.222394843320449
2013,0.222394843320449
2013,0.222394843320449
2013,0.222394843320449
2013,0.444789686640898
2013,0.667184529961346
2013,0.222394843320449
2013,0.444789686640898
2013,0.222394843320449
2013,0.222394843320449
2013,0.222394843320449
2013,0.889579373281795
2013,0.222394843320449
2013,0.222394843320449
2013,0.444789686640898
2013,0.222394843320449
2013,12.898900912586
2013,0.222394843320449
2013,1.11197421660224
2013,1.11197421660224
2013,0.222394843320449
2013,0.222394843320449
2013,0.222394843320449
2013,2.22394843320449
2013,3.33592264980673
2013,0.444789686640898
2013,1.33436905992269
2013,1.77915874656359
2013,0.667184529961346
2014,0.444789686640898
2014,0.222394843320449
2014,0.222394843320449
2014,0.222394843320449
2014,0.222394843320449
2014,0.222394843320449
2014,0.444789686640898
2014,0.222394843320449
2014,0.222394843320449
2014,0.222394843320449
2014,0.444789686640898
2014,1.77915874656359
2014,0.222394843320449
2014,0.889579373281795
2014,0.222394843320449
2014,1.77915874656359
2014,0.667184529961346
2014,0.222394843320449
2014,0.222394843320449
2014,0.889579373281795
2014,0.222394843320449
2014,0.222394843320449
2014,0.667184529961346
2014,0.222394843320449
2014,0.222394843320449
2014,0.222394843320449
2014,0.222394843320449
2014,0.222394843320449
2014,0.222394843320449
2014,0.667184529961346
2014,0.889579373281795
2014,0.444789686640898
2014,0.444789686640898
2014,0.222394843320449
2014,0.222394843320449
2014,0.222394843320449
2014,0.222394843320449
2014,0.222394843320449
2014,0.444789686640898
2014,0.667184529961346
2014,0.222394843320449
2014,0.222394843320449
2014,0.444789686640898
2014,0.667184529961346
2014,0.444789686640898
2014,0.444789686640898
2014,0.222394843320449
2014,0.444789686640898
2014,0.222394843320449
2014,0.667184529961346
2014,0.667184529961346
2014,0.222394843320449
2014,1.55676390324314
2014,1.11197421660224
2014,1.55676390324314
2014,1.11197421660224
2014,0.444789686640898
2014,0.222394843320449
2014,0.222394843320449
2014,0.222394843320449
2014,0.222394843320449
2014,0.222394843320449
2014,0.444789686640898
2014,0.222394843320449
2014,0.667184529961346
2014,0.222394843320449
2014,0.889579373281795
2014,0.222394843320449
2014,0.222394843320449
2014,0.667184529961346
2014,0.444789686640898
2014,0.667184529961346
2014,0.444789686640898
2014,0.222394843320449
2014,0.444789686640898
2014,0.222394843320449
2014,0.667184529961346
2014,0.222394843320449
2014,0.222394843320449
2014,0.222394843320449
2014,0.222394843320449
2014,0.222394843320449
2014,0.222394843320449
2014,0.667184529961346
2014,0.444789686640898
2014,0.444789686640898
2014,0.222394843320449
2014,0.222394843320449
2014,0.222394843320449
2014,0.667184529961346
2014,0.444789686640898
2014,0.222394843320449
2014,0.444789686640898
2014,0.222394843320449
2014,0.222394843320449
2014,0.444789686640898
2014,1.33436905992269
2014,0.222394843320449
2014,0.222394843320449
2014,0.222394843320449
2014,0.444789686640898
2014,0.222394843320449
2014,0.222394843320449
2014,1.33436905992269
2014,0.444789686640898
2014,0.222394843320449
2014,0.667184529961346
2014,0.889579373281795
2014,0.222394843320449
2014,0.667184529961346
2014,0.444789686640898
2014,0.444789686640898
2014,0.222394843320449
2014,0.222394843320449
2014,0.222394843320449
2014,0.667184529961346
2014,0.667184529961346
2014,0.222394843320449
2014,0.222394843320449
2014,0.444789686640898
2014,0.222394843320449
2014,0.444789686640898
2014,0.222394843320449
2014,1.33436905992269
2014,0.222394843320449
2014,0.222394843320449
2014,0.667184529961346
2014,0.667184529961346
2014,0.444789686640898
2014,0.222394843320449
2014,0.222394843320449
2014,0.222394843320449
2014,0.222394843320449
2014,0.667184529961346
2014,0.667184529961346
2014,0.222394843320449
2014,0.222394843320449
2014,1.11197421660224
2014,0.222394843320449
2014,0.222394843320449
2014,0.222394843320449
2014,0.222394843320449
2014,0.889579373281795
2014,0.222394843320449
2014,0.667184529961346
2014,0.444789686640898
2014,2.66873811984539
2014,0.222394843320449
2014,0.222394843320449
2014,0.222394843320449
2014,0.889579373281795
2014,0.667184529961346
2014,0.444789686640898
2014,1.55676390324314
2014,0.667184529961346
2014,0.222394843320449
2014,0.444789686640898
2014,0.889579373281795
2014,0.444789686640898
2014,0.222394843320449
2014,0.222394843320449
2014,0.667184529961346
2014,0.444789686640898
2014,0.444789686640898
2014,0.222394843320449
2014,0.444789686640898
2014,0.444789686640898
2014,0.444789686640898
2014,0.444789686640898
2014,0.222394843320449
2014,0.667184529961346
2014,0.222394843320449
2014,0.222394843320449
2014,0.222394843320449
2014,1.33436905992269
2014,0.222394843320449
2014,0.889579373281795
2014,0.889579373281795
2014,0.222394843320449
2014,0.222394843320449
2014,0.444789686640898
2014,1.33436905992269
2014,0.222394843320449
2014,0.222394843320449
2014,0.222394843320449
2014,0.444789686640898
2014,0.222394843320449
2014,0.222394843320449
2014,0.889579373281795
2014,0.667184529961346
2014,0.667184529961346
2014,0.889579373281795
2014,0.222394843320449
2014,0.222394843320449
2014,0.667184529961346
2014,0.222394843320449
2014,3.55831749312718
2014,0.444789686640898
2014,0.222394843320449
2014,0.222394843320449
2014,0.444789686640898
2014,0.667184529961346
2014,10.897347322702
2014,1.33436905992269
2014,0.667184529961346
2014,1.55676390324314
2014,0.222394843320449
2014,0.444789686640898
2014,10.2301627927406
2014,0.889579373281795
2014,0.667184529961346
2014,0.444789686640898
2014,3.55831749312718
2014,2.44634327652494
2014,2.89113296316583
2014,4.00310717976808
2014,0.444789686640898
2014,0.222394843320449
2014,0.444789686640898
2014,0.444789686640898
2014,0.444789686640898
2014,0.222394843320449
2014,14.4556648158292
2014,0.444789686640898
2014,0.444789686640898
2014,2.22394843320449
2014,0.444789686640898
2014,0.889579373281795
2014,0.889579373281795
2014,3.55831749312718
2014,0.222394843320449
2014,0.222394843320449
2014,6.67184529961346
2014,0.667184529961346
2014,1.33436905992269
2014,0.667184529961346
2014,0.222394843320449
2014,0.222394843320449
2014,0.444789686640898
2014,0.222394843320449
2014,1.11197421660224
2014,0.222394843320449
2014,0.222394843320449
2014,0.444789686640898
2014,1.11197421660224
2014,1.33436905992269
2014,0.444789686640898
2014,0.222394843320449
2014,0.667184529961346
2014,0.222394843320449
2014,1.11197421660224
2014,3.55831749312718
2014,0.667184529961346
2014,1.55676390324314
2014,0.444789686640898
2014,0.444789686640898
2014,0.222394843320449
2014,0.667184529961346
2014,0.222394843320449
2014,0.667184529961346
2014,1.33436905992269
2014,2.89113296316583
2014,0.222394843320449
2014,0.222394843320449
2014,0.222394843320449
2014,0.889579373281795
2014,0.222394843320449
2014,0.222394843320449
2014,0.667184529961346
2014,0.889579373281795
2014,0.222394843320449
2014,0.222394843320449
2014,0.444789686640898
2014,0.667184529961346
2014,1.77915874656359
2014,0.222394843320449
2014,0.889579373281795
2014,0.444789686640898
2014,0.667184529961346
2014,2.22394843320449
2014,0.222394843320449
2014,1.55676390324314
2014,1.33436905992269
2014,0.222394843320449
2014,0.444789686640898
2014,0.222394843320449
2014,0.889579373281795
2014,0.222394843320449
2014,0.222394843320449
2014,0.222394843320449
2014,0.444789686640898
2014,1.11197421660224
2014,0.222394843320449
2014,0.444789686640898
2014,0.222394843320449
2014,0.444789686640898
2014,0.222394843320449
2014,0.222394843320449
2014,0.444789686640898
2014,0.444789686640898
2014,0.222394843320449
2014,0.222394843320449
2014,0.222394843320449
2014,0.889579373281795
2014,1.33436905992269
2014,2.22394843320449
2014,0.222394843320449
2014,0.222394843320449
2014,0.444789686640898
2014,0.444789686640898
2014,0.444789686640898
2014,0.889579373281795
2014,1.77915874656359
2014,0.667184529961346
2014,0.444789686640898
2014,0.444789686640898
2014,0.222394843320449
2014,0.222394843320449
2014,2.00155358988404
2014,0.444789686640898
2014,1.11197421660224
2014,0.444789686640898
2014,1.11197421660224
2014,2.44634327652494
2014,3.33592264980673
2014,0.889579373281795
2014,0.444789686640898
2014,0.222394843320449
2014,2.66873811984539
2014,0.222394843320449
2014,2.44634327652494
2014,0.889579373281795
2014,4.44789686640898
2014,0.222394843320449
2014,1.77915874656359
2014,0.222394843320449
2014,0.667184529961346
2014,0.222394843320449
2014,0.444789686640898
2014,0.667184529961346
2014,1.33436905992269
2014,0.222394843320449
2014,0.444789686640898
2014,0.222394843320449
2014,0.667184529961346
2014,0.667184529961346
2014,0.222394843320449
2014,0.222394843320449
2014,0.444789686640898
2014,0.667184529961346
2014,5.11508139637032
2014,0.222394843320449
2014,1.11197421660224
2014,0.222394843320449
2014,0.222394843320449
2014,0.667184529961346
2014,0.444789686640898
2014,0.889579373281795
2014,0.222394843320449
2014,15.345244189111
2014,0.222394843320449
2014,2.00155358988404
2014,0.444789686640898
2014,0.222394843320449
2014,0.222394843320449
2014,1.33436905992269
2014,0.889579373281795
2014,1.11197421660224
2014,0.444789686640898
2014,0.889579373281795
2014,0.222394843320449
2014,0.889579373281795
2014,0.222394843320449
2014,0.444789686640898
2014,0.222394843320449
2014,0.222394843320449
2014,0.444789686640898
2014,0.222394843320449
2014,0.444789686640898
2014,0.222394843320449
2014,0.222394843320449
2014,0.222394843320449
2014,0.222394843320449
2014,0.444789686640898
2014,0.444789686640898
2014,0.444789686640898
2014,11.7869266959838
2014,0.222394843320449
2014,1.77915874656359
2014,2.00155358988404
2014,0.444789686640898
2014,6.00466076965212
2014,4.00310717976808
2014,0.444789686640898
2014,0.444789686640898
2014,0.222394843320449
2014,1.11197421660224
2014,27.1321708850948
2014,1.55676390324314
2014,0.222394843320449
2014,0.444789686640898
2014,7.33902982957481
2014,0.444789686640898
2014,0.444789686640898
2014,0.222394843320449
2014,0.444789686640898
2014,0.444789686640898
2014,0.222394843320449
2014,0.222394843320449
2014,0.222394843320449
2014,0.444789686640898
2014,0.222394843320449
2014,0.444789686640898
2014,0.222394843320449
2014,1.11197421660224
2014,1.11197421660224
2014,0.667184529961346
2014,0.222394843320449
2014,0.222394843320449
2014,0.444789686640898
2014,0.667184529961346
2014,0.222394843320449
2014,0.222394843320449
2014,0.222394843320449
2014,3.55831749312718
2014,0.222394843320449
2014,3.78071233644763
2014,0.444789686640898
2014,2.00155358988404
2014,1.33436905992269
2014,0.444789686640898
2014,0.444789686640898
2014,0.889579373281795
2014,2.22394843320449
2014,10.6749524793815
2014,1.55676390324314
2014,5.33747623969077
2014,0.667184529961346
2014,0.222394843320449
2014,1.11197421660224
2014,0.222394843320449
2014,0.222394843320449
2014,0.222394843320449
2014,0.667184529961346
2014,10.0077679494202
2014,2.44634327652494
2014,0.667184529961346
2014,2.22394843320449
2014,5.55987108301122
2014,1.55676390324314
2014,1.11197421660224
2014,0.444789686640898
2014,3.78071233644763
2014,1.33436905992269
2014,0.222394843320449
2014,0.889579373281795
2014,1.77915874656359
2014,0.222394843320449
2014,0.444789686640898
2014,0.444789686640898
2014,0.444789686640898
2014,2.44634327652494
2014,5.33747623969077
2014,0.444789686640898
2014,1.55676390324314
2014,0.222394843320449
2014,0.444789686640898
2014,0.222394843320449
2014,2.44634327652494
2014,0.889579373281795
2014,0.667184529961346
2014,0.889579373281795
2014,0.889579373281795
2014,0.444789686640898
2014,0.667184529961346
2014,0.222394843320449
2014,0.222394843320449
2014,0.222394843320449
2014,0.667184529961346
2014,1.77915874656359
2014,0.222394843320449
2014,0.667184529961346
2014,0.444789686640898
2014,0.444789686640898
2014,0.667184529961346
2014,0.444789686640898
2014,0.667184529961346
2014,0.444789686640898
2014,10.4525576360611
2014,17.1244029356746
2014,0.444789686640898
2014,0.222394843320449
2014,0.444789686640898
2014,0.889579373281795
2014,0.667184529961346
2014,0.222394843320449
2014,0.222394843320449
2014,0.222394843320449
2014,0.444789686640898
2014,0.667184529961346
2014,0.222394843320449
2014,0.444789686640898
2014,0.222394843320449
2014,2.00155358988404
2014,0.222394843320449
2014,0.222394843320449
2014,2.66873811984539
2014,0.222394843320449
2014,0.667184529961346
2014,0.222394843320449
2014,0.222394843320449
2014,0.222394843320449
2014,0.222394843320449
2014,0.889579373281795
2014,0.444789686640898
2014,0.222394843320449
2014,0.444789686640898
2014,0.222394843320449
2014,0.889579373281795
2014,0.444789686640898
2014,0.889579373281795
2014,0.889579373281795
2014,0.667184529961346
2014,0.222394843320449
2014,0.222394843320449
2014,0.222394843320449
2014,0.222394843320449
2014,0.222394843320449
2014,0.222394843320449
2014,0.667184529961346
2014,0.222394843320449
2014,0.222394843320449
2014,0.222394843320449
2014,0.222394843320449
2014,0.222394843320449
2014,0.222394843320449
2014,3.11352780648628
2014,0.222394843320449
2014,0.667184529961346
2014,0.444789686640898
2014,0.222394843320449
2014,0.222394843320449
2014,0.222394843320449
2014,3.33592264980673
2014,0.222394843320449
2014,0.222394843320449
2014,1.33436905992269
2014,1.55676390324314
2014,0.222394843320449
2014,0.444789686640898
2014,0.444789686640898
2014,0.444789686640898
2014,0.444789686640898
2014,2.89113296316583
2014,0.222394843320449
2014,0.222394843320449
2014,0.667184529961346
2014,0.222394843320449
2014,3.33592264980673
2014,0.222394843320449
2014,0.444789686640898
2014,38.2519130511172
2014,0.889579373281795
2014,1.77915874656359
2014,0.222394843320449
2014,0.222394843320449
2014,0.222394843320449
2014,4.67029170972943
2014,0.444789686640898
2014,18.2363771522768
2014,0.444789686640898
2014,0.889579373281795
2014,0.889579373281795
2014,39.5862821110399
2014,0.222394843320449
2014,9.5629782627793
2014,0.889579373281795
2014,0.444789686640898
2014,2.66873811984539
2014,7.33902982957481
2014,0.444789686640898
2014,0.222394843320449
2014,0.889579373281795
2014,0.889579373281795
2014,0.222394843320449
2014,0.667184529961346
2014,0.222394843320449
2014,0.667184529961346
2014,0.444789686640898
2014,0.222394843320449
2014,0.444789686640898
2014,0.222394843320449
2014,1.11197421660224
2014,0.222394843320449
2014,0.444789686640898
2014,0.444789686640898
2014,0.222394843320449
2014,0.222394843320449
2014,0.444789686640898
2014,0.222394843320449
2014,1.11197421660224
2014,0.444789686640898
2014,0.222394843320449
2014,27.7993554150561
2014,0.222394843320449
2014,0.444789686640898
2014,0.889579373281795
2014,1.33436905992269
2014,0.222394843320449
2014,0.444789686640898
2014,5.11508139637032
2014,0.444789686640898
2014,0.444789686640898
2014,0.444789686640898
2014,0.667184529961346
2014,0.889579373281795
2014,0.222394843320449
2014,0.444789686640898
2014,0.222394843320449
2014,0.444789686640898
2014,0.222394843320449
2014,0.222394843320449
2014,2.66873811984539
2014,0.222394843320449
2014,2.44634327652494
2014,0.222394843320449
2014,0.222394843320449
2014,0.667184529961346
2014,0.222394843320449
2014,0.222394843320449
2014,0.222394843320449
2014,1.33436905992269
2014,1.11197421660224
2014,0.222394843320449
2014,1.33436905992269
2014,0.444789686640898
2014,0.667184529961346
2014,5.78226592633167
2014,0.444789686640898
2014,0.667184529961346
2014,0.222394843320449
2014,3.11352780648628
2014,4.00310717976808
2014,0.889579373281795
2014,0.889579373281795
2014,1.55676390324314
2014,2.44634327652494
2014,0.222394843320449
2014,0.444789686640898
2014,0.667184529961346
2014,0.889579373281795
2014,3.33592264980673
2014,0.667184529961346
2014,0.667184529961346
2014,0.444789686640898
2014,1.11197421660224
2014,0.889579373281795
2014,0.889579373281795
2014,3.78071233644763
2014,0.222394843320449
2014,0.667184529961346
2014,0.222394843320449
2014,0.222394843320449
2014,0.889579373281795
2014,0.444789686640898
2014,0.222394843320449
2014,2.44634327652494
2014,3.33592264980673
2014,0.444789686640898
2014,0.444789686640898
2014,0.222394843320449
2014,0.222394843320449
2014,0.444789686640898
2014,5.55987108301122
2014,0.222394843320449
2014,0.222394843320449
2014,0.444789686640898
2014,0.444789686640898
2014,0.222394843320449
2014,0.444789686640898
2014,0.889579373281795
2014,0.667184529961346
2014,0.444789686640898
2014,0.444789686640898
2014,0.222394843320449
2014,0.222394843320449
2014,0.222394843320449
2014,0.667184529961346
2014,0.444789686640898
2014,0.222394843320449
2014,0.222394843320449
2014,0.222394843320449
2014,0.222394843320449
2014,0.222394843320449
2014,1.77915874656359
2014,0.444789686640898
2014,6.67184529961346
2014,0.444789686640898
2014,2.44634327652494
2014,3.11352780648628
2014,2.44634327652494
2014,0.444789686640898
2014,0.222394843320449
2014,0.444789686640898
2014,0.222394843320449
2014,0.667184529961346
2014,1.55676390324314
2014,1.55676390324314
2014,0.444789686640898
2014,0.444789686640898
2014,0.444789686640898
2014,0.222394843320449
2014,0.667184529961346
2014,0.667184529961346
2014,0.222394843320449
2014,1.11197421660224
2014,0.667184529961346
2014,3.55831749312718
2014,0.222394843320449
2014,0.222394843320449
2014,0.889579373281795
2014,0.222394843320449
2014,1.33436905992269
2014,1.11197421660224
2014,0.667184529961346
2014,0.222394843320449
2014,0.222394843320449
2014,0.222394843320449
2014,0.444789686640898
2014,4.67029170972943
2014,0.444789686640898
2014,2.00155358988404
2014,2.66873811984539
2014,0.222394843320449
2014,1.55676390324314
2014,2.44634327652494
2014,0.667184529961346
2014,0.444789686640898
2014,1.55676390324314
2014,4.44789686640898
2014,0.222394843320449
2014,0.222394843320449
2014,8.89579373281795
2014,2.66873811984539
2014,0.667184529961346
2014,0.889579373281795
2014,0.444789686640898
2014,0.667184529961346
2014,0.222394843320449
2014,0.222394843320449
2014,2.22394843320449
2014,1.11197421660224
2014,0.889579373281795
2014,0.222394843320449
2014,0.222394843320449
2014,0.222394843320449
2014,0.222394843320449
2014,1.33436905992269
2014,0.444789686640898
2014,0.222394843320449
2014,0.222394843320449
2014,1.11197421660224
2014,29.3561193182992
2014,0.222394843320449
2014,0.222394843320449
2014,0.222394843320449
2014,2.22394843320449
2014,0.444789686640898
2014,1.33436905992269
2014,0.667184529961346
2014,0.222394843320449
2014,0.444789686640898
2014,0.222394843320449
2014,0.222394843320449
2014,0.444789686640898
2014,0.222394843320449
2014,3.78071233644763
2014,0.889579373281795
2014,0.444789686640898
2014,0.667184529961346
2014,0.444789686640898
2014,0.667184529961346
2014,0.444789686640898
2014,0.222394843320449
2014,0.222394843320449
2014,0.889579373281795
2014,0.222394843320449
2014,0.222394843320449
2014,0.222394843320449
2014,0.222394843320449
2014,3.55831749312718
2014,1.55676390324314
2014,0.222394843320449
2014,0.444789686640898
2014,1.11197421660224
2014,2.00155358988404
2014,0.222394843320449
2014,0.222394843320449
2014,0.222394843320449
2014,0.222394843320449
2014,0.444789686640898
2014,0.444789686640898
2014,0.222394843320449
2014,0.222394843320449
2014,0.222394843320449
2014,0.667184529961346
2014,0.222394843320449
2014,0.222394843320449
2014,4.67029170972943
2014,0.444789686640898
2014,0.222394843320449
2014,1.33436905992269
2014,4.00310717976808
2014,2.00155358988404
2014,0.444789686640898
2014,4.00310717976808
2014,0.222394843320449
2014,0.889579373281795
2014,0.889579373281795
2014,3.55831749312718
2014,0.444789686640898
2014,0.889579373281795
2014,0.444789686640898
2014,0.444789686640898
2014,0.667184529961346
2014,0.667184529961346
2014,0.222394843320449
2014,0.667184529961346
2014,0.222394843320449
2014,2.66873811984539
2014,0.222394843320449
2014,0.222394843320449
2014,1.11197421660224
2014,0.667184529961346
2014,0.889579373281795
2014,2.22394843320449
2014,0.222394843320449
2014,0.222394843320449
2014,0.444789686640898
2014,0.222394843320449
2014,0.444789686640898
2014,0.222394843320449
2014,0.444789686640898
2014,0.222394843320449
2014,57.6002644199962
2014,0.667184529961346
2014,0.444789686640898
2014,0.222394843320449
2014,0.667184529961346
2014,0.222394843320449
2014,0.222394843320449
2014,0.222394843320449
2014,1.33436905992269
2014,0.444789686640898
2014,0.222394843320449
2014,0.222394843320449
2014,0.222394843320449
2014,0.222394843320449
2014,0.667184529961346
2014,0.222394843320449
2014,3.11352780648628
2014,0.222394843320449
2014,10.897347322702
2014,0.444789686640898
2014,0.444789686640898
2014,0.222394843320449
2014,0.222394843320449
2014,0.222394843320449
2014,0.667184529961346
2014,0.222394843320449
2014,0.222394843320449
2014,0.222394843320449
2014,0.444789686640898
2014,0.667184529961346
2014,0.222394843320449
2014,0.444789686640898
2014,1.33436905992269
2014,0.889579373281795
2014,7.33902982957481
2014,0.222394843320449
2014,1.11197421660224
2014,0.444789686640898
2014,0.667184529961346
2014,1.11197421660224
2014,0.667184529961346
2014,0.667184529961346
2014,0.444789686640898
2014,0.222394843320449
2014,0.222394843320449
2014,0.222394843320449
2014,0.444789686640898
2014,0.222394843320449
2014,0.444789686640898
2014,0.444789686640898
2014,6.44945045629302
2014,0.222394843320449
2014,0.222394843320449
2014,2.66873811984539
2014,0.667184529961346
2014,1.33436905992269
2014,0.222394843320449
2014,0.222394843320449
2014,0.222394843320449
2014,0.222394843320449
2014,0.222394843320449
2014,0.889579373281795
2014,0.222394843320449
2014,0.667184529961346
2014,0.889579373281795
2014,0.667184529961346
2014,0.222394843320449
2014,15.5676390324314
2014,2.89113296316583
2014,0.222394843320449
2014,0.444789686640898
2014,1.55676390324314
2014,0.667184529961346
2014,0.222394843320449
2014,0.667184529961346
2014,1.11197421660224
2014,0.222394843320449
2014,0.222394843320449
2014,0.222394843320449
2014,1.55676390324314
2014,0.444789686640898
2014,0.889579373281795
2014,2.22394843320449
2014,0.444789686640898
2014,0.444789686640898
2014,1.11197421660224
2014,0.222394843320449
2014,2.22394843320449
2014,1.33436905992269
2014,4.67029170972943
2014,0.444789686640898
2014,0.667184529961346
2014,0.444789686640898
2014,5.11508139637032
2014,0.222394843320449
2014,0.667184529961346
2014,0.222394843320449
2014,0.444789686640898
2014,0.222394843320449
2014,0.444789686640898
2014,0.222394843320449
2014,0.222394843320449
2014,0.222394843320449
2014,0.444789686640898
2014,0.222394843320449
2014,0.444789686640898
2014,3.11352780648628
2014,0.667184529961346
2014,1.77915874656359
2014,0.222394843320449
2014,0.222394843320449
2014,1.11197421660224
2014,0.222394843320449
2014,0.222394843320449
2014,0.222394843320449
2014,0.444789686640898
2014,0.222394843320449
2014,0.222394843320449
2014,0.222394843320449
2014,0.667184529961346
2014,1.11197421660224
2014,0.222394843320449
2014,0.444789686640898
2014,0.444789686640898
2014,0.444789686640898
2014,0.222394843320449
2014,0.667184529961346
2014,0.444789686640898
2014,0.222394843320449
2014,0.889579373281795
2014,4.67029170972943
2014,1.33436905992269
2014,0.444789686640898
2014,0.222394843320449
2014,0.444789686640898
2014,1.11197421660224
2014,30.0233038482606
2014,7.78381951621571
2014,0.667184529961346
2014,3.11352780648628
2014,0.667184529961346
2014,0.444789686640898
2014,0.222394843320449
2014,0.222394843320449
2014,0.222394843320449
2014,0.444789686640898
2014,13.5660854425474
2014,0.222394843320449
2014,3.11352780648628
2014,0.889579373281795
2014,6.00466076965212
2014,0.222394843320449
2014,0.444789686640898
2014,0.444789686640898
2014,0.444789686640898
2014,0.222394843320449
2014,0.667184529961346
2014,0.222394843320449
2014,11.7869266959838
2014,0.222394843320449
2014,0.222394843320449
2014,1.55676390324314
2014,2.22394843320449
2014,1.77915874656359
2014,0.667184529961346
2014,1.11197421660224
2014,0.222394843320449
2014,0.889579373281795
2014,0.222394843320449
2015,4.44789686640898
2015,0.222394843320449
2015,1.33436905992269
2015,0.444789686640898
2015,0.444789686640898
2015,1.11197421660224
2015,0.444789686640898
2015,0.667184529961346
2015,0.444789686640898
2015,0.667184529961346
2015,0.667184529961346
2015,0.222394843320449
2015,1.55676390324314
2015,13.1212957559065
2015,2.66873811984539
2015,0.889579373281795
2015,0.444789686640898
2015,1.33436905992269
2015,0.222394843320449
2015,0.444789686640898
2015,0.222394843320449
2015,0.444789686640898
2015,0.444789686640898
2015,0.889579373281795
2015,0.444789686640898
2015,0.222394843320449
2015,0.667184529961346
2015,0.222394843320449
2015,0.222394843320449
2015,1.33436905992269
2015,0.222394843320449
2015,0.222394843320449
2015,0.667184529961346
2015,2.66873811984539
2015,0.667184529961346
2015,0.889579373281795
2015,7.56142467289526
2015,0.222394843320449
2015,0.444789686640898
2015,0.889579373281795
2015,1.33436905992269
2015,2.44634327652494
2015,0.222394843320449
2015,0.222394843320449
2015,1.77915874656359
2015,0.222394843320449
2015,0.222394843320449
2015,4.00310717976808
2015,0.222394843320449
2015,0.222394843320449
2015,0.444789686640898
2015,0.667184529961346
2015,0.444789686640898
2015,0.222394843320449
2015,0.444789686640898
2015,0.222394843320449
2015,0.222394843320449
2015,18.4587719955972
2015,15.1228493457905
2015,2.66873811984539
2015,0.222394843320449
2015,4.89268655304987
2015,0.444789686640898
2015,0.889579373281795
2015,0.222394843320449
2015,0.667184529961346
2015,0.889579373281795
2015,2.22394843320449
2015,0.222394843320449
2015,0.222394843320449
2015,0.222394843320449
2015,1.77915874656359
2015,0.889579373281795
2015,0.444789686640898
2015,4.00310717976808
2015,1.11197421660224
2015,0.222394843320449
2015,0.222394843320449
2015,0.222394843320449
2015,0.444789686640898
2015,0.222394843320449
2015,0.222394843320449
2015,0.667184529961346
2015,1.55676390324314
2015,0.222394843320449
2015,0.889579373281795
2015,0.222394843320449
2015,0.444789686640898
2015,0.222394843320449
2015,1.33436905992269
2015,0.222394843320449
2015,1.11197421660224
2015,0.444789686640898
2015,1.33436905992269
2015,2.66873811984539
2015,1.33436905992269
2015,0.667184529961346
2015,0.222394843320449
2015,0.222394843320449
2015,0.444789686640898
2015,2.00155358988404
2015,28.9113296316583
2015,11.5645318526633
2015,1.77915874656359
2015,7.56142467289526
2015,0.444789686640898
2015,0.444789686640898
2015,1.11197421660224
2015,0.667184529961346
2015,1.55676390324314
2015,0.222394843320449
2015,7.33902982957481
2015,0.222394843320449
2015,1.33436905992269
2015,0.667184529961346
2015,0.222394843320449
2015,23.1290637053267
2015,0.444789686640898
2015,0.222394843320449
2015,0.444789686640898
2015,0.222394843320449
2015,0.222394843320449
2015,0.222394843320449
2015,0.667184529961346
2015,0.444789686640898
2015,0.444789686640898
2015,0.222394843320449
2015,67.6080323694164
2015,42.2550202308853
2015,0.444789686640898
2015,1.11197421660224
2015,0.222394843320449
2015,4.00310717976808
2015,0.222394843320449
2015,2.66873811984539
2015,0.222394843320449
2015,0.222394843320449
2015,0.222394843320449
2015,0.222394843320449
2015,0.444789686640898
2015,0.444789686640898
2015,0.444789686640898
2015,0.667184529961346
2015,1.33436905992269
2015,0.222394843320449
2015,27.1321708850948
2015,0.222394843320449
2015,0.444789686640898
2015,0.222394843320449
2015,6.00466076965212
2015,1.11197421660224
2015,0.889579373281795
2015,0.444789686640898
2015,2.00155358988404
2015,0.222394843320449
2015,0.444789686640898
2015,0.444789686640898
2015,4.67029170972943
2015,0.444789686640898
2015,0.889579373281795
2015,4.00310717976808
2015,0.222394843320449
2015,0.889579373281795
2015,0.222394843320449
2015,0.222394843320449
2015,0.667184529961346
2015,8.2286092028566
2015,18.4587719955972
2015,1.55676390324314
2015,0.444789686640898
2015,0.222394843320449
2015,0.889579373281795
2015,0.444789686640898
2015,0.222394843320449
2015,5.11508139637032
2015,1.11197421660224
2015,1.11197421660224
2015,5.78226592633167
2015,3.55831749312718
2015,1.55676390324314
2015,8.6733988894975
2015,1.55676390324314
2015,0.222394843320449
2015,0.222394843320449
2015,0.222394843320449
2015,10.0077679494202
2015,0.222394843320449
2015,0.444789686640898
2015,16.6796132490337
2015,2.89113296316583
2015,0.222394843320449
2015,0.667184529961346
2015,0.889579373281795
2015,11.1197421660224
2015,0.444789686640898
2015,9.1181885761384
2015,1.11197421660224
2015,36.2503594612332
2015,1.77915874656359
2015,1.11197421660224
2015,0.667184529961346
2015,4.00310717976808
2015,2.22394843320449
2015,7.78381951621571
2015,4.22550202308853
2015,1.11197421660224
2015,0.889579373281795
2015,5.11508139637032
2015,0.667184529961346
2015,4.67029170972943
2015,1.33436905992269
2015,5.11508139637032
2015,0.444789686640898
2015,0.444789686640898
2015,0.444789686640898
2015,0.444789686640898
2015,1.11197421660224
2015,0.222394843320449
2015,7.78381951621571
2015,0.222394843320449
2015,0.444789686640898
2015,0.889579373281795
2015,0.222394843320449
2015,1.77915874656359
2015,2.00155358988404
2015,1.77915874656359
2015,0.222394843320449
2015,0.222394843320449
2015,62.937740659687
2015,2.44634327652494
2015,2.66873811984539
2015,0.667184529961346
2015,1.33436905992269
2015,0.667184529961346
2015,0.889579373281795
2015,16.0124287190723
2015,0.444789686640898
2015,0.444789686640898
2015,0.444789686640898
2015,1.11197421660224
2015,19.1259565255586
2015,3.33592264980673
2015,0.222394843320449
2015,0.222394843320449
2015,2.44634327652494
2015,1.11197421660224
2015,0.222394843320449
2015,1.55676390324314
2015,0.222394843320449
2015,0.222394843320449
2015,1.77915874656359
2015,0.667184529961346
2015,0.444789686640898
2015,0.222394843320449
2015,1.11197421660224
2015,0.889579373281795
2015,0.222394843320449
2015,9.5629782627793
2015,15.7900338757519
2015,7.33902982957481
2015,0.444789686640898
2015,9.5629782627793
2015,3.33592264980673
2015,18.9035616822381
2015,27.1321708850948
2015,0.889579373281795
2015,0.222394843320449
2015,2.44634327652494
2015,0.444789686640898
2015,10.0077679494202
2015,0.444789686640898
2015,0.222394843320449
2015,7.33902982957481
2015,3.78071233644763
2015,0.889579373281795
2015,2.00155358988404
2015,1.55676390324314
2015,0.222394843320449
2015,1.11197421660224
2015,1.55676390324314
2015,2.44634327652494
2015,0.444789686640898
2015,0.444789686640898
2015,1.33436905992269
2015,2.22394843320449
2015,0.889579373281795
2015,0.667184529961346
2015,1.77915874656359
2015,0.667184529961346
2015,1.33436905992269
2015,29.8009090049401
2015,1.77915874656359
2015,3.55831749312718
2015,0.222394843320449
2015,0.444789686640898
2015,1.33436905992269
2015,0.222394843320449
2015,0.222394843320449
2015,0.222394843320449
2015,0.222394843320449
2015,0.444789686640898
2015,0.222394843320449
2015,0.889579373281795
2015,0.222394843320449
2015,1.77915874656359
2015,0.444789686640898
2015,1.55676390324314
2015,0.222394843320449
2015,0.444789686640898
2015,0.889579373281795
2015,0.667184529961346
2015,0.444789686640898
2015,5.55987108301122
2015,0.444789686640898
2015,0.889579373281795
2015,0.667184529961346
2015,0.222394843320449
2015,0.444789686640898
2015,1.11197421660224
2015,1.11197421660224
2015,0.222394843320449
2015,2.00155358988404
2015,0.222394843320449
2015,0.444789686640898
2015,1.33436905992269
2015,0.444789686640898
2015,0.222394843320449
2015,2.66873811984539
2015,1.77915874656359
2015,0.222394843320449
2015,0.667184529961346
2015,0.444789686640898
2015,3.33592264980673
2015,0.444789686640898
2015,0.222394843320449
2015,0.889579373281795
2015,0.444789686640898
2015,0.667184529961346
2015,0.222394843320449
2015,0.222394843320449
2015,1.55676390324314
2015,1.55676390324314
2015,0.444789686640898
2015,0.444789686640898
2015,30.6904883782219
2015,24.0186430786085
2015,1.11197421660224
2015,0.222394843320449
2015,0.667184529961346
2015,0.667184529961346
2015,0.222394843320449
2015,0.222394843320449
2015,0.222394843320449
2015,0.444789686640898
2015,2.44634327652494
2015,0.444789686640898
2015,0.222394843320449
2015,6.22705561297257
2015,0.222394843320449
2015,1.55676390324314
2015,0.444789686640898
2015,0.222394843320449
2015,0.444789686640898
2015,17.1244029356746
2015,5.11508139637032
2015,1.55676390324314
2015,0.222394843320449
2015,0.222394843320449
2015,0.222394843320449
2015,4.00310717976808
2015,0.222394843320449
2015,0.222394843320449
2015,0.444789686640898
2015,5.55987108301122
2015,1.77915874656359
2015,0.444789686640898
2015,0.222394843320449
2015,0.667184529961346
2015,2.00155358988404
2015,5.33747623969077
2015,0.667184529961346
2015,0.222394843320449
2015,0.222394843320449
2015,0.222394843320449
2015,0.222394843320449
2015,0.444789686640898
2015,0.222394843320449
2015,0.667184529961346
2015,0.444789686640898
2015,2.00155358988404
2015,0.667184529961346
2015,0.222394843320449
2015,0.222394843320449
2015,0.444789686640898
2015,0.667184529961346
2015,0.222394843320449
2015,0.889579373281795
2015,14.0108751291883
2015,0.667184529961346
2015,1.11197421660224
2015,0.444789686640898
2015,2.44634327652494
2015,0.222394843320449
2015,14.6780596591496
2015,0.222394843320449
2015,1.11197421660224
2015,0.222394843320449
2015,0.222394843320449
2015,0.667184529961346
2015,0.222394843320449
2015,2.89113296316583
2015,0.444789686640898
2015,0.222394843320449
2015,0.222394843320449
2015,0.444789686640898
2015,10.2301627927406
2015,1.33436905992269
2015,0.222394843320449
2015,0.444789686640898
2015,1.11197421660224
2015,0.444789686640898
2015,1.11197421660224
2015,15.1228493457905
2015,0.667184529961346
2015,1.55676390324314
2015,0.667184529961346
2015,0.444789686640898
2015,0.667184529961346
2015,8.89579373281795
2015,0.444789686640898
2015,1.11197421660224
2015,7.11663498625436
2015,2.66873811984539
2015,3.55831749312718
2015,0.667184529961346
2015,0.222394843320449
2015,0.667184529961346
2015,1.33436905992269
2015,4.67029170972943
2015,0.667184529961346
2015,0.667184529961346
2015,0.667184529961346
2015,0.222394843320449
2015,0.222394843320449
2015,0.667184529961346
2015,1.33436905992269
2015,3.55831749312718
2015,11.7869266959838
2015,0.222394843320449
2015,0.444789686640898
2015,2.89113296316583
2015,0.444789686640898
2015,0.444789686640898
2015,0.444789686640898
2015,0.444789686640898
2015,1.33436905992269
2015,0.444789686640898
2015,12.6765060692656
2015,1.55676390324314
2015,0.889579373281795
2015,0.222394843320449
2015,1.55676390324314
2015,4.00310717976808
2015,0.667184529961346
2015,0.889579373281795
2015,4.44789686640898
2015,0.889579373281795
2015,0.889579373281795
2015,0.444789686640898
2015,3.55831749312718
2015,0.889579373281795
2015,2.22394843320449
2015,1.33436905992269
2015,2.00155358988404
2015,0.444789686640898
2015,1.77915874656359
2015,0.889579373281795
2015,0.222394843320449
2015,0.667184529961346
2015,0.667184529961346
2015,0.222394843320449
2015,8.89579373281795
2015,8.2286092028566
2015,2.44634327652494
2015,0.444789686640898
2015,0.667184529961346
2015,7.78381951621571
2015,0.222394843320449
2015,0.444789686640898
2015,0.444789686640898
2015,0.444789686640898
2015,0.444789686640898
2015,0.444789686640898
2015,0.444789686640898
2015,0.222394843320449
2015,0.889579373281795
2015,0.444789686640898
2015,0.444789686640898
2015,0.444789686640898
2015,0.222394843320449
2015,2.89113296316583
2015,6.67184529961346
2015,0.444789686640898
2015,5.78226592633167
2015,1.33436905992269
2015,0.222394843320449
2015,0.222394843320449
2015,0.222394843320449
2015,0.444789686640898
2015,14.4556648158292
2015,0.889579373281795
2015,0.667184529961346
2015,1.33436905992269
2015,0.667184529961346
2015,7.11663498625436
2015,11.5645318526633
2015,0.444789686640898
2015,1.33436905992269
2015,2.00155358988404
2015,0.444789686640898
2015,0.444789686640898
2016,11.1197421660224
2016,0.667184529961346
2016,0.444789686640898
2016,0.889579373281795
2016,0.222394843320449
2016,0.222394843320449
2016,0.667184529961346
2016,0.444789686640898
2016,2.00155358988404
2016,2.66873811984539
2016,1.33436905992269
2016,1.77915874656359
2016,2.44634327652494
2016,0.444789686640898
2016,0.222394843320449
2016,5.11508139637032
2016,0.222394843320449
2016,1.11197421660224
2016,0.222394843320449
2016,2.89113296316583
2016,0.444789686640898
2016,0.444789686640898
2016,3.11352780648628
2016,0.222394843320449
2016,0.889579373281795
2016,1.11197421660224
2016,0.444789686640898
2016,0.889579373281795
2016,0.667184529961346
2016,2.22394843320449
2016,0.222394843320449
2016,1.77915874656359
2016,5.11508139637032
2016,1.55676390324314
2016,2.89113296316583
2016,13.5660854425474
2016,0.222394843320449
2016,15.5676390324314
2016,3.11352780648628
2016,0.444789686640898
2016,0.667184529961346
2016,12.898900912586
2016,79.8397487520411
2016,0.222394843320449
2016,0.222394843320449
2016,0.889579373281795
2016,0.222394843320449
2016,0.889579373281795
2016,1.33436905992269
2016,10.2301627927406
2016,1.77915874656359
2016,2.89113296316583
2016,0.444789686640898
2016,0.444789686640898
2016,0.222394843320449
2016,0.667184529961346
2016,1.77915874656359
2016,1.11197421660224
2016,0.444789686640898
2016,0.444789686640898
2016,0.222394843320449
2016,14.4556648158292
2016,1.55676390324314
2016,0.444789686640898
2016,2.44634327652494
2016,0.222394843320449
2016,52.040393336985
2016,0.667184529961346
2016,0.444789686640898
2016,0.222394843320449
2016,1.33436905992269
2016,2.22394843320449
2016,0.222394843320449
2016,0.667184529961346
2016,3.78071233644763
2016,4.00310717976808
2016,0.222394843320449
2016,3.33592264980673
2016,0.222394843320449
2016,0.889579373281795
2016,0.667184529961346
2016,1.11197421660224
2016,0.222394843320449
2016,1.11197421660224
2016,6.22705561297257
2016,0.222394843320449
2016,0.889579373281795
2016,17.5691926223155
2016,2.22394843320449
2016,12.2317163826247
2016,0.222394843320449
2016,2.00155358988404
2016,0.222394843320449
2016,0.444789686640898
2016,2.00155358988404
2016,1.11197421660224
2016,0.444789686640898
2016,1.77915874656359
2016,1.77915874656359
2016,12.4541112259451
2016,0.222394843320449
2016,0.222394843320449
2016,0.222394843320449
2016,2.66873811984539
2016,0.222394843320449
2016,1.55676390324314
2016,5.55987108301122
2016,2.00155358988404
2016,2.00155358988404
2016,13.5660854425474
2016,13.1212957559065
2016,0.667184529961346
2016,0.444789686640898
2016,32.692041968106
2016,0.222394843320449
2016,0.222394843320449
2016,0.444789686640898
2016,8.2286092028566
2016,19.1259565255586
2016,0.444789686640898
2016,43.3669944474875
2016,0.444789686640898
2016,0.222394843320449
2016,0.889579373281795
2016,1.11197421660224
2016,0.667184529961346
2016,0.667184529961346
2016,0.889579373281795
2016,0.222394843320449
2016,1.55676390324314
2016,0.222394843320449
2016,1.33436905992269
2016,0.889579373281795
2016,0.222394843320449
2016,1.11197421660224
2016,4.22550202308853
2016,0.222394843320449
2016,0.444789686640898
2016,0.444789686640898
2016,15.7900338757519
2016,0.889579373281795
2016,0.222394843320449
2016,0.667184529961346
2016,6.44945045629302
2016,9.1181885761384
2016,0.222394843320449
2016,7.11663498625436
2016,6.89424014293391
2016,0.889579373281795
2016,0.889579373281795
2016,6.67184529961346
2016,3.33592264980673
2016,0.222394843320449
2016,0.222394843320449
2016,7.78381951621571
2016,0.444789686640898
2016,0.889579373281795
2016,0.667184529961346
2016,1.11197421660224
2016,0.444789686640898
2016,0.222394843320449
2016,3.11352780648628
2016,0.667184529961346
2016,0.444789686640898
2016,0.222394843320449
2016,1.11197421660224
2016,5.33747623969077
2016,32.2472522814651
2016,0.222394843320449
2016,2.89113296316583
2016,1.11197421660224
2016,5.78226592633167
2016,16.9020080923541
2016,0.444789686640898
2016,0.222394843320449
2016,0.222394843320449
2016,0.444789686640898
2016,0.222394843320449
2016,0.222394843320449
2016,1.55676390324314
2016,0.222394843320449
2016,0.444789686640898
2016,32.0248574381446
2016,12.898900912586
2016,0.222394843320449
2016,0.667184529961346
2016,0.444789686640898
2016,0.222394843320449
2016,0.444789686640898
2016,0.444789686640898
2016,0.222394843320449
2016,0.222394843320449
2016,0.222394843320449
2016,1.77915874656359
2016,2.22394843320449
2016,1.77915874656359
2016,0.667184529961346
2016,0.444789686640898
2016,0.444789686640898
2016,1.33436905992269
2016,1.33436905992269
2016,0.222394843320449
2016,0.222394843320449
2016,0.222394843320449
2016,12.0093215393042
2016,0.444789686640898
2016,14.9004545024701
2016,0.222394843320449
2016,0.444789686640898
2016,0.444789686640898
2016,11.1197421660224
2016,2.89113296316583
2016,5.78226592633167
2016,0.889579373281795
2016,0.222394843320449
2016,5.78226592633167
2016,0.222394843320449
2016,35.8055697745923
2016,5.11508139637032
2016,0.444789686640898
2016,0.667184529961346
2016,1.11197421660224
2016,0.667184529961346
2016,0.444789686640898
2016,0.222394843320449
2016,0.222394843320449
2016,0.444789686640898
2016,0.444789686640898
2016,49.8164449037805
2016,1.11197421660224
2016,0.222394843320449
2016,1.11197421660224
2016,0.667184529961346
2016,0.444789686640898
2016,0.889579373281795
2016,71.1663498625436
2016,10.6749524793815
2016,26.6873811984539
2016,0.222394843320449
2016,32.2472522814651
2016,0.222394843320449
2016,3.55831749312718
2016,0.667184529961346
2016,0.667184529961346
2016,0.222394843320449
2016,4.89268655304987
2016,1.77915874656359
2016,0.222394843320449
2016,0.222394843320449
2016,2.00155358988404
2016,0.667184529961346
2016,4.00310717976808
2016,6.67184529961346
2016,0.667184529961346
2016,0.444789686640898
2016,0.222394843320449
2016,0.222394843320449
2016,0.222394843320449
2016,0.222394843320449
2016,2.89113296316583
2016,0.222394843320449
2016,3.33592264980673
2016,0.667184529961346
2016,0.667184529961346
2016,0.222394843320449
2016,0.889579373281795
2016,0.444789686640898
2016,1.33436905992269
2016,0.222394843320449
2016,0.444789686640898
2016,0.667184529961346
2016,0.444789686640898
2016,6.00466076965212
2016,4.00310717976808
2016,1.11197421660224
2016,1.33436905992269
2016,2.00155358988404
2016,1.77915874656359
2016,0.222394843320449
2016,0.667184529961346
2016,1.33436905992269
2016,0.222394843320449
2016,0.222394843320449
2016,0.667184529961346
2016,0.222394843320449
2016,0.667184529961346
2016,1.55676390324314
2016,0.222394843320449
2016,0.222394843320449
2016,0.222394843320449
2016,0.222394843320449
2016,0.889579373281795
2016,1.11197421660224
2016,0.667184529961346
2016,0.222394843320449
2016,0.222394843320449
2016,0.222394843320449
2016,0.889579373281795
2016,8.6733988894975
2016,0.222394843320449
2016,3.78071233644763
2016,0.222394843320449
2016,0.222394843320449
2016,0.667184529961346
2016,0.444789686640898
2016,0.444789686640898
2016,0.667184529961346
2016,5.11508139637032
2016,3.11352780648628
2016,0.667184529961346
2016,1.33436905992269
2016,0.444789686640898
2016,0.222394843320449
2016,0.222394843320449
2016,0.222394843320449
2016,4.22550202308853
2016,7.33902982957481
2016,0.667184529961346
2016,0.444789686640898
2016,0.222394843320449
2016,0.444789686640898
2016,0.444789686640898
2016,1.33436905992269
2016,2.00155358988404
2016,0.222394843320449
2016,0.222394843320449
2016,0.444789686640898
2016,26.4649863551334
2016,0.222394843320449
2016,70.4991653325823
2016,0.444789686640898
2016,1.55676390324314
2016,0.444789686640898
2016,0.889579373281795
2016,0.444789686640898
2016,0.667184529961346
2016,2.89113296316583
2016,21.794694645404
2016,0.222394843320449
2016,9.78537310609975
2016,12.898900912586
2016,0.222394843320449
2016,5.11508139637032
2016,0.444789686640898
2016,0.222394843320449
2016,2.89113296316583
2016,0.444789686640898
2016,6.67184529961346
2016,1.11197421660224
2016,9.1181885761384
2016,0.667184529961346
2016,0.667184529961346
2016,5.33747623969077
2016,0.444789686640898
2016,0.889579373281795
2016,12.0093215393042
2016,1.33436905992269
2016,0.222394843320449
2016,0.222394843320449
2016,1.11197421660224
2016,0.222394843320449
2016,0.889579373281795
2016,28.4665399450174
2016,0.222394843320449
2016,0.889579373281795
2016,28.4665399450174
2016,0.222394843320449
2016,0.222394843320449
2016,0.889579373281795
2016,0.222394843320449
2016,0.444789686640898
2016,0.222394843320449
2016,0.667184529961346
2016,0.222394843320449
2016,3.78071233644763
2016,2.22394843320449
2016,0.222394843320449
2016,0.444789686640898
2016,0.444789686640898
2016,0.889579373281795
2016,13.3436905992269
2016,5.33747623969077
2016,2.22394843320449
2016,0.667184529961346
2016,13.7884802858678
2016,0.222394843320449
2016,5.78226592633167
2016,23.796248235288
2016,1.33436905992269
2016,1.11197421660224
2016,0.222394843320449
2016,0.222394843320449
2016,21.794694645404
2016,1.11197421660224
2016,0.222394843320449
2016,2.66873811984539
2016,1.77915874656359
2016,0.889579373281795
2016,0.667184529961346
2016,3.11352780648628
2016,3.55831749312718
2016,0.444789686640898
2016,7.11663498625436
2016,5.33747623969077
2016,0.667184529961346
2016,38.2519130511172
2016,2.44634327652494
2016,0.222394843320449
2016,0.222394843320449
2016,6.67184529961346
2016,0.222394843320449
2016,0.222394843320449
2016,104.747971203931
2016,0.667184529961346
2016,0.222394843320449
2016,0.444789686640898
2016,39.3638872677194
2016,0.222394843320449
2016,0.222394843320449
2016,14.2332699725087
2016,2.44634327652494
2016,5.55987108301122
2016,4.00310717976808
2016,0.222394843320449
2016,0.889579373281795
2016,0.222394843320449
2016,0.222394843320449
2016,13.7884802858678
2016,5.11508139637032
2016,0.222394843320449
2016,0.444789686640898
2016,0.222394843320449
2016,4.00310717976808
2016,0.444789686640898
2016,3.55831749312718
2016,0.667184529961346
2016,6.44945045629302
2016,3.78071233644763
2016,0.444789686640898
2016,0.222394843320449
2016,0.222394843320449
2016,1.33436905992269
2016,6.22705561297257
2016,1.11197421660224
2016,0.444789686640898
2016,0.222394843320449
2016,0.222394843320449
2016,2.89113296316583
2016,2.44634327652494
2016,1.11197421660224
2016,1.55676390324314
2016,0.444789686640898
2016,0.222394843320449
2016,2.22394843320449
2016,9.5629782627793
2016,14.4556648158292
2016,0.444789686640898
2016,1.77915874656359
2016,0.667184529961346
2016,2.00155358988404
2016,0.222394843320449
2016,0.444789686640898
2016,0.667184529961346
2016,0.222394843320449
2016,0.444789686640898
2016,0.222394843320449
2016,0.222394843320449
2016,0.444789686640898
2016,60.4913973831621
2016,0.222394843320449
2016,0.444789686640898
2016,0.444789686640898
2016,0.222394843320449
2016,3.55831749312718
2016,4.67029170972943
2016,1.33436905992269
2016,0.222394843320449
2016,1.77915874656359
2016,0.222394843320449
2016,2.44634327652494
2016,0.889579373281795
2016,0.222394843320449
2016,1.55676390324314
2016,0.889579373281795
2016,0.667184529961346
2016,0.667184529961346
2016,0.222394843320449
2016,0.444789686640898
2016,1.33436905992269
2016,0.667184529961346
2016,0.889579373281795
2016,1.77915874656359
2016,26.6873811984539
2016,0.444789686640898
2016,3.33592264980673
2016,1.55676390324314
2016,1.11197421660224
2016,0.222394843320449
2016,0.444789686640898
2016,0.667184529961346
2016,0.889579373281795
2016,0.444789686640898
2016,3.78071233644763
2016,21.1275101154426
2016,2.22394843320449
2016,0.222394843320449
2016,0.222394843320449
2016,0.889579373281795
2016,7.78381951621571
2016,5.33747623969077
2016,0.444789686640898
2016,0.444789686640898
2016,0.222394843320449
2016,0.222394843320449
2016,0.444789686640898
2016,1.33436905992269
2016,1.55676390324314
2016,0.222394843320449
2016,3.33592264980673
2016,0.222394843320449
2016,10.6749524793815
2016,5.55987108301122
2016,1.77915874656359
2016,0.667184529961346
2016,0.222394843320449
2016,4.44789686640898
2016,0.444789686640898
2016,0.667184529961346
2016,0.222394843320449
2016,0.667184529961346
2016,0.222394843320449
2016,2.66873811984539
2016,1.33436905992269
2016,0.222394843320449
2016,1.11197421660224
2016,1.77915874656359
2016,0.889579373281795
2016,6.44945045629302
2016,0.222394843320449
2016,18.2363771522768
2016,0.222394843320449
2016,0.667184529961346
2016,0.444789686640898
2016,0.444789686640898
2016,0.444789686640898
2016,18.9035616822381
2016,0.222394843320449
2016,0.889579373281795
2016,0.444789686640898
2016,0.667184529961346
2016,1.77915874656359
2016,0.444789686640898
2016,0.667184529961346
2016,0.667184529961346
2016,0.889579373281795
2016,0.889579373281795
2016,3.33592264980673
2016,0.444789686640898
2016,1.77915874656359
2016,1.77915874656359
2016,0.444789686640898
2016,0.444789686640898
2016,3.33592264980673
2016,2.89113296316583
2016,0.222394843320449
2016,0.444789686640898
2016,0.667184529961346
2016,0.222394843320449
2016,2.00155358988404
2016,20.4603255854813
2016,0.889579373281795
2016,4.67029170972943
2016,0.667184529961346
2016,8.45100404617705
2016,1.55676390324314
2016,0.667184529961346
2016,0.444789686640898
2016,20.0155358988404
2016,6.89424014293391
2016,0.444789686640898
2016,0.444789686640898
2016,0.444789686640898
2016,0.889579373281795
2016,0.444789686640898
2016,0.222394843320449
2016,0.222394843320449
2017,86.2891992083341
2017,0.222394843320449
2017,3.11352780648628
2017,9.1181885761384
2017,0.222394843320449
2017,2.00155358988404
2017,0.222394843320449
2017,0.222394843320449
2017,1.33436905992269
2017,0.222394843320449
2017,3.11352780648628
2017,2.89113296316583
2017,0.444789686640898
2017,3.55831749312718
2017,1.11197421660224
2017,0.222394843320449
2017,20.4603255854813
2017,4.22550202308853
2017,3.33592264980673
2017,3.78071233644763
2017,0.667184529961346
2017,1.33436905992269
2017,1.11197421660224
2017,0.444789686640898
2017,8.6733988894975
2017,5.55987108301122
2017,24.6858276085698
2017,0.444789686640898
2017,1.11197421660224
2017,0.444789686640898
2017,6.67184529961346
2017,1.11197421660224
2017,0.444789686640898
2017,2.22394843320449
2017,0.222394843320449
2017,2.44634327652494
2017,2.44634327652494
2017,0.222394843320449
2017,5.33747623969077
2017,2.89113296316583
2017,1.11197421660224
2017,1.33436905992269
2017,3.78071233644763
2017,4.22550202308853
2017,0.444789686640898
2017,10.6749524793815
2017,0.889579373281795
2017,0.222394843320449
2017,0.667184529961346
2017,15.1228493457905
2017,1.55676390324314
2017,1.33436905992269
2017,10.2301627927406
2017,0.444789686640898
2017,0.444789686640898
2017,2.22394843320449
2017,4.00310717976808
2017,1.33436905992269
2017,0.222394843320449
2017,0.444789686640898
2017,0.667184529961346
2017,2.00155358988404
2017,0.667184529961346
2017,17.346797778995
2017,21.3499049587631
2017,0.222394843320449
2017,24.2410379219289
2017,13.3436905992269
2017,13.7884802858678
2017,1.77915874656359
2017,2.44634327652494
2017,2.44634327652494
2017,1.11197421660224
2017,1.33436905992269
2017,12.6765060692656
2017,8.00621435953616
2017,2.22394843320449
2017,0.889579373281795
2017,1.55676390324314
2017,0.444789686640898
2017,0.889579373281795
2017,10.0077679494202
2017,0.889579373281795
2017,4.89268655304987
2017,0.667184529961346
2017,0.222394843320449
2017,4.67029170972943
2017,1.11197421660224
2017,0.667184529961346
2017,23.1290637053267
2017,1.55676390324314
2017,12.898900912586
2017,0.222394843320449
2017,0.222394843320449
2017,9.78537310609975
2017,1.55676390324314
2017,0.444789686640898
2017,45.8133377240125
2017,2.66873811984539
2017,0.667184529961346
2017,0.667184529961346
2017,0.222394843320449
2017,3.11352780648628
2017,1.77915874656359
2017,0.222394843320449
2017,1.77915874656359
2017,1.33436905992269
2017,0.889579373281795
2017,0.667184529961346
2017,1.33436905992269
2017,0.889579373281795
2017,5.11508139637032
2017,0.222394843320449
2017,0.667184529961346
2017,1.33436905992269
2017,4.22550202308853
2017,1.33436905992269
2017,0.222394843320449
2017,0.444789686640898
2017,0.222394843320449
2017,0.222394843320449
2017,0.667184529961346
2017,0.222394843320449
2017,0.889579373281795
2017,3.55831749312718
2017,3.55831749312718
2017,0.222394843320449
2017,0.222394843320449
2017,17.1244029356746
2017,0.222394843320449
2017,1.55676390324314
2017,2.00155358988404
2017,4.22550202308853
2017,1.11197421660224
2017,0.444789686640898
2017,1.33436905992269
2017,0.222394843320449
2017,1.77915874656359
2017,0.889579373281795
2017,0.889579373281795
2017,2.22394843320449
2017,1.11197421660224
2017,0.222394843320449
2017,1.77915874656359
2017,0.667184529961346
2017,3.78071233644763
2017,15.1228493457905
2017,6.00466076965212
2017,0.667184529961346
2017,0.222394843320449
2017,6.89424014293391
2017,0.444789686640898
2017,0.222394843320449
2017,1.55676390324314
2017,1.55676390324314
2017,1.55676390324314
2017,0.222394843320449
2017,0.222394843320449
2017,24.0186430786085
2017,0.444789686640898
2017,0.667184529961346
2017,0.667184529961346
2017,2.44634327652494
2017,0.889579373281795
2017,4.22550202308853
2017,0.444789686640898
2017,0.222394843320449
2017,2.22394843320449
2017,5.78226592633167
2017,0.222394843320449
2017,0.444789686640898
2017,0.222394843320449
2017,0.222394843320449
2017,36.9175439911945
2017,3.78071233644763
2017,0.667184529961346
2017,80.9517229686434
2017,2.00155358988404
2017,0.222394843320449
2017,0.444789686640898
2017,7.33902982957481
2017,6.89424014293391
2017,2.89113296316583
2017,42.4774150742057
2017,1.33436905992269
2017,3.55831749312718
2017,1.77915874656359
2017,0.889579373281795
2017,0.222394843320449
2017,1.77915874656359
2017,4.67029170972943
2017,2.22394843320449
2017,3.11352780648628
2017,0.222394843320449
2017,27.3545657284152
2017,0.222394843320449
2017,0.667184529961346
2017,0.222394843320449
2017,10.2301627927406
2017,0.889579373281795
2017,8.45100404617705
2017,0.889579373281795
2017,0.444789686640898
2017,0.222394843320449
2017,1.11197421660224
2017,0.667184529961346
2017,11.3421370093429
2017,6.00466076965212
2017,14.2332699725087
2017,2.22394843320449
2017,0.889579373281795
2017,1.77915874656359
2017,0.667184529961346
2017,0.444789686640898
2017,0.444789686640898
2017,0.222394843320449
2017,0.222394843320449
2017,0.889579373281795
2017,0.222394843320449
2017,0.444789686640898
2017,0.222394843320449
2017,1.11197421660224
2017,2.89113296316583
2017,0.222394843320449
2017,0.889579373281795
2017,0.667184529961346
2017,7.56142467289526
2017,0.444789686640898
2017,1.55676390324314
2017,0.444789686640898
2017,0.444789686640898
2017,1.11197421660224
2017,0.444789686640898
2017,0.889579373281795
2017,3.33592264980673
2017,0.667184529961346
2017,0.444789686640898
2017,1.33436905992269
2017,0.222394843320449
2017,9.78537310609975
2017,48.2596810005374
2017,1.55676390324314
2017,1.33436905992269
2017,0.222394843320449
2017,2.89113296316583
2017,0.444789686640898
2017,1.11197421660224
2017,0.222394843320449
2017,0.222394843320449
2017,1.55676390324314
2017,1.55676390324314
2017,0.222394843320449
2017,0.889579373281795
2017,0.444789686640898
2017,0.444789686640898
2017,2.44634327652494
2017,0.222394843320449
2017,0.222394843320449
2017,4.89268655304987
2017,0.667184529961346
2017,34.2488058713491
2017,0.222394843320449
2017,4.67029170972943
2017,0.667184529961346
2017,0.222394843320449
2017,3.11352780648628
2017,0.889579373281795
2017,0.444789686640898
2017,0.444789686640898
2017,1.11197421660224
2017,0.667184529961346
2017,0.222394843320449
2017,1.55676390324314
2017,0.222394843320449
2017,0.444789686640898
2017,13.5660854425474
2017,0.222394843320449
2017,0.667184529961346
2017,6.00466076965212
2017,96.2969671577543
2017,5.33747623969077
2017,2.66873811984539
2017,0.444789686640898
2017,5.55987108301122
2017,0.444789686640898
2017,0.222394843320449
2017,1.77915874656359
2017,0.222394843320449
2017,0.222394843320449
2017,8.2286092028566
2017,17.5691926223155
2017,0.222394843320449
2017,5.78226592633167
2017,0.889579373281795
2017,0.667184529961346
2017,0.667184529961346
2017,19.348351368879
2017,2.66873811984539
2017,0.667184529961346
2017,0.667184529961346
2017,0.889579373281795
2017,0.444789686640898
2017,0.444789686640898
2017,7.11663498625436
2017,0.222394843320449
2017,2.22394843320449
2017,1.11197421660224
2017,3.78071233644763
2017,7.78381951621571
2017,0.889579373281795
2017,1.33436905992269
2017,2.44634327652494
2017,0.889579373281795
2017,0.222394843320449
2017,0.667184529961346
2017,0.444789686640898
2017,0.444789686640898
2017,0.222394843320449
2017,0.222394843320449
2017,0.222394843320449
2017,2.22394843320449
2017,0.889579373281795
2017,0.222394843320449
2017,1.11197421660224
2017,0.222394843320449
2017,0.444789686640898
2017,0.222394843320449
2017,0.444789686640898
2017,0.444789686640898
2017,8.89579373281795
2017,6.89424014293391
2017,0.222394843320449
2017,2.44634327652494
2017,11.5645318526633
2017,0.444789686640898
2017,0.444789686640898
2017,8.45100404617705
2017,0.444789686640898
2017,0.222394843320449
2017,0.222394843320449
2017,3.11352780648628
2017,0.222394843320449
2017,0.222394843320449
2017,20.0155358988404
2017,6.67184529961346
2017,2.89113296316583
2017,2.00155358988404
2017,2.22394843320449
2017,1.11197421660224
2017,3.33592264980673
2017,0.444789686640898
2017,1.11197421660224
2017,1.11197421660224
2017,0.222394843320449
2017,2.44634327652494
2017,0.667184529961346
2017,0.222394843320449
2017,1.11197421660224
2017,0.667184529961346
2017,1.77915874656359
2017,6.44945045629302
2017,3.78071233644763
2017,1.55676390324314
2017,0.222394843320449
2017,1.77915874656359
2017,0.222394843320449
2017,88.9579373281795
2017,0.889579373281795
2017,9.78537310609975
2017,0.222394843320449
2017,0.222394843320449
2017,4.22550202308853
2017,0.222394843320449
2017,3.78071233644763
2017,1.55676390324314
2017,8.45100404617705
2017,0.222394843320449
2017,0.222394843320449
2017,0.444789686640898
2017,0.667184529961346
2017,3.33592264980673
2017,4.00310717976808
2017,2.22394843320449
2017,9.1181885761384
2017,0.889579373281795
2017,0.667184529961346
2017,1.11197421660224
2017,14.6780596591496
2017,2.00155358988404
2017,0.222394843320449
2017,74.2798776690299
2017,0.667184529961346
2017,1.11197421660224
2017,1.33436905992269
2017,1.55676390324314
2017,72.5007189224663
2017,0.667184529961346
2017,3.78071233644763
2017,0.222394843320449
2017,2.22394843320449
2017,21.1275101154426
2017,17.346797778995
2018,2.44634327652494
2018,0.889579373281795
2018,0.222394843320449
2018,0.222394843320449
2018,0.667184529961346
2018,1.77915874656359
2018,1.33436905992269
2018,0.222394843320449
2018,32.2472522814651
2018,26.6873811984539
2018,0.444789686640898
2018,5.55987108301122
2018,0.222394843320449
2018,39.8086769543603
2018,0.222394843320449
2018,15.7900338757519
2018,1.55676390324314
2018,13.1212957559065
2018,1.33436905992269
2018,8.00621435953616
2018,1.77915874656359
2018,5.55987108301122
2018,0.444789686640898
2018,10.897347322702
2018,5.11508139637032
2018,0.444789686640898
2018,0.444789686640898
2018,0.889579373281795
2018,0.889579373281795
2018,0.222394843320449
2018,0.444789686640898
2018,0.889579373281795
2018,0.222394843320449
2018,0.667184529961346
2018,0.444789686640898
2018,28.244145101697
2018,95.4073877844725
2018,17.346797778995
2018,0.444789686640898
2018,0.222394843320449
2018,1.11197421660224
2018,2.22394843320449
2018,0.444789686640898
2018,0.222394843320449
2018,0.222394843320449
2018,0.667184529961346
2018,3.55831749312718
2018,6.67184529961346
2018,1.33436905992269
2018,1.77915874656359
2018,1.33436905992269
2018,0.889579373281795
2018,32.692041968106
2018,0.889579373281795
2018,1.11197421660224
2018,0.222394843320449
2018,0.444789686640898
2018,1.77915874656359
2018,1.33436905992269
2018,1.33436905992269
2018,2.66873811984539
2018,0.889579373281795
2018,2.89113296316583
2018,1.11197421660224
2018,1.77915874656359
2018,0.889579373281795
2018,0.444789686640898
2018,0.444789686640898
2018,0.222394843320449
2018,0.222394843320449
2018,3.55831749312718
2018,16.4572184057132
2018,2.00155358988404
2018,59.8242128532007
2018,0.222394843320449
2018,0.444789686640898
2018,0.222394843320449
2018,3.33592264980673
2018,1.33436905992269
2018,1.11197421660224
2018,0.444789686640898
2018,16.9020080923541
2018,0.444789686640898
2018,1.77915874656359
2018,2.44634327652494
2018,1.77915874656359
2018,1.33436905992269
2018,0.222394843320449
2018,1.77915874656359
2018,4.22550202308853
2018,2.00155358988404
2018,0.444789686640898
2018,6.89424014293391
2018,6.22705561297257
2018,0.889579373281795
2018,1.77915874656359
2018,38.6967027377581
2018,0.222394843320449
2018,0.889579373281795
2018,0.889579373281795
2018,1.33436905992269
2018,1.77915874656359
2018,0.667184529961346
2018,1.11197421660224
2018,0.222394843320449
2018,1.11197421660224
2018,0.222394843320449
2018,0.222394843320449
2018,20.0155358988404
2018,0.222394843320449
2018,5.33747623969077
2018,11.7869266959838
2018,0.222394843320449
2018,0.222394843320449
2018,0.889579373281795
2018,2.44634327652494
2018,14.4556648158292
2018,1.55676390324314
2018,0.444789686640898
2018,0.444789686640898
2018,0.667184529961346
2018,82.7308817152069
2018,31.8024625948242
2018,0.667184529961346
2018,0.222394843320449
2018,2.22394843320449
2018,2.00155358988404
2018,0.222394843320449
2018,2.22394843320449
2018,22.6842740186858
2018,2.22394843320449
2018,0.222394843320449
2018,8.2286092028566
2018,0.222394843320449
2018,0.444789686640898
2018,53.3747623969077
2018,55.1539211434713
2018,37.139938834515
2018,1.77915874656359
2018,3.33592264980673
2018,0.444789686640898
2018,1.11197421660224
2018,3.11352780648628
2018,1.77915874656359
2018,0.444789686640898
2018,12.6765060692656
2018,0.222394843320449
2018,10.4525576360611
2018,0.444789686640898
2018,0.667184529961346
2018,4.00310717976808
2018,2.22394843320449
2018,16.9020080923541
2018,7.56142467289526
2018,0.444789686640898
2018,16.2348235623928
2018,0.667184529961346
2018,0.222394843320449
2018,7.33902982957481
2018,2.44634327652494
2018,6.89424014293391
2018,2.00155358988404
2018,0.222394843320449
2018,9.1181885761384
2018,54.0419469268691
2018,0.222394843320449
2018,2.22394843320449
2018,3.33592264980673
2018,0.667184529961346
2018,0.444789686640898
2018,18.0139823089564
2018,0.222394843320449
2018,0.444789686640898
2018,0.444789686640898
2018,1.55676390324314
2018,83.8428559318092
2018,0.667184529961346
2018,56.2658953600735
2018,87.1787785816159
2018,4.22550202308853
2018,13.3436905992269
2018,1.11197421660224
2018,0.222394843320449
2018,3.78071233644763
2018,0.889579373281795
2018,12.2317163826247
2018,1.55676390324314
2018,0.222394843320449
2018,1.33436905992269
2018,18.0139823089564
2018,1.11197421660224
2018,0.222394843320449
2018,2.22394843320449
2018,24.2410379219289
2018,0.667184529961346
2018,0.889579373281795
2018,0.889579373281795
2018,0.889579373281795
2018,1.33436905992269
2018,0.222394843320449
2018,2.44634327652494
2018,0.222394843320449
2018,0.222394843320449
2018,2.00155358988404
2018,3.11352780648628
2018,0.444789686640898
2018,0.444789686640898
2018,0.889579373281795
2018,1.11197421660224
2018,2.22394843320449
2018,0.667184529961346
2018,1.77915874656359
2018,0.444789686640898
2018,0.222394843320449
2018,1.33436905992269
2018,0.444789686640898
2018,0.444789686640898
2018,6.00466076965212
2018,0.222394843320449
2018,0.667184529961346
2018,0.222394843320449
2018,0.444789686640898
2018,0.222394843320449
2018,1.33436905992269
2018,0.667184529961346
2018,1.11197421660224
2018,1.33436905992269
2018,0.889579373281795
2018,0.444789686640898
2018,0.444789686640898
2018,0.444789686640898
2018,0.444789686640898
2018,0.889579373281795
2018,2.44634327652494
2018,1.33436905992269
2018,0.222394843320449
2018,14.4556648158292
2018,1.33436905992269
2018,0.667184529961346
2018,10.897347322702
2018,0.889579373281795
2018,15.7900338757519
2018,1.77915874656359
2018,0.444789686640898
2018,0.667184529961346
2018,3.55831749312718
2018,5.33747623969077
2018,7.56142467289526
2018,3.11352780648628
2018,0.222394843320449
2018,6.22705561297257
2018,5.78226592633167
2018,0.889579373281795
2018,0.444789686640898
2018,0.444789686640898
2018,0.889579373281795
2018,0.222394843320449
2018,4.22550202308853
2018,2.66873811984539
2018,3.11352780648628
2018,10.4525576360611
2018,0.667184529961346
2018,4.89268655304987
2018,0.222394843320449
2018,0.222394843320449
2018,0.222394843320449
2018,0.222394843320449
2018,1.11197421660224
2018,0.667184529961346
2018,0.444789686640898
2018,6.44945045629302
2018,0.444789686640898
2018,0.222394843320449
2018,1.55676390324314
2018,1.77915874656359
2018,0.444789686640898
2018,0.222394843320449
2018,0.444789686640898
2018,0.222394843320449
2018,0.667184529961346
2018,0.222394843320449
2018,1.55676390324314
2018,2.00155358988404
2018,0.222394843320449
2018,0.222394843320449
2018,0.667184529961346
2018,6.00466076965212
2018,1.55676390324314
2018,1.33436905992269
2018,0.889579373281795
2018,0.667184529961346
2018,3.55831749312718
2018,17.346797778995
2018,1.11197421660224
2018,1.55676390324314
2018,12.4541112259451
2018,0.222394843320449
2018,0.444789686640898
2018,1.55676390324314
2018,28.9113296316583
2018,0.667184529961346
2018,0.444789686640898
2018,1.55676390324314
2018,0.222394843320449
2018,5.78226592633167
2018,0.444789686640898
2018,0.222394843320449
2018,0.444789686640898
2018,1.33436905992269
2018,6.00466076965212
2018,3.11352780648628
2018,5.55987108301122
2018,0.667184529961346
2018,0.889579373281795
2018,0.667184529961346
2018,0.889579373281795
2018,6.44945045629302
2018,1.33436905992269
2018,0.667184529961346
2018,6.00466076965212
2018,0.444789686640898
2018,0.444789686640898
2018,1.77915874656359
2018,0.667184529961346
2018,0.667184529961346
2018,0.444789686640898
2018,1.11197421660224
2018,0.222394843320449
2018,0.889579373281795
2018,0.222394843320449
2018,0.444789686640898
2018,0.444789686640898
2018,0.222394843320449
2018,9.78537310609975
2018,11.3421370093429
2018,5.78226592633167
2018,0.444789686640898
2018,0.667184529961346
2018,2.89113296316583
2018,6.89424014293391
2018,0.667184529961346
2018,2.00155358988404
2018,0.889579373281795
2018,38.4743078944376
2018,4.22550202308853
2018,1.11197421660224
2018,0.222394843320449
2018,28.244145101697
2018,0.222394843320449
2018,0.444789686640898
2018,12.2317163826247
2018,0.222394843320449
2018,0.222394843320449
2018,8.89579373281795
2018,2.89113296316583
2018,0.444789686640898
2018,13.1212957559065
2018,1.55676390324314
2018,2.44634327652494
2018,13.7884802858678
2018,0.889579373281795
2018,0.889579373281795
2018,0.222394843320449
2018,32.4696471247855
2018,1.11197421660224
2018,0.667184529961346
2018,0.667184529961346
2018,0.222394843320449
2018,0.444789686640898
2018,0.889579373281795
2018,0.222394843320449
2018,0.444789686640898
2018,0.667184529961346
2018,1.11197421660224
2018,0.889579373281795
2018,1.55676390324314
2018,0.889579373281795
2018,1.33436905992269
2018,4.44789686640898
2018,7.11663498625436
2018,0.889579373281795
2018,1.11197421660224
2018,1.11197421660224
2018,2.00155358988404
2018,1.77915874656359
2018,9.78537310609975
2018,1.33436905992269
2018,1.11197421660224
2018,0.444789686640898
2018,0.222394843320449
2018,2.22394843320449
2018,0.222394843320449
2018,0.222394843320449
2018,1.55676390324314
2018,0.444789686640898
2018,0.667184529961346
2018,0.889579373281795
2018,26.6873811984539
2018,2.22394843320449
2018,0.444789686640898
2018,0.222394843320449
2018,0.222394843320449
2018,0.444789686640898
2018,0.444789686640898
2018,0.444789686640898
2018,0.667184529961346
2018,0.667184529961346
2018,0.667184529961346
2018,2.00155358988404
2018,3.33592264980673
2018,0.222394843320449
2018,2.44634327652494
2018,0.222394843320449
2018,33.8040161847082
2018,6.44945045629302
2018,1.11197421660224
2018,0.444789686640898
2018,40.0310717976808
2018,0.222394843320449
2018,0.889579373281795
2018,1.77915874656359
2018,9.34058341945885
2018,28.244145101697
2018,2.44634327652494
2018,4.44789686640898
2018,0.444789686640898
2018,2.66873811984539
2018,1.11197421660224
2018,1.55676390324314
2018,15.5676390324314
2018,1.33436905992269
2018,2.89113296316583
2018,2.44634327652494
2018,1.55676390324314
2018,0.667184529961346
2018,0.222394843320449
2018,46.2581274106534
2018,7.33902982957481
2018,6.22705561297257
2018,4.89268655304987
2018,5.33747623969077
2018,0.444789686640898
2018,6.89424014293391
2018,0.889579373281795
2018,7.56142467289526
2018,4.22550202308853
2018,8.6733988894975
2018,2.22394843320449
2018,5.33747623969077
2018,2.66873811984539
2018,2.44634327652494
2018,1.55676390324314
2018,1.33436905992269
2018,7.33902982957481
2018,0.667184529961346
2018,9.34058341945885
2018,0.222394843320449
2018,1.33436905992269
2018,1.33436905992269
2018,0.444789686640898
2018,1.11197421660224
2018,0.444789686640898
2018,15.1228493457905
2018,0.222394843320449
2018,0.222394843320449
2018,5.11508139637032
2018,9.34058341945885
2018,39.5862821110399
2018,29.8009090049401
2018,34.0264110280287
2018,24.6858276085698
2018,0.889579373281795
2018,0.444789686640898
2018,24.9082224518903
2018,2.22394843320449
2018,14.2332699725087
2018,16.9020080923541
2018,2.22394843320449
2018,10.4525576360611
2018,0.444789686640898
2018,19.1259565255586
2018,0.444789686640898
2018,0.222394843320449
2018,1.11197421660224
2018,0.444789686640898
2018,0.222394843320449
2018,3.33592264980673
2018,3.55831749312718
2018,38.9190975810785
2018,4.44789686640898
2018,0.222394843320449
2018,0.222394843320449
2018,21.3499049587631
2018,1.11197421660224
2018,8.89579373281795
2018,4.22550202308853
2018,0.444789686640898
2018,0.222394843320449
2018,1.55676390324314
2018,0.889579373281795
2018,0.667184529961346
2018,0.444789686640898
2018,0.667184529961346
2018,1.33436905992269
2018,0.889579373281795
2018,0.444789686640898
2018,1.11197421660224
2018,5.11508139637032
2018,1.11197421660224
2018,1.77915874656359
2018,2.22394843320449
2018,53.3747623969077
2018,25.3530121385312
2018,0.444789686640898
2018,0.667184529961346
2018,0.222394843320449
2018,0.889579373281795
2018,0.222394843320449
2018,0.222394843320449
2018,1.11197421660224
2018,7.56142467289526
2018,3.55831749312718
2018,12.0093215393042
2018,0.222394843320449
2018,2.89113296316583
2018,0.222394843320449
2018,0.222394843320449
2018,2.66873811984539
2018,2.66873811984539
2018,0.889579373281795
2018,2.00155358988404
2018,2.44634327652494
2018,0.667184529961346
2018,0.222394843320449
2018,20.2379307421608
2018,1.33436905992269
2018,0.222394843320449
2018,4.22550202308853
2018,1.33436905992269
2018,0.444789686640898
2018,15.7900338757519
2018,0.222394843320449
2018,0.222394843320449
2018,0.667184529961346
2018,0.222394843320449
2018,0.222394843320449
2018,0.222394843320449
2018,1.33436905992269
2018,5.11508139637032
2018,39.3638872677194
2018,2.22394843320449
2018,26.9097760417743
2018,22.4618791753653
2018,0.667184529961346
2018,0.444789686640898
2018,0.222394843320449
2018,27.7993554150561
2018,0.444789686640898
2018,0.222394843320449
2019,0.667184529961346
2019,0.889579373281795
2019,1.33436905992269
2019,1.77915874656359
2019,1.11197421660224
2019,1.11197421660224
2019,0.222394843320449
2019,0.444789686640898
2019,0.222394843320449
2019,0.444789686640898
2019,0.222394843320449
2019,0.889579373281795
2019,2.44634327652494
2019,0.667184529961346
2019,0.444789686640898
2019,0.889579373281795
2019,0.222394843320449
2019,0.222394843320449
2019,0.222394843320449
2019,71.833534392505
2019,17.1244029356746
2019,4.22550202308853
2019,3.33592264980673
2019,8.89579373281795
2019,3.11352780648628
2019,0.222394843320449
2019,0.444789686640898
2019,13.5660854425474
2019,12.0093215393042
2019,0.889579373281795
2019,1.11197421660224
2019,0.444789686640898
2019,13.7884802858678
2019,0.444789686640898
2019,0.889579373281795
2019,22.2394843320449
2019,1.77915874656359
2019,28.0217502583765
2019,7.33902982957481
2019,14.4556648158292
2019,0.222394843320449
2019,0.444789686640898
2019,0.222394843320449
2019,0.667184529961346
2019,2.44634327652494
2019,0.667184529961346
2019,0.889579373281795
2019,0.222394843320449
2019,0.222394843320449
2019,1.55676390324314
2019,3.55831749312718
2019,6.00466076965212
2019,1.33436905992269
2019,32.0248574381446
2019,9.1181885761384
2019,0.667184529961346
2019,68.9424014293391
2019,0.222394843320449
2019,2.44634327652494
2019,3.78071233644763
2019,5.78226592633167
2019,0.222394843320449
2019,2.22394843320449
2019,0.667184529961346
2019,0.222394843320449
2019,0.444789686640898
2019,0.667184529961346
2019,0.222394843320449
2019,0.222394843320449
2019,0.222394843320449
2019,0.222394843320449
2019,1.77915874656359
2019,36.9175439911945
2019,0.667184529961346
2019,0.222394843320449
2019,27.5769605717357
2019,0.222394843320449
2019,0.889579373281795
2019,0.444789686640898
2019,2.00155358988404
2019,31.3576729081833
2019,0.444789686640898
2019,0.667184529961346
2019,0.222394843320449
2019,2.44634327652494
2019,0.222394843320449
2019,0.667184529961346
2019,0.444789686640898
2019,0.444789686640898
2019,1.55676390324314
2019,1.55676390324314
2019,0.667184529961346
2019,2.00155358988404
2019,1.55676390324314
2019,0.444789686640898
2019,0.222394843320449
2019,0.444789686640898
2019,0.444789686640898
2019,15.345244189111
2019,6.44945045629302
2019,0.889579373281795
2019,32.2472522814651
2019,4.67029170972943
2019,0.222394843320449
2019,0.444789686640898
2019,0.222394843320449
2019,0.667184529961346
2019,0.222394843320449
2019,16.4572184057132
2019,5.33747623969077
2019,46.2581274106534
2019,0.444789686640898
2019,1.77915874656359
2019,0.444789686640898
2019,0.222394843320449
2019,0.222394843320449
2019,14.4556648158292
2019,0.889579373281795
2019,1.77915874656359
2019,5.78226592633167
2019,0.889579373281795
2019,1.33436905992269
2019,18.0139823089564
2019,3.33592264980673
2019,0.889579373281795
2019,54.0419469268691
2019,0.889579373281795
2019,6.22705561297257
2019,0.222394843320449
2019,0.444789686640898
2019,8.89579373281795
2019,4.00310717976808
2019,32.4696471247855
2019,2.89113296316583
2019,1.11197421660224
2019,0.667184529961346
2019,0.667184529961346
2019,2.00155358988404
2019,1.11197421660224
2019,5.33747623969077
2019,0.667184529961346
2019,1.55676390324314
2019,1.11197421660224
2019,0.444789686640898
2019,47.3701016272556
2019,74.2798776690299
2019,9.34058341945885
2019,0.222394843320449
2019,0.667184529961346
2019,0.667184529961346
2019,15.7900338757519
2019,0.222394843320449
2019,3.55831749312718
2019,1.11197421660224
2019,23.1290637053267
2019,0.444789686640898
2019,0.667184529961346
2019,0.667184529961346
2019,1.11197421660224
2019,7.56142467289526
2019,0.222394843320449
2019,0.444789686640898
2019,4.44789686640898
2019,9.5629782627793
2019,0.444789686640898
2019,3.11352780648628
2019,0.222394843320449
2019,199.710569301763
2019,0.222394843320449
2019,0.222394843320449
2019,9.78537310609975
2019,0.222394843320449
2019,0.222394843320449
2019,0.889579373281795
2019,0.667184529961346
2019,0.222394843320449
2019,0.222394843320449
2019,0.667184529961346
2019,0.667184529961346
2019,2.44634327652494
2019,21.5722998020835
2019,0.222394843320449
2019,0.444789686640898
2019,3.78071233644763
2019,2.22394843320449
2019,31.3576729081833
2019,0.889579373281795
2019,0.889579373281795
2019,10.2301627927406
2019,2.00155358988404
2019,0.222394843320449
2019,0.222394843320449
2019,0.444789686640898
2019,0.667184529961346
2019,38.4743078944376
2019,0.222394843320449
2019,9.1181885761384
2019,6.22705561297257
2019,0.222394843320449
2019,4.22550202308853
2019,2.44634327652494
2019,7.33902982957481
2019,6.89424014293391
2019,0.222394843320449
2019,0.444789686640898
2019,0.667184529961346
2019,0.222394843320449
2019,0.444789686640898
2019,0.889579373281795
2019,1.77915874656359
2019,0.222394843320449
2019,0.667184529961346
2019,0.222394843320449
2019,1.11197421660224
2019,0.222394843320449
2019,10.4525576360611
2019,1.11197421660224
2019,0.444789686640898
2019,0.667184529961346
2019,1.33436905992269
2019,0.444789686640898
2019,0.222394843320449
2019,1.33436905992269
2019,5.11508139637032
2019,0.222394843320449
2019,0.444789686640898
2019,0.889579373281795
2019,0.444789686640898
2019,0.889579373281795
2019,0.222394843320449
2019,63.6049251896484
2019,0.222394843320449
2019,0.222394843320449
2019,0.222394843320449
2019,0.222394843320449
2019,1.33436905992269
2019,0.667184529961346
2019,0.222394843320449
2019,2.00155358988404
2019,1.77915874656359
2019,1.77915874656359
2019,1.33436905992269
2019,0.222394843320449
2019,0.444789686640898
2019,0.222394843320449
2019,2.22394843320449
2019,1.11197421660224
2019,0.667184529961346
2019,0.889579373281795
2019,0.667184529961346
2019,0.222394843320449
2019,0.444789686640898
2019,2.44634327652494
2019,0.222394843320449
2019,0.222394843320449
2019,0.444789686640898
2019,1.11197421660224
2019,0.222394843320449
2019,0.444789686640898
2019,0.444789686640898
2019,1.33436905992269
2019,0.444789686640898
2019,2.00155358988404
2019,0.444789686640898
2019,0.222394843320449
2019,1.33436905992269
2019,0.667184529961346
2019,0.222394843320449
2019,0.444789686640898
2019,1.55676390324314
2019,0.222394843320449
2019,0.222394843320449
2019,0.667184529961346
2019,0.222394843320449
2019,0.444789686640898
2019,1.77915874656359
2019,0.222394843320449
2019,14.2332699725087
2019,0.444789686640898
2019,0.222394843320449
2019,0.667184529961346
2019,0.667184529961346
2019,0.667184529961346
2019,1.33436905992269
2019,0.444789686640898
2019,0.667184529961346
2019,0.889579373281795
2019,3.78071233644763
2019,0.889579373281795
2019,0.444789686640898
2019,12.2317163826247
2019,0.222394843320449
2019,2.00155358988404
2019,1.77915874656359
2019,25.5754069818516
2019,0.444789686640898
2019,0.889579373281795
2019,1.33436905992269
2019,13.1212957559065
2019,0.222394843320449
2019,0.889579373281795
2019,1.55676390324314
2019,0.444789686640898
2019,41.5878357009239
2019,0.222394843320449
2019,0.222394843320449
2019,6.67184529961346
2019,66.9408478394551
2019,0.889579373281795
2019,0.222394843320449
2019,0.889579373281795
2019,0.222394843320449
2019,0.667184529961346
2019,2.89113296316583
2019,4.89268655304987
2019,0.222394843320449
2019,0.222394843320449
2019,2.44634327652494
2019,1.11197421660224
2019,0.222394843320449
2019,0.667184529961346
2019,0.222394843320449
2019,0.667184529961346
2019,0.222394843320449
2019,0.222394843320449
2019,0.667184529961346
2019,2.89113296316583
2019,0.222394843320449
2019,1.55676390324314
2019,0.667184529961346
2019,0.444789686640898
2019,0.667184529961346
2019,3.33592264980673
2019,0.444789686640898
2019,0.222394843320449
2019,0.222394843320449
2019,0.444789686640898
2019,2.89113296316583
2019,31.3576729081833
2019,2.44634327652494
2019,0.222394843320449
2019,1.77915874656359
2019,12.0093215393042
2019,0.222394843320449
2019,0.444789686640898
2019,0.667184529961346
2019,0.444789686640898
2019,0.222394843320449
2019,2.00155358988404
2019,36.0279646179127
2019,0.667184529961346
2019,37.3623336778354
2019,0.667184529961346
2019,0.222394843320449
2019,1.11197421660224
2019,1.55676390324314
2019,2.89113296316583
2019,0.889579373281795
2019,9.1181885761384
2019,0.667184529961346
2019,0.444789686640898
2019,1.33436905992269
2019,0.667184529961346
2019,2.00155358988404
2019,0.444789686640898
2019,1.11197421660224
2019,2.00155358988404
2019,0.222394843320449
2019,0.444789686640898
2019,0.222394843320449
2019,2.44634327652494
2019,0.222394843320449
2019,0.444789686640898
2019,1.33436905992269
2019,0.889579373281795
2019,0.667184529961346
2019,0.222394843320449
2019,0.667184529961346
2019,0.667184529961346
2019,0.444789686640898
2019,0.667184529961346
2019,0.222394843320449
2019,0.444789686640898
2019,1.11197421660224
2019,2.66873811984539
2019,0.444789686640898
2019,0.222394843320449
2019,9.78537310609975
2019,3.33592264980673
2019,11.5645318526633
2019,2.89113296316583
2019,26.0201966684925
2019,0.222394843320449
2019,2.66873811984539
2019,0.222394843320449
2019,3.78071233644763
2019,0.222394843320449
2019,4.22550202308853
2019,6.44945045629302
2019,1.11197421660224
2019,0.889579373281795
2019,0.222394843320449
2019,0.222394843320449
2019,1.77915874656359
2019,1.33436905992269
2019,18.4587719955972
2019,2.89113296316583
2019,0.222394843320449
2019,1.11197421660224
2019,12.6765060692656
2019,0.444789686640898
2019,0.444789686640898
2019,0.444789686640898
2019,0.222394843320449
2019,1.55676390324314
2019,0.444789686640898
2019,6.89424014293391
2019,4.22550202308853
2019,0.667184529961346
2019,0.222394843320449
2019,0.222394843320449
2019,0.222394843320449
2019,0.667184529961346
2019,0.222394843320449
2019,0.667184529961346
2019,0.444789686640898
2019,5.33747623969077
2019,0.222394843320449
2019,6.00466076965212
2019,0.222394843320449
2019,0.222394843320449
2019,0.222394843320449
2019,1.11197421660224
2019,0.444789686640898
2019,0.222394843320449
2019,0.222394843320449
2019,0.444789686640898
2019,3.78071233644763
2019,1.77915874656359
2019,0.222394843320449
2019,4.22550202308853
2019,2.44634327652494
2019,15.7900338757519
2019,0.222394843320449
2019,8.00621435953616
2019,2.66873811984539
2019,0.889579373281795
2019,0.667184529961346
2019,1.33436905992269
2019,0.667184529961346
2019,14.2332699725087
2019,0.444789686640898
2019,1.33436905992269
2019,3.11352780648628
2019,0.444789686640898
2019,7.56142467289526
2019,2.22394843320449
2019,0.444789686640898
2019,0.222394843320449
2019,0.667184529961346
2019,0.222394843320449
2019,1.33436905992269
2019,2.00155358988404
2019,4.44789686640898
2019,4.22550202308853
2019,0.222394843320449
2019,0.667184529961346
2019,1.55676390324314
2019,1.11197421660224
2019,61.6033715997643
2019,10.0077679494202
2019,2.44634327652494
2019,0.444789686640898
2019,0.222394843320449
2019,36.4727543045536
2019,5.11508139637032
2019,23.1290637053267
2019,0.444789686640898
2019,1.11197421660224
2019,0.444789686640898
2019,0.444789686640898
2019,0.667184529961346
2019,29.5785141616197
2019,1.11197421660224
2019,0.222394843320449
2019,0.444789686640898
2019,2.00155358988404
2019,5.33747623969077
2019,0.222394843320449
2019,0.222394843320449
2019,0.889579373281795
2019,0.667184529961346
2019,1.11197421660224
2019,8.00621435953616
2019,0.667184529961346
2019,1.11197421660224
2019,6.22705561297257
2019,4.00310717976808
2019,2.22394843320449
2019,0.222394843320449
2019,80.9517229686434
2019,0.667184529961346
2019,1.55676390324314
2019,0.222394843320449
2019,0.667184529961346
2019,0.444789686640898
2019,0.444789686640898
2019,2.66873811984539
2019,26.9097760417743
2019,0.889579373281795
2019,1.33436905992269
2019,2.66873811984539
2019,0.889579373281795
2019,0.889579373281795
2019,0.444789686640898
2019,0.222394843320449
2019,0.444789686640898
2019,1.55676390324314
2019,0.444789686640898
2019,0.444789686640898
2019,0.444789686640898
2019,4.44789686640898
2019,0.889579373281795
2019,0.222394843320449
2019,7.11663498625436
2019,6.44945045629302
2019,8.89579373281795
2019,16.9020080923541
2019,17.7915874656359
2019,0.667184529961346
2019,18.2363771522768
2019,0.889579373281795
2019,2.89113296316583
2019,0.667184529961346
2019,0.889579373281795
2019,8.00621435953616
2019,20.9051152721222
2019,9.34058341945885
2019,6.67184529961346
2019,2.22394843320449
2019,1.77915874656359
2019,0.444789686640898
2019,0.667184529961346
2019,1.33436905992269
2019,0.222394843320449
2019,0.889579373281795
2019,1.11197421660224
2019,0.667184529961346
2019,0.444789686640898
2019,22.4618791753653
2019,3.11352780648628
2019,2.66873811984539
2019,2.44634327652494
2019,0.222394843320449
2019,1.55676390324314
2019,1.55676390324314
2019,10.0077679494202
2019,4.44789686640898
2019,0.444789686640898
2019,0.222394843320449
2019,1.55676390324314
2019,1.55676390324314
2019,1.77915874656359
2019,1.33436905992269
2019,0.889579373281795
2019,0.444789686640898
2019,0.444789686640898
2019,0.444789686640898
2019,0.444789686640898
2019,0.444789686640898
2019,1.55676390324314
2019,1.33436905992269
2019,0.444789686640898
2019,0.667184529961346
2019,1.55676390324314
2019,26.242591511813
2019,1.33436905992269
2019,2.00155358988404
2019,0.222394843320449
2019,0.444789686640898
2019,1.55676390324314
2019,7.33902982957481
2019,0.222394843320449
2019,0.667184529961346
2019,0.222394843320449
2019,0.222394843320449
2019,0.222394843320449
2019,0.444789686640898
2019,1.33436905992269
2019,0.222394843320449
2019,0.222394843320449
2019,0.222394843320449
2019,4.67029170972943
2019,0.444789686640898
2019,0.444789686640898
2019,0.222394843320449
2019,0.222394843320449
2019,0.444789686640898
2019,0.444789686640898
2019,0.222394843320449
2019,7.56142467289526
2019,0.444789686640898
2019,0.667184529961346
2019,2.44634327652494
2019,5.55987108301122
2020,0.222394843320449
2020,3.33592264980673
2020,8.00621435953616
2020,0.222394843320449
2020,3.11352780648628
2020,1.33436905992269
2020,0.222394843320449
2020,0.222394843320449
2020,0.889579373281795
2020,2.00155358988404
2020,0.667184529961346
2020,1.11197421660224
2020,0.222394843320449
2020,1.33436905992269
2020,0.889579373281795
2020,0.222394843320449
2020,0.889579373281795
2020,0.222394843320449
2020,1.33436905992269
2020,0.444789686640898
2020,0.222394843320449
2020,2.44634327652494
2020,1.11197421660224
2020,2.00155358988404
2020,0.444789686640898
2020,0.444789686640898
2020,1.33436905992269
2020,2.66873811984539
2020,0.222394843320449
2020,0.444789686640898
2020,18.2363771522768
2020,4.89268655304987
2020,0.889579373281795
2020,6.89424014293391
2020,30.0233038482606
2020,7.33902982957481
2020,0.222394843320449
2020,1.11197421660224
2020,7.56142467289526
2020,0.889579373281795
2020,3.11352780648628
2020,1.55676390324314
2020,2.00155358988404
2020,4.67029170972943
2020,1.11197421660224
2020,34.2488058713491
2020,12.0093215393042
2020,0.222394843320449
2020,1.33436905992269
2020,0.444789686640898
2020,1.33436905992269
2020,0.222394843320449
2020,22.0170894887244
2020,0.444789686640898
2020,0.222394843320449
2020,3.11352780648628
2020,4.44789686640898
2020,2.89113296316583
2020,1.11197421660224
2020,2.89113296316583
2020,2.22394843320449
2020,0.667184529961346
2020,1.11197421660224
2020,2.22394843320449
2020,8.6733988894975
2020,0.222394843320449
2020,0.222394843320449
2020,1.33436905992269
2020,0.222394843320449
2020,2.89113296316583
2020,0.222394843320449
2020,33.8040161847082
2020,0.222394843320449
2020,0.222394843320449
2020,0.444789686640898
2020,6.00466076965212
2020,1.55676390324314
2020,24.2410379219289
2020,1.11197421660224
2020,0.222394843320449
2020,0.222394843320449
2020,1.33436905992269
2020,8.6733988894975
2020,0.222394843320449
2020,87.1787785816159
2020,0.444789686640898
2020,2.22394843320449
2020,0.222394843320449
2020,1.33436905992269
2020,2.44634327652494
2020,1.11197421660224
2020,0.222394843320449
2020,0.444789686640898
2020,0.222394843320449
2020,86.2891992083341
2020,38.9190975810785
2020,0.222394843320449
2020,5.11508139637032
2020,68.4976117426982
2020,0.444789686640898
2020,0.222394843320449
2020,20.0155358988404
2020,0.889579373281795
2020,1.33436905992269
2020,2.00155358988404
2020,0.889579373281795
2020,6.67184529961346
2020,1.11197421660224
2020,0.444789686640898
2020,0.444789686640898
2020,0.444789686640898
2020,3.55831749312718
2020,16.6796132490337
2020,9.1181885761384
2020,4.89268655304987
2020,79.1725642220798
2020,0.222394843320449
2020,0.667184529961346
2020,0.444789686640898
2020,0.667184529961346
2020,0.222394843320449
2020,0.222394843320449
2020,0.667184529961346
2020,0.222394843320449
2020,141.665515195126
2020,0.222394843320449
2020,60.7137922264825
2020,0.222394843320449
2020,1.11197421660224
2020,0.222394843320449
2020,27.1321708850948
2020,2.89113296316583
2020,0.889579373281795
2020,10.6749524793815
2020,0.444789686640898
2020,0.889579373281795
2020,0.222394843320449
2020,1.33436905992269
2020,0.667184529961346
2020,0.222394843320449
2020,0.889579373281795
2020,54.48673661351
2020,2.66873811984539
2020,0.444789686640898
2020,0.222394843320449
2020,43.589389290808
2020,0.667184529961346
2020,2.22394843320449
2020,1.33436905992269
2020,0.444789686640898
2020,0.889579373281795
2020,0.444789686640898
2020,42.0326253875648
2020,0.667184529961346
2020,0.889579373281795
2020,2.66873811984539
2020,0.667184529961346
2020,20.6827204288017
2020,0.889579373281795
2020,0.222394843320449
2020,0.444789686640898
2020,0.222394843320449
2020,0.444789686640898
2020,1.55676390324314
2020,0.444789686640898
2020,2.66873811984539
2020,3.55831749312718
2020,10.897347322702
2020,0.222394843320449
2020,33.5816213413878
2020,120.093215393042
2020,0.667184529961346
2020,0.889579373281795
2020,0.444789686640898
2020,4.00310717976808
2020,1.55676390324314
2020,0.222394843320449
2020,1.55676390324314
2020,0.222394843320449
2020,3.55831749312718
2020,0.444789686640898
2020,8.2286092028566
2020,0.222394843320449
2020,2.44634327652494
2020,12.0093215393042
2020,2.44634327652494
2020,0.889579373281795
2020,0.889579373281795
2020,3.55831749312718
2020,12.0093215393042
2020,0.889579373281795
2020,0.222394843320449
2020,0.667184529961346
2020,1.77915874656359
2020,0.222394843320449
2020,0.222394843320449
2020,1.55676390324314
2020,6.89424014293391
2020,0.444789686640898
2020,79.1725642220798
2020,6.22705561297257
2020,1.11197421660224
2020,15.345244189111
2020,0.222394843320449
2020,27.1321708850948
2020,9.5629782627793
2020,0.222394843320449
2020,0.889579373281795
2020,0.444789686640898
2020,0.667184529961346
2020,20.6827204288017
2020,0.667184529961346
2020,2.22394843320449
2020,1.77915874656359
2020,1.55676390324314
2020,0.222394843320449
2020,0.222394843320449
2020,1.11197421660224
2020,1.33436905992269
2020,0.222394843320449
2020,8.45100404617705
2020,0.444789686640898
2020,2.44634327652494
2020,0.222394843320449
2020,1.77915874656359
2020,0.667184529961346
2020,0.222394843320449
2020,1.55676390324314
2020,0.667184529961346
2020,0.222394843320449
2020,0.444789686640898
2020,1.55676390324314
2020,1.77915874656359
2020,1.11197421660224
2020,0.222394843320449
2020,0.444789686640898
2020,1.11197421660224
2020,0.889579373281795
2020,17.7915874656359
2020,1.33436905992269
2020,0.444789686640898
2020,1.11197421660224
2020,0.222394843320449
2020,0.444789686640898
2020,0.444789686640898
2020,0.222394843320449
2020,6.67184529961346
2020,0.444789686640898
2020,0.222394843320449
2020,2.00155358988404
2020,0.889579373281795
2020,0.667184529961346
2020,0.222394843320449
2020,4.00310717976808
2020,0.444789686640898
2020,1.33436905992269
2020,0.222394843320449
2020,0.222394843320449
2020,0.222394843320449
2020,0.444789686640898
2020,0.222394843320449
2020,0.222394843320449
2020,0.222394843320449
2020,0.889579373281795
2020,0.444789686640898
2020,0.444789686640898
2020,0.889579373281795
2020,12.6765060692656
2020,0.667184529961346
2020,0.444789686640898
2020,0.889579373281795
2020,10.897347322702
2020,0.889579373281795
2020,0.889579373281795
2020,1.33436905992269
2020,4.89268655304987
2020,0.667184529961346
2020,0.889579373281795
2020,0.667184529961346
2020,0.222394843320449
2020,0.889579373281795
2020,0.667184529961346
2020,0.222394843320449
2020,9.1181885761384
2020,1.11197421660224
2020,0.222394843320449
2020,6.89424014293391
2020,0.222394843320449
2020,6.44945045629302
2020,0.667184529961346
2020,1.77915874656359
2020,2.66873811984539
2020,11.3421370093429
2020,0.444789686640898
2020,0.889579373281795
2020,0.444789686640898
2020,0.222394843320449
2020,35.3607800879514
2020,0.444789686640898
2020,2.00155358988404
2020,6.67184529961346
2020,3.55831749312718
2020,6.44945045629302
2020,5.33747623969077
2020,1.77915874656359
2020,0.444789686640898
2020,0.667184529961346
2020,2.00155358988404
2020,0.222394843320449
2020,0.444789686640898
2020,8.2286092028566
2020,0.667184529961346
2020,12.2317163826247
2020,0.667184529961346
2020,1.33436905992269
2020,15.345244189111
2020,0.444789686640898
2020,0.667184529961346
2020,0.444789686640898
2020,1.11197421660224
2020,0.444789686640898
2020,1.33436905992269
2020,3.11352780648628
2020,3.11352780648628
2020,0.667184529961346
2020,0.222394843320449
2020,4.00310717976808
2020,0.444789686640898
2020,0.222394843320449
2020,2.89113296316583
2020,0.444789686640898
2020,7.78381951621571
2020,0.222394843320449
2020,0.444789686640898
2020,0.222394843320449
2020,4.22550202308853
2020,2.00155358988404
2020,0.889579373281795
2020,0.444789686640898
2020,0.222394843320449
2020,0.667184529961346
2020,0.444789686640898
2020,1.11197421660224
2020,0.444789686640898
2020,1.11197421660224
2020,13.5660854425474
2020,1.33436905992269
2020,2.66873811984539
2020,0.444789686640898
2020,23.796248235288
2020,1.33436905992269
2020,0.222394843320449
2020,1.11197421660224
2020,0.222394843320449
2020,0.444789686640898
2020,0.889579373281795
2020,0.667184529961346
2020,0.444789686640898
2020,0.444789686640898
2020,2.89113296316583
2020,1.55676390324314
2020,0.667184529961346
2020,75.6142467289526
2020,2.22394843320449
2020,0.222394843320449
2020,0.667184529961346
2020,0.444789686640898
2020,0.444789686640898
2020,0.222394843320449
2020,10.0077679494202
2020,0.667184529961346
2020,24.0186430786085
2020,0.444789686640898
2020,0.222394843320449
2020,1.11197421660224
2020,7.78381951621571
2020,0.889579373281795
2020,0.222394843320449
2020,0.667184529961346
2020,4.44789686640898
2020,0.889579373281795
2020,0.889579373281795
2020,1.33436905992269
2020,0.222394843320449
2020,1.77915874656359
2020,14.2332699725087
2020,0.444789686640898
2020,1.55676390324314
2020,2.22394843320449
2020,0.889579373281795
2020,0.444789686640898
2020,59.8242128532007
2020,15.5676390324314
2020,0.444789686640898
2020,0.444789686640898
2020,0.444789686640898
2020,8.00621435953616
2020,0.222394843320449
2020,0.222394843320449
2020,0.222394843320449
2020,0.889579373281795
2020,0.667184529961346
2020,0.444789686640898
2020,26.6873811984539
2020,0.222394843320449
2020,0.222394843320449
2020,0.444789686640898
2020,6.89424014293391
2020,13.5660854425474
2020,0.222394843320449
2020,0.889579373281795
2020,0.222394843320449
2020,0.667184529961346
2020,0.444789686640898
2020,0.667184529961346
2020,0.889579373281795
2020,0.222394843320449
2020,2.89113296316583
2020,1.33436905992269
2020,0.667184529961346
2020,0.667184529961346
2020,0.667184529961346
2020,0.222394843320449
2020,0.444789686640898
2020,0.667184529961346
2020,1.77915874656359
2020,6.00466076965212
2020,0.222394843320449
2020,0.222394843320449
2020,7.78381951621571
2020,0.667184529961346
2020,0.222394843320449
2020,0.222394843320449
2020,1.11197421660224
2020,2.66873811984539
2020,0.444789686640898
2020,0.222394843320449
2020,3.33592264980673
2020,0.889579373281795
2020,1.77915874656359
2020,1.77915874656359
2020,2.00155358988404
2020,0.889579373281795
2020,0.444789686640898
2020,1.33436905992269
2020,0.222394843320449
2020,0.444789686640898
2020,1.11197421660224
2020,1.55676390324314
2020,0.444789686640898
2020,0.889579373281795
2020,0.222394843320449
2020,0.222394843320449
2020,29.1337244749788
2020,0.222394843320449
2020,1.11197421660224
2020,0.222394843320449
2020,0.444789686640898
2020,0.444789686640898
2020,0.667184529961346
2020,0.222394843320449
2020,1.33436905992269
2020,0.444789686640898
2020,33.1368316547469
2020,33.8040161847082
2020,3.33592264980673
2020,2.66873811984539
2020,25.7978018251721
2020,43.8117841341284
2020,0.222394843320449
2020,0.889579373281795
2020,0.444789686640898
2020,85.3996198350523
2020,84.732435305091
2020,0.667184529961346
2020,1.33436905992269
2020,21.3499049587631
2020,0.222394843320449
2020,1.55676390324314
2020,0.222394843320449
2020,15.345244189111
2020,0.222394843320449
2020,0.222394843320449
2020,3.78071233644763
2020,9.5629782627793
2020,1.11197421660224
2020,0.667184529961346
2020,4.22550202308853
2020,0.667184529961346
2020,8.89579373281795
2020,1.11197421660224
2020,5.33747623969077
2020,2.00155358988404
2020,5.11508139637032
2020,2.66873811984539
2020,0.667184529961346
2020,1.11197421660224
2020,0.222394843320449
2020,1.55676390324314
2020,0.889579373281795
2020,7.78381951621571
2020,0.889579373281795
2020,0.222394843320449
2020,3.55831749312718
2020,0.222394843320449
2020,0.222394843320449
2020,3.33592264980673
2020,1.11197421660224
2020,1.77915874656359
2020,0.667184529961346
2020,2.89113296316583
2020,0.222394843320449
2020,0.222394843320449
2020,0.222394843320449
2020,0.222394843320449
2020,0.889579373281795
2020,0.222394843320449
2020,13.1212957559065
2020,24.0186430786085
2020,0.667184529961346
2020,0.222394843320449
2020,6.00466076965212
2020,0.222394843320449
2020,2.44634327652494
2020,5.78226592633167
2020,0.889579373281795
2020,0.667184529961346
2020,2.89113296316583
2020,0.889579373281795
2020,14.2332699725087
2020,0.444789686640898
2020,2.22394843320449
2020,2.44634327652494
2020,0.889579373281795
2020,0.444789686640898
2020,0.222394843320449
2020,0.222394843320449
2020,1.11197421660224
2020,0.222394843320449
2020,0.667184529961346
2020,0.444789686640898
2020,1.33436905992269
2020,0.889579373281795
2020,1.33436905992269
2020,0.222394843320449
2020,0.667184529961346
2020,0.444789686640898
2020,0.222394843320449
2020,6.22705561297257
2020,0.222394843320449
2020,8.2286092028566
2020,0.222394843320449
2020,2.89113296316583
2020,1.77915874656359
2020,2.89113296316583
2020,1.33436905992269
2020,19.5707462121995
2020,0.222394843320449
2020,1.11197421660224
2020,22.6842740186858
2020,0.889579373281795
2020,0.444789686640898
2020,1.77915874656359
2020,0.222394843320449
2020,12.6765060692656
2020,6.67184529961346
2020,4.44789686640898
2020,4.89268655304987
2020,22.2394843320449
2020,3.55831749312718
2020,0.444789686640898
2020,5.55987108301122
2020,2.00155358988404
2020,0.222394843320449
2020,23.1290637053267
2020,0.444789686640898
2020,0.444789686640898
2020,14.6780596591496
2020,0.667184529961346
2020,1.33436905992269
2020,0.667184529961346
2020,0.444789686640898
2020,0.889579373281795
2020,1.11197421660224
2020,0.444789686640898
2020,1.33436905992269
2020,1.11197421660224
2020,4.22550202308853
2020,10.4525576360611
2020,0.222394843320449
2020,9.1181885761384
2020,4.00310717976808
2020,21.3499049587631
2020,0.444789686640898
2020,0.222394843320449
2020,0.222394843320449
2020,0.222394843320449
2020,0.889579373281795
2020,4.00310717976808
2020,1.77915874656359
2020,0.222394843320449
2020,0.444789686640898
2020,0.667184529961346
2020,0.222394843320449
2020,2.66873811984539
2020,0.667184529961346
2020,1.55676390324314
2020,0.889579373281795
2020,0.222394843320449
2020,32.2472522814651
2020,0.222394843320449
2020,1.33436905992269
2020,0.222394843320449
2020,2.66873811984539
2020,12.898900912586
2020,1.55676390324314
2020,0.444789686640898
2020,0.444789686640898
2020,0.444789686640898
2020,0.222394843320449
2020,0.667184529961346
2020,0.667184529961346
2020,0.222394843320449
2020,0.222394843320449
2020,0.222394843320449
2020,0.222394843320449
2020,4.67029170972943
2020,0.889579373281795
2020,0.222394843320449
2020,2.22394843320449
2020,14.4556648158292
2020,2.22394843320449
2020,1.11197421660224
2020,0.444789686640898
2021,1.33436905992269
2021,2.22394843320449
2021,0.222394843320449
2021,80.7293281253229
2021,0.667184529961346
2021,1.55676390324314
2021,0.222394843320449
2021,1.33436905992269
2021,0.222394843320449
2021,0.889579373281795
2021,0.222394843320449
2021,3.55831749312718
2021,1.55676390324314
2021,0.889579373281795
2021,1.11197421660224
2021,3.33592264980673
2021,2.00155358988404
2021,0.222394843320449
2021,0.889579373281795
2021,3.11352780648628
2021,0.444789686640898
2021,0.222394843320449
2021,5.55987108301122
2021,1.11197421660224
2021,0.444789686640898
2021,0.667184529961346
2021,0.444789686640898
2021,0.444789686640898
2021,0.444789686640898
2021,1.55676390324314
2021,0.222394843320449
2021,0.444789686640898
2021,0.444789686640898
2021,2.00155358988404
2021,1.55676390324314
2021,1.33436905992269
2021,0.667184529961346
2021,1.55676390324314
2021,0.222394843320449
2021,0.667184529961346
2021,0.444789686640898
2021,0.667184529961346
2021,2.66873811984539
2021,0.889579373281795
2021,0.444789686640898
2021,0.889579373281795
2021,0.444789686640898
2021,0.222394843320449
2021,1.55676390324314
2021,0.889579373281795
2021,1.33436905992269
2021,0.444789686640898
2021,0.889579373281795
2021,0.222394843320449
2021,2.66873811984539
2021,0.222394843320449
2021,0.444789686640898
2021,0.222394843320449
2021,16.2348235623928
2021,0.222394843320449
2021,0.222394843320449
2021,0.444789686640898
2021,0.222394843320449
2021,0.222394843320449
2021,0.222394843320449
2021,1.33436905992269
2021,0.222394843320449
2021,0.222394843320449
2021,0.889579373281795
2021,4.00310717976808
2021,0.222394843320449
2021,0.222394843320449
2021,1.11197421660224
2021,4.00310717976808
2021,0.444789686640898
2021,2.00155358988404
2021,0.222394843320449
2021,0.444789686640898
2021,0.444789686640898
2021,0.889579373281795
2021,0.667184529961346
2021,0.222394843320449
2021,0.222394843320449
2021,0.889579373281795
2021,1.77915874656359
2021,0.444789686640898
2021,0.889579373281795
2021,0.667184529961346
2021,1.33436905992269
2021,11.5645318526633
2021,6.89424014293391
2021,3.33592264980673
2021,0.222394843320449
2021,0.222394843320449
2021,0.444789686640898
2021,0.444789686640898
2021,19.7931410555199
2021,0.222394843320449
2021,8.6733988894975
2021,4.00310717976808
2021,38.2519130511172
2021,0.444789686640898
2021,3.33592264980673
2021,0.222394843320449
2021,0.444789686640898
2021,0.444789686640898
2021,0.667184529961346
2021,0.222394843320449
2021,58.489843793278
2021,0.889579373281795
2021,5.78226592633167
2021,1.11197421660224
2021,0.222394843320449
2021,1.77915874656359
2021,0.222394843320449
2021,0.667184529961346
2021,5.33747623969077
2021,2.00155358988404
2021,0.889579373281795
2021,1.55676390324314
2021,3.55831749312718
2021,2.00155358988404
2021,8.2286092028566
2021,9.5629782627793
2021,0.222394843320449
2021,1.11197421660224
2021,1.77915874656359
2021,0.444789686640898
2021,5.78226592633167
2021,0.444789686640898
2021,6.44945045629302
2021,1.55676390324314
2021,0.222394843320449
2021,1.33436905992269
2021,0.667184529961346
2021,0.667184529961346
2021,4.89268655304987
2021,5.33747623969077
2021,4.22550202308853
2021,1.33436905992269
2021,1.77915874656359
2021,0.222394843320449
2021,2.44634327652494
2021,15.345244189111
2021,1.33436905992269
2021,1.11197421660224
2021,1.11197421660224
2021,0.889579373281795
2021,0.444789686640898
2021,0.444789686640898
2021,1.33436905992269
2021,1.55676390324314
2021,9.5629782627793
2021,0.222394843320449
2021,40.4758614843217
2021,5.55987108301122
2021,21.1275101154426
2021,4.89268655304987
2021,3.55831749312718
2021,0.444789686640898
2021,1.55676390324314
2021,0.222394843320449
2021,0.444789686640898
2021,31.5800677515037
2021,1.11197421660224
2021,0.667184529961346
2021,2.22394843320449
2021,0.222394843320449
2021,0.889579373281795
2021,4.22550202308853
2021,0.222394843320449
2021,0.889579373281795
2021,1.33436905992269
2021,5.55987108301122
2021,13.5660854425474
2021,0.444789686640898
2021,4.67029170972943
2021,0.889579373281795
2021,0.222394843320449
2021,0.222394843320449
2021,2.66873811984539
2021,1.11197421660224
2021,0.667184529961346
2021,0.222394843320449
2021,0.222394843320449
2021,0.444789686640898
2021,1.11197421660224
2021,0.222394843320449
2021,1.77915874656359
2021,1.11197421660224
2021,13.5660854425474
2021,3.11352780648628
2021,2.66873811984539
2021,0.222394843320449
2021,0.667184529961346
2021,1.11197421660224
2021,4.89268655304987
2021,3.11352780648628
2021,1.33436905992269
2021,0.444789686640898
2021,0.222394843320449
2021,2.89113296316583
2021,10.4525576360611
2021,0.444789686640898
2021,0.222394843320449
2021,4.00310717976808
2021,82.5084868718865
2021,0.222394843320449
2021,0.222394843320449
2021,0.667184529961346
2021,0.222394843320449
2021,1.77915874656359
2021,0.667184529961346
2021,0.444789686640898
2021,0.222394843320449
2021,0.667184529961346
2021,0.667184529961346
2021,9.5629782627793
2021,3.55831749312718
2021,0.444789686640898
2021,1.33436905992269
2021,0.444789686640898
2021,12.4541112259451
2021,0.222394843320449
2021,2.89113296316583
2021,2.66873811984539
2021,5.78226592633167
2021,0.667184529961346
2021,5.78226592633167
2021,0.222394843320449
2021,4.22550202308853
2021,0.889579373281795
2021,8.6733988894975
2021,0.444789686640898
2021,0.222394843320449
2021,0.667184529961346
2021,0.444789686640898
2021,0.667184529961346
2021,0.222394843320449
2021,1.55676390324314
2021,0.222394843320449
2021,0.444789686640898
2021,43.8117841341284
2021,0.667184529961346
2021,0.222394843320449
2021,75.6142467289526
2021,0.444789686640898
2021,6.22705561297257
2021,2.89113296316583
2021,0.444789686640898
2021,5.33747623969077
2021,0.222394843320449
2021,7.78381951621571
2021,26.0201966684925
2021,5.55987108301122
2021,1.11197421660224
2021,0.222394843320449
2021,0.222394843320449
2021,4.44789686640898
2021,0.889579373281795
2021,0.444789686640898
2021,0.222394843320449
2021,13.1212957559065
2021,0.222394843320449
2021,0.444789686640898
2021,0.222394843320449
2021,2.89113296316583
2021,1.33436905992269
2021,0.667184529961346
2021,3.33592264980673
2021,0.444789686640898
2021,12.4541112259451
2021,4.44789686640898
2021,16.9020080923541
2021,2.22394843320449
2021,0.222394843320449
2021,0.444789686640898
2021,0.889579373281795
2021,14.4556648158292
2021,20.4603255854813
2021,0.222394843320449
2021,0.667184529961346
2021,0.222394843320449
2021,0.667184529961346
2021,0.222394843320449
2021,0.889579373281795
2021,0.222394843320449
2021,4.89268655304987
2021,2.22394843320449
2021,3.33592264980673
2021,6.67184529961346
2021,2.44634327652494
2021,0.222394843320449
2021,1.33436905992269
2021,2.00155358988404
2021,7.33902982957481
2021,1.55676390324314
2021,1.33436905992269
2021,0.444789686640898
2021,0.889579373281795
2021,0.444789686640898
2021,1.11197421660224
2021,0.667184529961346
2021,0.667184529961346
2021,39.3638872677194
2021,0.222394843320449
2021,0.667184529961346
2021,0.889579373281795
2021,0.222394843320449
2021,7.78381951621571
2021,1.11197421660224
2021,0.667184529961346
2021,0.889579373281795
2021,1.55676390324314
2021,3.78071233644763
2021,0.667184529961346
2021,1.11197421660224
2021,0.222394843320449
2021,20.6827204288017
2021,0.444789686640898
2021,0.667184529961346
2021,0.222394843320449
2021,1.11197421660224
2021,0.222394843320449
2021,27.5769605717357
2021,0.889579373281795
2021,2.66873811984539
2021,1.11197421660224
2021,0.667184529961346
2021,0.222394843320449
2021,0.667184529961346
2021,8.00621435953616
2021,0.222394843320449
2021,0.444789686640898
2021,10.4525576360611
2021,12.2317163826247
2021,0.889579373281795
2021,0.444789686640898
2021,0.222394843320449
2021,1.11197421660224
2021,28.244145101697
2021,0.222394843320449
2021,0.222394843320449
2021,10.897347322702
2021,8.45100404617705
2021,6.89424014293391
2021,0.222394843320449
2021,1.33436905992269
2021,0.889579373281795
2021,4.89268655304987
2021,1.55676390324314
2021,7.78381951621571
2021,0.667184529961346
2021,1.33436905992269
2021,0.222394843320449
2021,1.11197421660224
2021,0.667184529961346
2021,49.5940500604601
2021,1.11197421660224
2021,2.00155358988404
2021,50.038839747101
2021,0.889579373281795
2021,0.667184529961346
2021,1.55676390324314
2021,30.0233038482606
2021,0.222394843320449
2021,0.222394843320449
2021,2.66873811984539
2021,4.22550202308853
2021,0.889579373281795
2021,0.222394843320449
2021,0.222394843320449
2021,3.33592264980673
2021,2.44634327652494
2021,0.667184529961346
2021,0.444789686640898
2021,9.5629782627793
2021,0.222394843320449
2021,0.222394843320449
2021,0.222394843320449
2021,0.444789686640898
2021,0.667184529961346
2021,41.8102305442444
2021,10.0077679494202
2021,0.444789686640898
2021,0.667184529961346
2021,18.4587719955972
2021,34.0264110280287
2021,2.66873811984539
2021,0.889579373281795
2021,0.667184529961346
2021,0.222394843320449
2021,2.00155358988404
2021,0.222394843320449
2021,0.667184529961346
2021,0.444789686640898
2021,0.222394843320449
2021,1.77915874656359
2021,0.889579373281795
2021,0.667184529961346
2021,8.2286092028566
2021,2.89113296316583
2021,0.889579373281795
2021,0.889579373281795
2021,2.89113296316583
2021,0.889579373281795
2021,1.11197421660224
2021,0.222394843320449
2021,0.222394843320449
2021,0.222394843320449
2021,25.3530121385312
2021,0.444789686640898
2021,0.444789686640898
2021,42.0326253875648
2021,0.444789686640898
2021,3.11352780648628
2021,2.44634327652494
2021,1.11197421660224
2021,0.667184529961346
2021,1.55676390324314
2021,0.667184529961346
2021,0.444789686640898
2021,8.89579373281795
2021,5.11508139637032
2021,0.222394843320449
2021,3.55831749312718
2021,0.222394843320449
2021,2.22394843320449
2021,0.444789686640898
2021,0.222394843320449
2021,4.00310717976808
2021,2.66873811984539
2021,0.222394843320449
2021,13.1212957559065
2021,0.444789686640898
2021,4.67029170972943
2021,0.444789686640898
2021,0.667184529961346
2021,0.667184529961346
2021,0.222394843320449
2021,0.667184529961346
2021,0.222394843320449
2021,33.5816213413878
2021,0.889579373281795
2021,2.89113296316583
2021,0.444789686640898
2021,0.444789686640898
2021,0.667184529961346
2021,0.667184529961346
2021,0.444789686640898
2021,1.55676390324314
2021,1.55676390324314
2021,0.667184529961346
2021,3.11352780648628
2021,0.444789686640898
2021,0.444789686640898
2021,0.222394843320449
2021,0.444789686640898
2021,1.55676390324314
2021,0.222394843320449
2021,0.889579373281795
2021,0.444789686640898
2021,0.222394843320449
2021,1.11197421660224
2021,0.222394843320449
2021,1.33436905992269
2021,0.889579373281795
2021,1.33436905992269
2021,0.889579373281795
2021,3.78071233644763
2021,7.33902982957481
2021,0.222394843320449
2021,0.444789686640898
2021,0.889579373281795
2021,1.55676390324314
2021,0.222394843320449
2021,1.11197421660224
2021,1.55676390324314
2021,0.222394843320449
2021,0.889579373281795
2021,0.444789686640898
2021,0.444789686640898
2021,2.00155358988404
2021,0.889579373281795
2021,22.0170894887244
2021,3.33592264980673
2021,2.00155358988404
2021,0.222394843320449
2021,1.33436905992269
2021,1.33436905992269
2021,0.889579373281795
2021,16.4572184057132
2021,0.444789686640898
2021,1.11197421660224
2021,1.77915874656359
2021,8.00621435953616
2021,1.33436905992269
2021,0.667184529961346
2021,1.11197421660224
2021,1.33436905992269
2021,0.222394843320449
2021,0.222394843320449
2021,0.222394843320449
2021,40.9206511709626
2021,4.00310717976808
2021,2.00155358988404
2021,2.22394843320449
2021,0.222394843320449
2021,4.89268655304987
2021,0.444789686640898
2021,0.444789686640898
2021,0.222394843320449
2021,27.5769605717357
2021,0.667184529961346
2021,2.44634327652494
2021,0.222394843320449
2021,2.89113296316583
2021,1.77915874656359
2021,49.8164449037805
2021,0.444789686640898
2021,3.55831749312718
2021,14.9004545024701
2021,0.222394843320449
2021,1.77915874656359
2021,1.55676390324314
2021,1.11197421660224
2021,0.222394843320449
2021,0.889579373281795
2021,0.222394843320449
2021,0.444789686640898
2021,1.11197421660224
2021,0.889579373281795
2021,0.444789686640898
2021,0.222394843320449
2021,0.222394843320449
2021,1.33436905992269
2021,0.222394843320449
2021,2.22394843320449
2021,2.00155358988404
2021,0.444789686640898
2021,0.444789686640898
2021,4.00310717976808
2021,1.55676390324314
2021,0.889579373281795
2021,0.222394843320449
2021,0.444789686640898
2021,0.444789686640898
2021,0.222394843320449
2021,0.222394843320449
2021,0.667184529961346
2021,4.44789686640898
2021,1.11197421660224
2021,2.66873811984539
2021,2.89113296316583
2021,0.222394843320449
2021,0.444789686640898
2021,1.55676390324314
2021,2.44634327652494
2021,0.222394843320449
2021,0.222394843320449
2021,0.444789686640898
2021,0.667184529961346
2021,9.34058341945885
2021,0.222394843320449
2021,0.222394843320449
2021,0.222394843320449
2021,9.78537310609975
2021,2.44634327652494
2021,0.222394843320449
2021,6.00466076965212
2021,0.444789686640898
2021,0.444789686640898
2021,0.444789686640898
2021,10.0077679494202
2021,0.222394843320449
2021,4.00310717976808
2021,0.667184529961346
2021,0.889579373281795
2021,0.889579373281795
2021,1.11197421660224
2021,0.222394843320449
2021,0.889579373281795
2021,0.444789686640898
2021,0.667184529961346
2021,0.222394843320449
2021,9.34058341945885
2021,0.222394843320449
2021,0.444789686640898
2021,0.667184529961346
2021,42.0326253875648
2021,0.222394843320449
2021,0.222394843320449
2021,0.222394843320449
2021,0.222394843320449
2021,1.11197421660224
2021,18.2363771522768
2021,0.667184529961346
2021,5.11508139637032
2021,11.3421370093429
2021,0.667184529961346
2021,0.667184529961346
2021,0.222394843320449
2021,12.2317163826247
2021,0.222394843320449
2021,0.222394843320449
2021,0.889579373281795
2021,0.222394843320449
2021,14.0108751291883
2021,0.222394843320449
2021,0.222394843320449
2021,0.667184529961346
2021,1.55676390324314
2021,0.222394843320449
2021,0.444789686640898
2021,1.77915874656359
2021,0.667184529961346
2021,0.222394843320449
2021,2.89113296316583
2021,0.667184529961346
2021,1.33436905992269
2021,0.444789686640898
2021,4.89268655304987
2021,0.222394843320449
2021,0.222394843320449
2021,0.444789686640898
2021,0.222394843320449
2021,0.222394843320449
2021,0.444789686640898
2021,0.444789686640898
2021,0.444789686640898
2021,0.667184529961346
2021,8.45100404617705
2021,3.78071233644763
2021,0.222394843320449
2021,0.222394843320449
2021,0.444789686640898
2021,4.22550202308853
2021,1.77915874656359
2021,0.889579373281795
2021,4.44789686640898
2021,0.444789686640898
2021,0.444789686640898
2021,2.00155358988404
2021,0.222394843320449
2021,0.222394843320449
2021,0.222394843320449
2021,0.222394843320449
2021,0.444789686640898
2021,0.222394843320449
2021,1.33436905992269
2021,1.11197421660224
2021,0.667184529961346
2021,0.222394843320449
2021,0.222394843320449
2021,0.444789686640898
2021,0.222394843320449
2021,1.77915874656359
2021,0.667184529961346
2021,2.44634327652494
2021,6.00466076965212
2021,0.889579373281795
2021,1.77915874656359
2021,0.444789686640898
2021,0.444789686640898
2021,0.444789686640898
2021,1.11197421660224
2021,5.78226592633167
2021,0.444789686640898
2021,0.222394843320449
2021,0.667184529961346
2021,0.222394843320449
2021,1.33436905992269
2021,0.444789686640898
2021,0.222394843320449
2021,1.11197421660224
2021,0.667184529961346
2021,1.11197421660224
2021,2.89113296316583
2021,0.222394843320449
2021,0.444789686640898
2021,0.667184529961346
2021,0.222394843320449
2021,0.667184529961346
2021,0.222394843320449
2021,0.444789686640898
2021,0.889579373281795
2021,0.444789686640898
2021,0.667184529961346
2021,0.222394843320449
2021,0.444789686640898
2021,0.667184529961346
2021,0.889579373281795
2021,1.55676390324314
2021,0.889579373281795
2021,0.222394843320449
2021,0.222394843320449
2021,0.444789686640898
2021,0.667184529961346
2021,5.11508139637032
2021,0.444789686640898
2021,0.222394843320449
2021,0.222394843320449
2021,0.222394843320449
2021,0.222394843320449
2021,4.00310717976808
2021,0.889579373281795
2021,0.444789686640898
2021,0.667184529961346
2021,0.667184529961346
2021,0.222394843320449
2021,0.222394843320449
2021,0.444789686640898
2021,0.889579373281795
2021,0.667184529961346
2021,0.444789686640898
2021,0.222394843320449
2021,1.11197421660224
2021,0.222394843320449
2021,1.55676390324314
2021,0.667184529961346
2021,0.889579373281795
2021,2.66873811984539
2021,2.00155358988404
2021,1.11197421660224
2021,1.11197421660224
2021,0.667184529961346
2021,0.444789686640898
2021,0.667184529961346
2021,0.889579373281795
2021,1.33436905992269
2021,2.22394843320449
2021,0.222394843320449
2021,1.11197421660224
2021,0.444789686640898
2021,0.222394843320449
2021,0.444789686640898
2021,0.444789686640898
2021,19.5707462121995
2021,0.222394843320449
2021,44.9237583507307
2021,0.444789686640898
2021,0.222394843320449
2021,14.2332699725087
2021,40.0310717976808
2021,0.889579373281795
2021,37.5847285211558
2021,0.444789686640898
2021,18.9035616822381
2021,0.889579373281795
2021,2.66873811984539
2021,0.222394843320449
2021,0.667184529961346
2021,1.11197421660224
2021,86.5115940516546
2021,0.444789686640898
2021,73.3902982957481
2021,0.444789686640898
2021,0.444789686640898
2021,21.5722998020835
2021,0.222394843320449
2021,1.11197421660224
2021,2.00155358988404
2021,32.692041968106
2021,1.11197421660224
2021,0.222394843320449
2021,0.222394843320449
2021,0.222394843320449
2021,0.222394843320449
2021,0.222394843320449
2021,1.11197421660224
2021,25.7978018251721
2021,46.2581274106534
2021,11.7869266959838
2021,11.7869266959838
2021,0.667184529961346
2021,0.889579373281795
2021,0.444789686640898
2021,5.33747623969077
2021,0.222394843320449
2021,0.222394843320449
2021,0.222394843320449
2021,0.222394843320449
2021,2.44634327652494
2021,1.77915874656359
2021,0.889579373281795
2021,0.222394843320449
2021,0.222394843320449
2021,3.11352780648628
2021,0.444789686640898
2021,15.7900338757519
2021,4.00310717976808
2021,0.222394843320449
2021,0.444789686640898
2021,0.444789686640898
2021,0.222394843320449
2021,0.444789686640898
2021,0.222394843320449
2021,4.00310717976808
2021,0.444789686640898
2021,7.11663498625436
2021,1.55676390324314
2022,0.222394843320449
2022,18.2363771522768
2022,54.2643417701895
2022,9.5629782627793
2022,1.33436905992269
2022,0.222394843320449
2022,3.55831749312718
2022,104.08078667397
2022,0.444789686640898
2022,0.444789686640898
2022,1.33436905992269
2022,0.222394843320449
2022,0.667184529961346
2022,0.222394843320449
2022,0.889579373281795
2022,0.889579373281795
2022,0.889579373281795
2022,0.222394843320449
2022,0.444789686640898
2022,0.444789686640898
2022,0.667184529961346
2022,0.444789686640898
2022,0.889579373281795
2022,0.444789686640898
2022,0.222394843320449
2022,0.222394843320449
2022,0.222394843320449
2022,0.222394843320449
2022,0.889579373281795
2022,0.444789686640898
2022,5.11508139637032
2022,52.7075778669464
2022,0.222394843320449
2022,0.444789686640898
2022,4.67029170972943
2022,3.11352780648628
2022,1.33436905992269
2022,0.222394843320449
2022,4.00310717976808
2022,0.889579373281795
2022,6.67184529961346
2022,1.33436905992269
2022,0.444789686640898
2022,0.222394843320449
2022,0.667184529961346
2022,12.0093215393042
2022,0.444789686640898
2022,4.00310717976808
2022,3.55831749312718
2022,0.444789686640898
2022,0.667184529961346
2022,0.222394843320449
2022,1.11197421660224
2022,1.11197421660224
2022,0.889579373281795
2022,2.22394843320449
2022,0.667184529961346
2022,0.889579373281795
2022,0.667184529961346
2022,0.667184529961346
2022,16.6796132490337
2022,7.56142467289526
2022,0.222394843320449
2022,0.444789686640898
2022,6.00466076965212
2022,0.222394843320449
2022,3.55831749312718
2022,0.222394843320449
2022,0.667184529961346
2022,5.33747623969077
2022,2.00155358988404
2022,8.89579373281795
2022,1.11197421660224
2022,339.596925750325
2022,1.33436905992269
2022,0.444789686640898
2022,1.55676390324314
2022,2.00155358988404
2022,1.11197421660224
2022,6.44945045629302
2022,0.222394843320449
2022,0.667184529961346
2022,2.00155358988404
2022,0.444789686640898
2022,0.444789686640898
2022,0.222394843320449
2022,4.89268655304987
2022,0.889579373281795
2022,0.222394843320449
2022,0.889579373281795
2022,0.222394843320449
2022,0.222394843320449
2022,0.889579373281795
2022,0.222394843320449
2022,13.3436905992269
2022,0.222394843320449
2022,0.222394843320449
2022,0.889579373281795
2022,1.11197421660224
2022,1.11197421660224
2022,2.00155358988404
2022,0.222394843320449
2022,0.444789686640898
2022,0.889579373281795
2022,2.22394843320449
2022,0.222394843320449
2022,0.667184529961346
2022,16.0124287190723
2022,0.889579373281795
2022,0.444789686640898
2022,0.222394843320449
2022,8.45100404617705
2022,9.1181885761384
2022,0.889579373281795
2022,0.444789686640898
2022,0.444789686640898
2022,3.33592264980673
2022,0.222394843320449
2022,0.222394843320449
2022,0.889579373281795
2022,0.667184529961346
2022,0.222394843320449
2022,4.00310717976808
2022,1.11197421660224
2022,0.444789686640898
2022,42.6998099175262
2022,0.444789686640898
2022,0.222394843320449
2022,12.0093215393042
2022,1.33436905992269
2022,28.6889347883379
2022,0.667184529961346
2022,0.222394843320449
2022,0.222394843320449
2022,1.33436905992269
2022,0.444789686640898
2022,1.33436905992269
2022,0.444789686640898
2022,0.222394843320449
2022,0.889579373281795
2022,0.667184529961346
2022,0.222394843320449
2022,0.222394843320449
2022,0.222394843320449
2022,0.444789686640898
2022,8.6733988894975
2022,1.33436905992269
2022,0.222394843320449
2022,0.444789686640898
2022,0.222394843320449
2022,31.3576729081833
2022,0.222394843320449
2022,74.0574828257095
2022,1.77915874656359
2022,0.667184529961346
2022,1.77915874656359
2022,0.222394843320449
2022,0.444789686640898
2022,0.444789686640898
2022,0.222394843320449
2022,0.222394843320449
2022,1.77915874656359
2022,0.222394843320449
2022,0.222394843320449
2022,4.22550202308853
2022,5.78226592633167
2022,0.222394843320449
2022,0.222394843320449
2022,0.444789686640898
2022,7.56142467289526
2022,0.667184529961346
2022,2.66873811984539
2022,2.22394843320449
2022,10.6749524793815
2022,1.55676390324314
2022,0.444789686640898
2022,0.444789686640898
2022,1.11197421660224
2022,1.55676390324314
2022,0.889579373281795
2022,11.7869266959838
2022,0.667184529961346
2022,1.77915874656359
2022,1.77915874656359
2022,0.444789686640898
2022,0.444789686640898
2022,3.55831749312718
2022,0.222394843320449
2022,0.889579373281795
2022,0.222394843320449
2022,0.444789686640898
2022,1.11197421660224
2022,0.222394843320449
2022,0.667184529961346
2022,0.222394843320449
2022,0.444789686640898
2022,0.444789686640898
2022,0.222394843320449
2022,1.33436905992269
2022,4.00310717976808
2022,0.444789686640898
2022,0.444789686640898
2022,0.444789686640898
2022,3.33592264980673
2022,2.22394843320449
2022,3.78071233644763
2022,0.444789686640898
2022,9.78537310609975
2022,0.444789686640898
2022,0.889579373281795
2022,1.77915874656359
2022,2.89113296316583
2022,1.33436905992269
2022,0.222394843320449
2022,0.444789686640898
2022,4.00310717976808
2022,0.222394843320449
2022,0.222394843320449
2022,0.444789686640898
2022,0.444789686640898
2022,3.33592264980673
2022,0.444789686640898
2022,2.22394843320449
2022,0.667184529961346
2022,0.444789686640898
2022,0.444789686640898
2022,0.444789686640898
2022,0.667184529961346
2022,0.222394843320449
2022,0.222394843320449
2022,1.55676390324314
2022,0.222394843320449
2022,0.222394843320449
2022,0.444789686640898
2022,0.222394843320449
2022,0.667184529961346
2022,0.222394843320449
2022,0.667184529961346
2022,0.222394843320449
2022,0.222394843320449
2022,0.222394843320449
2022,0.889579373281795
2022,0.222394843320449
2022,0.889579373281795
2022,0.889579373281795
2022,0.444789686640898
2022,0.222394843320449
2022,0.444789686640898
2022,1.11197421660224
2022,0.444789686640898
2022,0.222394843320449
2022,1.33436905992269
2022,55.1539211434713
2022,14.0108751291883
2022,67.6080323694164
2022,1.11197421660224
2022,2.44634327652494
2022,69.1647962726596
2022,12.898900912586
2022,1.11197421660224
2022,36.9175439911945
2022,7.56142467289526
2022,0.222394843320449
2022,0.667184529961346
2022,0.667184529961346
2022,0.222394843320449
2022,0.222394843320449
2022,13.3436905992269
2022,0.222394843320449
2022,0.667184529961346
2022,0.222394843320449
2022,1.33436905992269
2022,0.222394843320449
2022,0.444789686640898
2022,2.22394843320449
2022,0.444789686640898
2022,0.444789686640898
2022,0.889579373281795
2022,0.667184529961346
2022,0.222394843320449
2022,0.667184529961346
2022,1.77915874656359
2022,9.1181885761384
2022,3.33592264980673
2022,22.0170894887244
2022,2.89113296316583
2022,0.222394843320449
2022,0.889579373281795
2022,139.886356448562
2022,0.222394843320449
2022,39.5862821110399
2022,27.1321708850948
2022,8.2286092028566
2022,1.11197421660224
2022,35.8055697745923
2022,43.589389290808
2022,0.222394843320449
2022,3.33592264980673
2022,0.889579373281795
2022,0.222394843320449
2022,0.222394843320449
2022,0.222394843320449
2022,5.11508139637032
2022,0.222394843320449
2022,0.889579373281795
2022,70.0543756459414
2022,0.444789686640898
2022,1.33436905992269
2022,6.44945045629302
2022,51.5956036503441
2022,2.22394843320449
2022,2.22394843320449
2022,0.222394843320449
2022,0.889579373281795
2022,0.222394843320449
2022,7.33902982957481
2022,0.889579373281795
2022,1.11197421660224
2022,0.222394843320449
2022,0.222394843320449
2022,0.222394843320449
2022,0.444789686640898
2022,0.444789686640898
2022,10.2301627927406
2022,0.889579373281795
2022,1.55676390324314
2022,9.1181885761384
2022,0.222394843320449
2022,6.67184529961346
2022,0.222394843320449
2022,38.0295182077967
2022,2.66873811984539
2022,45.8133377240125
2022,0.444789686640898
2022,154.342021264391
2022,27.5769605717357
2022,0.444789686640898
2022,1.55676390324314
2022,0.889579373281795
2022,0.222394843320449
2022,0.222394843320449
2022,1.55676390324314
2022,12.6765060692656
2022,1.11197421660224
2022,0.444789686640898
2022,0.222394843320449
2022,17.346797778995
2022,1.33436905992269
2022,0.222394843320449
2022,11.7869266959838
2022,0.444789686640898
2022,0.889579373281795
2022,0.889579373281795
2022,0.222394843320449
2022,26.242591511813
2022,1.33436905992269
2022,0.667184529961346
2022,3.11352780648628
2022,0.889579373281795
2022,19.348351368879
2022,10.4525576360611
2022,0.222394843320449
2022,1.55676390324314
2022,1.77915874656359
2022,0.889579373281795
2022,4.67029170972943
2022,0.667184529961346
2022,1.11197421660224
2022,0.667184529961346
2022,0.222394843320449
2022,0.222394843320449
2022,1.33436905992269
2022,11.1197421660224
2022,2.00155358988404
2022,78.9501693787593
2022,0.444789686640898
2022,86.733988894975
2022,4.44789686640898
2022,0.222394843320449
2022,1.11197421660224
2022,0.222394843320449
2022,0.444789686640898
2022,4.89268655304987
2022,2.22394843320449
2022,0.222394843320449
2022,0.222394843320449
2022,0.222394843320449
2022,0.222394843320449
2022,3.11352780648628
2022,0.667184529961346
2022,2.66873811984539
2022,40.9206511709626
2022,33.8040161847082
2022,41.3654408576035
2022,1.55676390324314
2022,0.444789686640898
2022,0.889579373281795
2022,1.11197421660224
2022,1.33436905992269
2022,23.5738533919676
2022,2.00155358988404
2022,1.77915874656359
2022,2.89113296316583
2022,0.222394843320449
2022,6.89424014293391
2022,7.33902982957481
2022,18.9035616822381
2022,2.44634327652494
2022,9.34058341945885
2022,2.22394843320449
2022,0.222394843320449
2022,0.222394843320449
2022,0.444789686640898
2022,0.222394843320449
2022,0.222394843320449
2022,2.00155358988404
2022,0.667184529961346
2022,0.444789686640898
2022,0.222394843320449
2022,2.66873811984539
2022,0.222394843320449
2022,0.889579373281795
2022,0.889579373281795
2022,0.222394843320449
2022,0.222394843320449
2022,0.889579373281795
2022,0.889579373281795
2022,0.444789686640898
2022,16.4572184057132
2022,0.667184529961346
2022,1.55676390324314
2022,0.889579373281795
2022,5.33747623969077
2022,0.667184529961346
2022,0.222394843320449
2022,0.222394843320449
2022,23.796248235288
2022,0.667184529961346
2022,0.444789686640898
2022,1.11197421660224
2022,1.77915874656359
2022,0.889579373281795
2022,0.667184529961346
2022,0.222394843320449
2022,2.00155358988404
2022,0.667184529961346
2022,0.222394843320449
2022,6.22705561297257
2022,0.667184529961346
2022,0.222394843320449
2022,5.33747623969077
2022,0.222394843320449
2022,0.222394843320449
2022,1.55676390324314
2022,0.444789686640898
2022,0.889579373281795
2022,0.444789686640898
2022,2.22394843320449
2022,4.67029170972943
2022,0.889579373281795
2022,5.33747623969077
2022,0.667184529961346
2022,0.444789686640898
2022,3.11352780648628
2022,0.667184529961346
2022,0.444789686640898
2022,0.667184529961346
2022,32.4696471247855
2022,3.11352780648628
2022,10.0077679494202
2022,0.667184529961346
2022,0.222394843320449
2022,3.33592264980673
2022,10.2301627927406
2022,0.222394843320449
2022,0.889579373281795
2022,7.33902982957481
2022,0.444789686640898
2022,0.444789686640898
2022,1.11197421660224
2022,1.11197421660224
2022,1.77915874656359
2022,0.222394843320449
2022,110.530237130263
2022,0.444789686640898
2022,0.889579373281795
2022,2.00155358988404
2022,1.33436905992269
2022,0.667184529961346
2022,85.6220146783728
2022,2.22394843320449
2022,2.44634327652494
2022,0.222394843320449
2022,0.444789686640898
2022,1.11197421660224
2022,0.889579373281795
2022,20.6827204288017
2022,1.33436905992269
2022,0.667184529961346
2022,0.222394843320449
2022,0.222394843320449
2022,0.667184529961346
2022,1.11197421660224
2022,0.667184529961346
2022,3.55831749312718
2022,2.22394843320449
2022,0.889579373281795
2022,15.345244189111
2022,3.33592264980673
2022,0.667184529961346
2022,1.11197421660224
2022,42.6998099175262
2022,2.66873811984539
2022,5.55987108301122
2022,0.444789686640898
2022,0.444789686640898
2022,0.444789686640898
2022,43.8117841341284
2022,0.222394843320449
2022,0.444789686640898
2022,1.55676390324314
2022,0.222394843320449
2022,0.667184529961346
2022,0.444789686640898
2022,0.222394843320449
2022,0.222394843320449
2022,87.1787785816159
2022,1.55676390324314
2022,8.2286092028566
2022,0.222394843320449
2022,0.667184529961346
2022,4.22550202308853
2022,0.667184529961346
2022,1.33436905992269
2022,17.346797778995
2022,0.444789686640898
2022,2.22394843320449
2022,1.11197421660224
2022,2.22394843320449
2022,5.11508139637032
2022,0.444789686640898
2022,3.78071233644763
2022,1.11197421660224
2022,0.444789686640898
2022,24.9082224518903
2022,0.667184529961346
2022,0.222394843320449
2022,0.222394843320449
2022,0.444789686640898
2022,9.1181885761384
2022,54.9315263001509
2022,0.222394843320449
2022,0.222394843320449
2022,0.444789686640898
2022,1.11197421660224
2022,0.444789686640898
2022,0.667184529961346
2022,0.222394843320449
2022,1.11197421660224
2022,1.33436905992269
2022,1.11197421660224
2022,1.11197421660224
2022,1.55676390324314
2022,0.222394843320449
2022,14.9004545024701
2022,10.2301627927406
2022,35.1383852446309
2022,0.222394843320449
2022,1.77915874656359
2022,1.33436905992269
2022,0.222394843320449
2022,10.6749524793815
2022,42.6998099175262
2022,11.3421370093429
2022,0.444789686640898
2022,0.667184529961346
2022,1.77915874656359
2022,0.889579373281795
2022,8.2286092028566
2022,0.444789686640898
2022,0.222394843320449
2022,0.444789686640898
2022,0.444789686640898
2022,1.11197421660224
2022,4.22550202308853
2022,0.889579373281795
2022,4.89268655304987
2022,0.889579373281795
2022,0.889579373281795
2022,1.11197421660224
2022,0.889579373281795
2022,74.7246673556708
2022,0.222394843320449
2022,147.892570808098
2022,0.444789686640898
2022,0.222394843320449
2022,0.222394843320449
2022,1.33436905992269
2022,0.444789686640898
2022,2.66873811984539
2022,0.444789686640898
2022,0.222394843320449
2022,0.444789686640898
2022,1.33436905992269
2022,1.11197421660224
2022,0.889579373281795
2022,0.889579373281795
2022,1.33436905992269
2022,4.22550202308853
2022,56.0435005167531
2022,0.667184529961346
2022,9.1181885761384
2022,0.889579373281795
2022,4.89268655304987
2022,0.444789686640898
2022,4.44789686640898
2022,4.22550202308853
2022,0.444789686640898
2022,1.55676390324314
2022,8.6733988894975
2022,10.2301627927406
2022,1.33436905992269
2022,0.222394843320449
2022,6.67184529961346
2022,6.89424014293391
2022,0.222394843320449
2022,9.5629782627793
2022,0.667184529961346
2022,25.1306172952107
2022,4.67029170972943
2022,1.11197421660224
2022,0.222394843320449
2022,0.667184529961346
2022,0.222394843320449
2022,1.77915874656359
2022,2.00155358988404
2022,0.889579373281795
2022,0.889579373281795
2022,0.889579373281795
2022,0.444789686640898
2022,2.00155358988404
2022,4.89268655304987
2022,17.1244029356746
2022,0.889579373281795
2022,0.222394843320449
2022,0.444789686640898
2022,1.55676390324314
2022,0.444789686640898
2022,0.222394843320449
2022,0.889579373281795
2022,3.78071233644763
2022,3.55831749312718
2022,4.67029170972943
2022,5.33747623969077
2022,1.11197421660224
2022,1.33436905992269
2022,0.444789686640898
2022,9.34058341945885
2022,0.667184529961346
2022,1.55676390324314
2022,13.5660854425474
2022,1.33436905992269
2022,0.444789686640898
2022,8.6733988894975
2022,1.11197421660224
2022,0.667184529961346
2022,2.44634327652494
2022,15.7900338757519
2022,0.444789686640898
2022,12.4541112259451
2022,2.00155358988404
2022,0.444789686640898
2022,1.11197421660224
2022,20.6827204288017
2022,0.889579373281795
2022,2.44634327652494
2022,2.66873811984539
2022,0.667184529961346
2022,35.3607800879514
2022,1.77915874656359
2022,0.667184529961346
2022,4.44789686640898
2022,0.444789686640898
2022,1.77915874656359
2022,46.2581274106534
2022,16.2348235623928
2022,1.55676390324314
2022,17.7915874656359
2022,0.667184529961346
2022,0.222394843320449
2022,0.222394843320449
2022,0.222394843320449
2022,0.667184529961346
2022,0.889579373281795
2022,8.2286092028566
2022,0.222394843320449
2022,0.667184529961346
2022,1.55676390324314
2022,1.33436905992269
2022,0.222394843320449
2022,0.667184529961346
2022,3.78071233644763
2022,3.11352780648628
2022,2.22394843320449
2022,0.444789686640898
2022,0.889579373281795
2022,0.667184529961346
2022,0.444789686640898
2022,0.889579373281795
2022,9.1181885761384
2022,3.11352780648628
2022,2.22394843320449
2022,1.11197421660224
2022,0.444789686640898
2022,0.889579373281795
2022,1.11197421660224
2022,0.444789686640898
2022,1.33436905992269
2022,0.444789686640898
2022,1.55676390324314
2022,6.67184529961346
2022,0.222394843320449
2022,1.11197421660224
2022,0.444789686640898
2022,0.222394843320449
2022,0.222394843320449
2022,65.6064787795324
2022,0.667184529961346
2022,2.66873811984539
2022,1.33436905992269
2022,0.222394843320449
2022,41.8102305442444
2022,57.3778695766758
2022,0.222394843320449
2022,0.222394843320449
2022,7.11663498625436
2022,0.667184529961346
2022,0.889579373281795
2022,1.33436905992269
2022,0.444789686640898
2022,0.222394843320449
2022,0.222394843320449
2022,2.44634327652494
2022,0.222394843320449
2022,0.444789686640898
2022,0.222394843320449
2022,2.89113296316583
2022,1.77915874656359
2022,0.444789686640898
2022,0.222394843320449
2022,65.1616890928915
2022,0.444789686640898
2022,0.444789686640898
2022,0.444789686640898
2022,0.889579373281795
2022,0.444789686640898
2022,0.222394843320449
2022,11.3421370093429
2022,2.22394843320449
2022,17.1244029356746
2022,4.22550202308853
2022,0.222394843320449
2022,2.66873811984539
2022,0.222394843320449
2022,2.66873811984539
2022,3.33592264980673
2022,0.222394843320449
2022,0.444789686640898
2022,0.222394843320449
2022,0.444789686640898
2022,0.222394843320449
2022,18.4587719955972
2022,0.444789686640898
2022,0.222394843320449
2022,0.222394843320449
2022,0.222394843320449
2022,0.444789686640898
2022,1.11197421660224
2022,0.222394843320449
2022,2.00155358988404
2022,0.222394843320449
2022,7.33902982957481
2022,0.889579373281795
2022,1.77915874656359
2022,1.77915874656359
2022,0.444789686640898
2022,0.444789686640898
2022,1.55676390324314
2022,0.889579373281795
2022,1.77915874656359
2022,6.67184529961346
2022,9.1181885761384
2022,64.0497148762893
2022,1.33436905992269
2022,0.222394843320449
2022,0.444789686640898
2022,0.444789686640898
2022,0.222394843320449
2022,0.889579373281795
2022,0.667184529961346
2023,0.222394843320449
2023,0.222394843320449
2023,0.444789686640898
2023,0.222394843320449
2023,0.889579373281795
2023,0.222394843320449
2023,0.222394843320449
2023,0.667184529961346
2023,0.667184529961346
2023,0.222394843320449
2023,0.444789686640898
2023,0.444789686640898
2023,0.222394843320449
2023,0.667184529961346
2023,0.444789686640898
2023,0.222394843320449
2023,0.889579373281795
2023,0.444789686640898
2023,0.667184529961346
2023,0.222394843320449
2023,0.444789686640898
2023,0.444789686640898
2023,0.444789686640898
2023,0.222394843320449
2023,0.444789686640898
2023,0.222394843320449
2023,9.5629782627793
2023,0.222394843320449
2023,4.00310717976808
2023,0.889579373281795
2023,14.2332699725087
2023,16.6796132490337
2023,0.222394843320449
2023,0.222394843320449
2023,63.3825303463279
2023,1.33436905992269
2023,0.444789686640898
2023,1.33436905992269
2023,0.222394843320449
2023,0.222394843320449
2023,1.55676390324314
2023,5.55987108301122
2023,5.11508139637032
2023,2.89113296316583
2023,0.444789686640898
2023,4.22550202308853
2023,34.69359555799
2023,68.7200065860187
2023,0.444789686640898
2023,22.2394843320449
2023,1.11197421660224
2023,10.897347322702
2023,99.6328898075611
2023,1.55676390324314
2023,0.222394843320449
2023,0.444789686640898
2023,0.222394843320449
2023,1.33436905992269
2023,0.889579373281795
2023,7.11663498625436
2023,50.4836294337419
2023,1.33436905992269
2023,0.222394843320449
2023,2.89113296316583
2023,1.55676390324314
2023,0.222394843320449
2023,3.33592264980673
2023,0.222394843320449
2023,10.2301627927406
2023,6.00466076965212
2023,1.11197421660224
2023,0.222394843320449
2023,5.55987108301122
2023,0.222394843320449
2023,2.44634327652494
2023,35.3607800879514
2023,0.889579373281795
2023,1.55676390324314
2023,0.889579373281795
2023,0.444789686640898
2023,0.222394843320449
2023,0.444789686640898
2023,0.444789686640898
2023,0.222394843320449
2023,0.222394843320449
2023,2.00155358988404
2023,0.222394843320449
2023,0.222394843320449
2023,0.667184529961346
2023,0.667184529961346
2023,0.222394843320449
2023,47.592496470576
2023,0.444789686640898
2023,0.222394843320449
2023,11.3421370093429
2023,0.667184529961346
2023,0.222394843320449
2023,0.222394843320449
2023,0.667184529961346
2023,0.667184529961346
2023,1.77915874656359
2023,0.222394843320449
2023,0.444789686640898
2023,2.66873811984539
2023,5.33747623969077
2023,54.7091314568304
2023,0.667184529961346
2023,1.33436905992269
2023,4.44789686640898
2023,2.66873811984539
2023,2.89113296316583
2023,0.222394843320449
2023,8.6733988894975
2023,7.33902982957481
2023,0.222394843320449
2023,0.889579373281795
2023,0.222394843320449
2023,0.222394843320449
2023,0.222394843320449
2023,109.19586807034
2023,2.44634327652494
2023,3.33592264980673
2023,0.444789686640898
2023,12.4541112259451
2023,6.44945045629302
2023,23.5738533919676
2023,2.44634327652494
2023,1.11197421660224
2023,7.56142467289526
2023,3.33592264980673
2023,0.667184529961346
2023,6.44945045629302
2023,110.530237130263
2023,42.9222047608466
2023,1.55676390324314
2023,0.222394843320449
2023,1.33436905992269
2023,3.11352780648628
2023,3.33592264980673
2023,0.444789686640898
2023,56.488290203394
2023,36.6951491478741
2023,0.222394843320449
2023,32.2472522814651
2023,0.667184529961346
2023,0.667184529961346
2023,0.667184529961346
2023,1.77915874656359
2023,0.667184529961346
2023,26.242591511813
2023,0.222394843320449
2023,1.55676390324314
2023,0.889579373281795
2023,2.66873811984539
2023,0.889579373281795
2023,0.444789686640898
2023,0.444789686640898
2023,1.11197421660224
2023,0.444789686640898
2023,1.11197421660224
2023,58.0450541066371
2023,0.222394843320449
2023,0.444789686640898
2023,0.444789686640898
2023,1.11197421660224
2023,27.7993554150561
2023,0.444789686640898
2023,1.33436905992269
2023,0.444789686640898
2023,13.5660854425474
2023,6.44945045629302
2023,3.11352780648628
2023,0.667184529961346
2023,0.667184529961346
2023,14.6780596591496
2023,5.78226592633167
2023,1.77915874656359
2023,0.222394843320449
2023,4.89268655304987
2023,24.6858276085698
2023,1.77915874656359
2023,0.222394843320449
2023,1.33436905992269
2023,0.444789686640898
2023,3.78071233644763
2023,1.33436905992269
2023,0.222394843320449
2023,4.00310717976808
2023,8.00621435953616
2023,57.3778695766758
2023,1.11197421660224
2023,16.2348235623928
2023,0.222394843320449
2023,1.55676390324314
2023,0.222394843320449
2023,1.33436905992269
2023,0.444789686640898
2023,0.222394843320449
2023,0.667184529961346
2023,0.444789686640898
2023,2.89113296316583
2023,51.8179984936646
2023,0.444789686640898
2023,1.33436905992269
2023,0.444789686640898
2023,0.222394843320449
2023,0.444789686640898
2023,0.222394843320449
2023,0.222394843320449
2023,14.0108751291883
2023,0.444789686640898
2023,28.6889347883379
2023,101.634443397445
2023,100.744864024163
2023,0.444789686640898
2023,2.00155358988404
2023,1.11197421660224
2023,0.222394843320449
2023,93.4058341945885
2023,109.863052600302
2023,7.56142467289526
2023,25.3530121385312
2023,0.222394843320449
2023,0.667184529961346
2023,0.222394843320449
2023,2.00155358988404
2023,0.444789686640898
2023,25.3530121385312
2023,3.78071233644763
2023,0.222394843320449
2023,9.1181885761384
2023,82.5084868718865
2023,0.444789686640898
2023,34.9159904013105
2023,13.7884802858678
2023,0.222394843320449
2023,2.66873811984539
2023,0.222394843320449
2023,13.3436905992269
2023,55.8211056734326
2023,34.9159904013105
2023,1.55676390324314
2023,0.444789686640898
2023,0.222394843320449
2023,2.66873811984539
2023,1.77915874656359
2023,2.44634327652494
2023,6.22705561297257
2023,0.222394843320449
2023,5.78226592633167
2023,0.444789686640898
2023,0.444789686640898
2023,0.222394843320449
2023,2.66873811984539
2023,0.222394843320449
2023,0.222394843320449
2023,1.33436905992269
2023,4.00310717976808
2023,9.1181885761384
2023,7.56142467289526
2023,0.667184529961346
2023,0.222394843320449
2023,0.222394843320449
2023,0.889579373281795
2023,4.44789686640898
2023,1.55676390324314
2023,0.222394843320449
2023,0.222394843320449
2023,0.444789686640898
2023,0.667184529961346
2023,0.444789686640898
2023,0.222394843320449
2023,1.33436905992269
2023,0.222394843320449
2023,8.00621435953616
2023,2.66873811984539
2023,2.22394843320449
2023,18.2363771522768
2023,1.55676390324314
2023,4.89268655304987
2023,13.5660854425474
2023,13.7884802858678
2023,33.3592264980673
2023,37.5847285211558
2023,0.889579373281795
2023,0.889579373281795
2023,0.222394843320449
2023,2.44634327652494
2023,0.222394843320449
2023,0.444789686640898
2023,0.444789686640898
2023,35.5831749312718
2023,8.00621435953616
2023,0.889579373281795
2023,4.22550202308853
2023,49.5940500604601
2023,1.11197421660224
2023,143.66706878501
2023,13.7884802858678
2023,3.33592264980673
2023,20.0155358988404
2023,0.444789686640898
2023,1.11197421660224
2023,45.3685480373716
2023,8.6733988894975
2023,7.11663498625436
2023,4.00310717976808
2023,0.222394843320449
2023,13.3436905992269
2023,1.55676390324314
2023,0.667184529961346
2023,1.77915874656359
2023,0.444789686640898
2023,1.33436905992269
2023,4.00310717976808
2023,23.3514585486471
2023,0.444789686640898
2023,0.222394843320449
2023,0.889579373281795
2023,2.00155358988404
2023,0.889579373281795
2023,0.667184529961346
2023,0.667184529961346
2023,3.33592264980673
2023,0.667184529961346
2023,104.747971203931
2023,0.667184529961346
2023,0.889579373281795
2023,1.11197421660224
2023,0.222394843320449
2023,0.444789686640898
2023,0.222394843320449
2023,0.889579373281795
2023,0.222394843320449
2023,1.11197421660224
2023,0.444789686640898
2023,3.33592264980673
2023,1.11197421660224
2023,1.55676390324314
2023,6.22705561297257
2023,0.889579373281795
2023,0.444789686640898
2023,4.44789686640898
2023,0.889579373281795
2023,1.55676390324314
2023,0.444789686640898
2023,0.667184529961346
2023,2.66873811984539
2023,0.667184529961346
2023,5.78226592633167
2023,0.222394843320449
2023,1.55676390324314
2023,14.2332699725087
2023,0.444789686640898
2023,0.667184529961346
2023,43.8117841341284
2023,1.11197421660224
2023,0.222394843320449
2023,17.7915874656359
2023,6.44945045629302
2023,16.6796132490337
2023,1.11197421660224
2023,0.889579373281795
2023,5.55987108301122
2023,4.44789686640898
2023,0.667184529961346
2023,0.222394843320449
2023,0.444789686640898
2023,22.4618791753653
2023,9.78537310609975
2023,32.2472522814651
2023,0.222394843320449
2023,0.222394843320449
2023,10.4525576360611
2023,0.222394843320449
2023,0.444789686640898
2023,0.889579373281795
2023,1.55676390324314
2023,0.222394843320449
2023,0.222394843320449
2023,0.222394843320449
2023,5.78226592633167
2023,0.222394843320449
2023,4.00310717976808
2023,0.444789686640898
2023,2.89113296316583
2023,4.22550202308853
2023,0.222394843320449
2023,2.44634327652494
2023,0.222394843320449
2023,1.55676390324314
2023,0.444789686640898
2023,2.22394843320449
2023,42.2550202308853
2023,6.22705561297257
2023,0.889579373281795
2023,2.00155358988404
2023,5.11508139637032
2023,6.00466076965212
2023,10.2301627927406
2023,0.889579373281795
2023,1.55676390324314
2023,0.889579373281795
2023,14.4556648158292
2023,1.33436905992269
2023,2.22394843320449
2023,1.77915874656359
2023,2.66873811984539
2023,0.222394843320449
2023,12.898900912586
2023,6.67184529961346
2023,8.2286092028566
2023,1.55676390324314
2023,27.3545657284152
2023,3.11352780648628
2023,0.222394843320449
2023,0.444789686640898
2023,45.1461531940511
2023,2.89113296316583
2023,4.22550202308853
2023,36.6951491478741
2023,27.7993554150561
2023,16.2348235623928
2023,0.444789686640898
2023,1.33436905992269
2023,2.22394843320449
2023,1.77915874656359
2023,36.0279646179127
2023,1.11197421660224
2023,8.6733988894975
2023,6.00466076965212
2023,16.2348235623928
2023,6.67184529961346
2023,0.444789686640898
2023,28.9113296316583
2023,2.44634327652494
2023,3.78071233644763
2023,4.67029170972943
2023,1.77915874656359
2023,0.222394843320449
2023,0.444789686640898
2023,0.667184529961346
2023,1.33436905992269
2023,0.222394843320449
2023,3.33592264980673
2023,1.33436905992269
2023,4.89268655304987
2023,14.4556648158292
2023,7.56142467289526
2023,0.222394843320449
2023,0.222394843320449
2023,0.889579373281795
2023,0.222394843320449
2023,0.444789686640898
2023,0.444789686640898
2023,0.889579373281795
2023,1.33436905992269
2023,0.444789686640898
2023,1.55676390324314
2023,0.444789686640898
2023,0.889579373281795
2023,14.2332699725087
2023,0.222394843320449
2023,39.141492424399
2023,23.3514585486471
2023,6.89424014293391
2023,0.667184529961346
2023,102.746417614047
2023,6.89424014293391
2023,0.222394843320449
2023,0.222394843320449
2023,20.0155358988404
2023,7.56142467289526
2023,0.444789686640898
2023,3.78071233644763
2023,14.4556648158292
2023,0.222394843320449
2024,0.222394843320449
2024,1.77915874656359
2024,0.667184529961346
2024,0.222394843320449
2024,0.667184529961346
2024,1.11197421660224
2024,8.2286092028566
2024,0.444789686640898
2024,0.444789686640898
2024,19.1259565255586
2024,0.889579373281795
2024,20.9051152721222
2024,1.55676390324314
2024,0.667184529961346
2024,9.5629782627793
2024,0.667184529961346
2024,2.00155358988404
2024,0.444789686640898
2024,0.444789686640898
2024,3.55831749312718
2024,3.55831749312718
2024,0.444789686640898
2024,65.384083936212
2024,0.667184529961346
2024,0.222394843320449
2024,20.9051152721222
2024,2.22394843320449
2024,0.222394843320449
2024,0.889579373281795
2024,0.444789686640898
2024,1.77915874656359
2024,8.2286092028566
2024,29.8009090049401
2024,0.444789686640898
2024,38.6967027377581
2024,0.667184529961346
2024,7.78381951621571
2024,0.444789686640898
2024,0.444789686640898
2024,9.1181885761384
2024,26.0201966684925
2024,2.44634327652494
2024,0.222394843320449
2024,6.44945045629302
2024,21.3499049587631
2024,1.55676390324314
2024,3.55831749312718
2024,1.33436905992269
2024,0.444789686640898
2024,0.222394843320449
2024,0.667184529961346
2024,0.889579373281795
2024,0.222394843320449
2024,0.444789686640898
2024,0.222394843320449
2024,79.6173539087207
2024,0.889579373281795
2024,36.4727543045536
2024,6.00466076965212
2024,4.67029170972943
2024,4.22550202308853
2024,2.44634327652494
2024,0.889579373281795
2024,0.444789686640898
2024,0.444789686640898
2024,0.889579373281795
2024,0.444789686640898
2024,0.444789686640898
2024,0.444789686640898
2024,0.222394843320449
2024,0.444789686640898
2024,1.11197421660224
2024,0.222394843320449
2024,1.55676390324314
2024,8.45100404617705
2024,12.0093215393042
2024,3.55831749312718
2024,2.22394843320449
2024,5.78226592633167
2024,4.44789686640898
2024,0.667184529961346
2024,1.33436905992269
2024,0.222394843320449
2024,0.889579373281795
2024,1.55676390324314
2024,4.67029170972943
2024,0.444789686640898
2024,0.667184529961346
2024,1.11197421660224
2024,1.11197421660224
2024,1.11197421660224
2024,0.667184529961346
2024,0.222394843320449
2024,6.67184529961346
2024,1.11197421660224
2024,19.348351368879
2024,10.897347322702
2024,8.89579373281795
2024,27.3545657284152
2024,1.11197421660224
2024,86.5115940516546
2024,17.1244029356746
2024,7.33902982957481
2024,3.55831749312718
2024,0.222394843320449
2024,0.444789686640898
2024,0.222394843320449
2024,0.444789686640898
2024,0.222394843320449
2024,5.33747623969077
2024,0.222394843320449
2024,0.444789686640898
2024,0.444789686640898
2024,0.444789686640898
2024,1.11197421660224
2024,3.78071233644763
2024,11.3421370093429
2024,1.11197421660224
2024,2.89113296316583
2024,1.11197421660224
2024,0.222394843320449
2024,30.9128832215424
2024,6.00466076965212
2024,0.444789686640898
2024,34.9159904013105
2024,3.33592264980673
2024,0.444789686640898
2024,2.00155358988404
2024,8.45100404617705
2024,2.22394843320449
2024,1.33436905992269
2024,0.889579373281795
2024,0.889579373281795
2024,0.667184529961346
2024,2.44634327652494
2024,2.22394843320449
2024,0.667184529961346
2024,0.667184529961346
2024,2.44634327652494
2024,5.55987108301122
2024,0.222394843320449
2024,3.11352780648628
2024,0.444789686640898
2024,0.889579373281795
2024,11.3421370093429
2024,0.667184529961346
2024,1.11197421660224
2024,0.889579373281795
2024,0.889579373281795
2024,1.11197421660224
2024,1.11197421660224
2024,0.889579373281795
2024,0.222394843320449
2024,3.33592264980673
2024,1.55676390324314
2024,0.222394843320449
2024,0.222394843320449
2024,0.222394843320449
2024,0.444789686640898
2024,0.222394843320449
2024,0.222394843320449
2024,0.444789686640898
2024,4.22550202308853
2024,0.889579373281795
2024,0.889579373281795
2024,1.33436905992269
2024,1.55676390324314
2024,0.444789686640898
2024,1.11197421660224
2024,0.444789686640898
2024,0.222394843320449
2024,2.00155358988404
2024,5.55987108301122
2024,1.11197421660224
2024,5.55987108301122
2024,11.5645318526633
2024,0.444789686640898
2024,0.444789686640898
2024,3.55831749312718
2024,0.667184529961346
2024,0.222394843320449
2024,0.222394843320449
2024,1.33436905992269
2024,0.667184529961346
2024,29.1337244749788
2024,0.889579373281795
2024,5.78226592633167
2024,2.00155358988404
2024,0.667184529961346
2024,0.222394843320449
2024,0.222394843320449
2024,0.667184529961346
2024,1.33436905992269
2024,21.794694645404
2024,0.444789686640898
2024,0.222394843320449
2024,1.33436905992269
2024,1.11197421660224
2024,0.222394843320449
2024,10.4525576360611
2024,2.00155358988404
2024,3.55831749312718
2024,0.444789686640898
2024,0.222394843320449
2024,1.77915874656359
2024,0.444789686640898
2024,0.222394843320449
2024,0.222394843320449
2024,0.444789686640898
2024,1.11197421660224
2024,3.33592264980673
2024,25.1306172952107
2024,0.667184529961346
2024,0.889579373281795
2024,5.55987108301122
2024,0.889579373281795
2024,0.222394843320449
2024,0.667184529961346
2024,12.6765060692656
2024,1.77915874656359
2024,2.00155358988404
2024,4.22550202308853
2024,2.44634327652494
2024,32.9144368114264
2024,12.0093215393042
2024,1.33436905992269
2024,0.222394843320449
2024,1.11197421660224
2024,1.11197421660224
2024,0.222394843320449
2024,2.66873811984539
2024,0.222394843320449
2024,2.89113296316583
2024,3.33592264980673
2024,0.444789686640898
2024,0.222394843320449
2024,0.444789686640898
2024,0.889579373281795
2024,11.1197421660224
2024,0.889579373281795
2024,0.444789686640898
2024,1.55676390324314
2024,0.222394843320449
2024,9.5629782627793
2024,13.3436905992269
2024,20.4603255854813
2024,1.55676390324314
2024,0.222394843320449
2024,2.66873811984539
2024,3.11352780648628
2024,2.44634327652494
2024,6.89424014293391
2024,0.889579373281795
2024,3.78071233644763
2024,2.00155358988404
2024,0.889579373281795
2024,0.222394843320449
2024,0.667184529961346
2024,9.1181885761384
2024,0.222394843320449
2024,0.222394843320449
2024,0.222394843320449
2024,0.444789686640898
2024,37.8071233644763
2024,4.89268655304987
2024,0.444789686640898
2024,4.00310717976808
2024,38.6967027377581
2024,7.33902982957481
2024,3.78071233644763
2024,6.44945045629302
2024,2.89113296316583
2024,0.444789686640898
2024,1.55676390324314
2024,0.222394843320449
2024,0.222394843320449
2024,7.33902982957481
2024,3.55831749312718
2024,0.667184529961346
2024,1.11197421660224
2024,0.889579373281795
2024,6.00466076965212
2024,27.1321708850948
2024,4.22550202308853
2024,8.00621435953616
2024,0.222394843320449
2024,0.222394843320449
2024,0.222394843320449
2024,31.5800677515037
2024,20.2379307421608
2024,1.77915874656359
2024,0.444789686640898
2024,2.00155358988404
2024,0.667184529961346
2024,2.66873811984539
2024,6.22705561297257
2024,26.242591511813
2024,0.444789686640898
2024,0.222394843320449
2024,3.78071233644763
2024,2.22394843320449
2024,1.11197421660224
2024,22.0170894887244
2024,28.9113296316583
2024,0.444789686640898
2024,5.78226592633167
2024,3.78071233644763
2024,18.4587719955972
2024,3.55831749312718
2024,1.11197421660224
2024,0.667184529961346
2024,0.444789686640898
2024,0.667184529961346
2024,2.22394843320449
2024,10.0077679494202
2024,10.6749524793815
2024,6.22705561297257
2024,5.55987108301122
2024,1.33436905992269
2024,0.444789686640898
2024,0.222394843320449
