"parid","county","acres_2020","acres_2026","institutional_firm","name_2020","name_2026","owner_type_2020","owner_type_2026","mean_tcc_2020","mean_tcc_2025","delta_pp","major_disturbance","name_same_loose","rebrand_same_family","left_cfp","songbird_name","songbird_share","songbird_overlap","heartlands_share","heartlands_overlap","exit_bucket","sold_true_transfer","sold_any_name_change","cohort_primary","cohort_sensitivity"
"23176","Houghton",320,320,"Lyme","LYME GREAT LAKES TIMBERLANDS LLC*","Lyme Great Lakes Timberlands LLC","Private Individual(s)","Private Individual(s)",82.6858974358974,82.4394586894587,-0.246438746438741,FALSE,TRUE,FALSE,FALSE,FALSE,0,FALSE,0,FALSE,"kept_same_name",FALSE,FALSE,"keeper","keeper"
"23179","Houghton",280,280,"Lyme","LYME GREAT LAKES TIMBERLANDS LLC*","Lyme Great Lakes Timberlands LLC","Private Individual(s)","Private Individual(s)",80.9944620253165,81.815664556962,0.821202531645568,FALSE,TRUE,FALSE,FALSE,FALSE,0,FALSE,0,FALSE,"kept_same_name",FALSE,FALSE,"keeper","keeper"
"23177","Houghton",80,80,"Lyme","LYME GREAT LAKES TIMBERLANDS LLC*","Lyme Great Lakes Timberlands LLC","Private Individual(s)","Private Individual(s)",82.741847826087,82.9048913043478,0.163043478260875,FALSE,TRUE,FALSE,FALSE,FALSE,0,FALSE,0,FALSE,"kept_same_name",FALSE,FALSE,"keeper","keeper"
"26757","Houghton",43.17,43.17,"Lyme","LYME GREAT LAKES TIMBERLANDS LLC*","Lyme Great Lakes Timberlands LLC","Private Individual(s)","Private Individual(s)",83.5053191489362,83.8031914893617,0.297872340425542,FALSE,TRUE,FALSE,FALSE,FALSE,0,FALSE,0,FALSE,"kept_same_name",FALSE,FALSE,"keeper","keeper"
"26756","Houghton",43.15,43.15,"Lyme","LYME GREAT LAKES TIMBERLANDS LLC*","Lyme Great Lakes Timberlands LLC","Private Individual(s)","Private Individual(s)",80.4864864864865,81.3675675675676,0.881081081081078,FALSE,TRUE,FALSE,FALSE,FALSE,0,FALSE,0,FALSE,"kept_same_name",FALSE,FALSE,"keeper","keeper"
"26761","Houghton",40,40,"Lyme","LYME GREAT LAKES TIMBERLANDS LLC*","Lyme Great Lakes Timberlands LLC","Private Individual(s)","Private Individual(s)",79.489010989011,56.8791208791209,-22.6098901098901,TRUE,TRUE,FALSE,FALSE,FALSE,0,FALSE,0,FALSE,"kept_same_name",FALSE,FALSE,"keeper","keeper"
"26760","Houghton",40,40,"Lyme","LYME GREAT LAKES TIMBERLANDS LLC*","Lyme Great Lakes Timberlands LLC","Private Individual(s)","Private Individual(s)",84.2111111111111,68.5444444444445,-15.6666666666667,FALSE,TRUE,FALSE,FALSE,FALSE,0,FALSE,0,FALSE,"kept_same_name",FALSE,FALSE,"keeper","keeper"
"23181","Houghton",40,40,"Lyme","LYME GREAT LAKES TIMBERLANDS LLC*","Lyme Great Lakes Timberlands LLC","Private Individual(s)","Private Individual(s)",69.4891304347826,80.0978260869565,10.6086956521739,FALSE,TRUE,FALSE,FALSE,FALSE,0,FALSE,0,FALSE,"kept_same_name",FALSE,FALSE,"keeper","keeper"
"26762","Houghton",40,40,"Lyme","LYME GREAT LAKES TIMBERLANDS LLC*","Lyme Great Lakes Timberlands LLC","Private Individual(s)","Private Individual(s)",81.1420765027322,73.5081967213115,-7.63387978142076,FALSE,TRUE,FALSE,FALSE,FALSE,0,FALSE,0,FALSE,"kept_same_name",FALSE,FALSE,"keeper","keeper"
"26759","Houghton",40,40,"Lyme","LYME GREAT LAKES TIMBERLANDS LLC*","Lyme Great Lakes Timberlands LLC","Private Individual(s)","Private Individual(s)",82.4153005464481,75.8032786885246,-6.61202185792351,FALSE,TRUE,FALSE,FALSE,FALSE,0,FALSE,0,FALSE,"kept_same_name",FALSE,FALSE,"keeper","keeper"
"26773","Houghton",40,40,"Lyme","LYME GREAT LAKES TIMBERLANDS LLC*","Lyme Great Lakes Timberlands LLC","Private Individual(s)","Private Individual(s)",76.6868131868132,82.6703296703297,5.98351648351648,FALSE,TRUE,FALSE,FALSE,FALSE,0,FALSE,0,FALSE,"kept_same_name",FALSE,FALSE,"keeper","keeper"
"26763","Houghton",40,40,"Lyme","LYME GREAT LAKES TIMBERLANDS LLC*","Lyme Great Lakes Timberlands LLC","Private Individual(s)","Private Individual(s)",77.6129032258064,83.3010752688172,5.68817204301075,FALSE,TRUE,FALSE,FALSE,FALSE,0,FALSE,0,FALSE,"kept_same_name",FALSE,FALSE,"keeper","keeper"
"26771","Houghton",40,40,"Lyme","LYME GREAT LAKES TIMBERLANDS LLC*","Lyme Great Lakes Timberlands LLC","Private Individual(s)","Private Individual(s)",81.8461538461538,77.456043956044,-4.39010989010988,FALSE,TRUE,FALSE,FALSE,FALSE,0,FALSE,0,FALSE,"kept_same_name",FALSE,FALSE,"keeper","keeper"
"23182","Houghton",40,40,"Lyme","LYME GREAT LAKES TIMBERLANDS LLC*","Lyme Great Lakes Timberlands LLC","Private Individual(s)","Private Individual(s)",82.7540106951872,80.2192513368984,-2.53475935828877,FALSE,TRUE,FALSE,FALSE,FALSE,0,FALSE,0,FALSE,"kept_same_name",FALSE,FALSE,"keeper","keeper"
"26769","Houghton",40,40,"Lyme","LYME GREAT LAKES TIMBERLANDS LLC*","Lyme Great Lakes Timberlands LLC","Private Individual(s)","Private Individual(s)",83.0489130434783,80.7445652173913,-2.30434782608697,FALSE,TRUE,FALSE,FALSE,FALSE,0,FALSE,0,FALSE,"kept_same_name",FALSE,FALSE,"keeper","keeper"
"26766","Houghton",40,40,"Lyme","LYME GREAT LAKES TIMBERLANDS LLC*","Lyme Great Lakes Timberlands LLC","Private Individual(s)","Private Individual(s)",83.1459459459459,80.8756756756757,-2.27027027027026,FALSE,TRUE,FALSE,FALSE,FALSE,0,FALSE,0,FALSE,"kept_same_name",FALSE,FALSE,"keeper","keeper"
"26764","Houghton",40,40,"Lyme","LYME GREAT LAKES TIMBERLANDS LLC*","Lyme Great Lakes Timberlands LLC","Private Individual(s)","Private Individual(s)",81.096256684492,82.9358288770053,1.83957219251337,FALSE,TRUE,FALSE,FALSE,FALSE,0,FALSE,0,FALSE,"kept_same_name",FALSE,FALSE,"keeper","keeper"
"26755","Houghton",40,40,"Lyme","LYME GREAT LAKES TIMBERLANDS LLC*","Lyme Great Lakes Timberlands LLC","Private Individual(s)","Private Individual(s)",83.1833333333333,84.2277777777778,1.04444444444444,FALSE,TRUE,FALSE,FALSE,FALSE,0,FALSE,0,FALSE,"kept_same_name",FALSE,FALSE,"keeper","keeper"
"26754","Houghton",40,40,"Lyme","LYME GREAT LAKES TIMBERLANDS LLC*","Lyme Great Lakes Timberlands LLC","Private Individual(s)","Private Individual(s)",83.1428571428571,84.1153846153846,0.972527472527474,FALSE,TRUE,FALSE,FALSE,FALSE,0,FALSE,0,FALSE,"kept_same_name",FALSE,FALSE,"keeper","keeper"
"26770","Houghton",40,40,"Lyme","LYME GREAT LAKES TIMBERLANDS LLC*","Lyme Great Lakes Timberlands LLC","Private Individual(s)","Private Individual(s)",81.4371584699454,80.4808743169399,-0.95628415300547,FALSE,TRUE,FALSE,FALSE,FALSE,0,FALSE,0,FALSE,"kept_same_name",FALSE,FALSE,"keeper","keeper"
"22076","Houghton",40,40,"Lyme","LYME GREAT LAKES TIMBERLANDS LLC*","Lyme Great Lakes Timberlands LLC","Private Individual(s)","Private Individual(s)",81.5824175824176,82.4725274725275,0.890109890109898,FALSE,TRUE,FALSE,FALSE,FALSE,0,FALSE,0,FALSE,"kept_same_name",FALSE,FALSE,"keeper","keeper"
"26765","Houghton",40,40,"Lyme","LYME GREAT LAKES TIMBERLANDS LLC*","Lyme Great Lakes Timberlands LLC","Private Individual(s)","Private Individual(s)",82.0860215053764,82.8279569892473,0.741935483870961,FALSE,TRUE,FALSE,FALSE,FALSE,0,FALSE,0,FALSE,"kept_same_name",FALSE,FALSE,"keeper","keeper"
"26768","Houghton",40,40,"Lyme","LYME GREAT LAKES TIMBERLANDS LLC*","Lyme Great Lakes Timberlands LLC","Private Individual(s)","Private Individual(s)",82.5945945945946,82.3081081081081,-0.286486486486481,FALSE,TRUE,FALSE,FALSE,FALSE,0,FALSE,0,FALSE,"kept_same_name",FALSE,FALSE,"keeper","keeper"
"26758","Houghton",40,40,"Lyme","LYME GREAT LAKES TIMBERLANDS LLC*","Lyme Great Lakes Timberlands LLC","Private Individual(s)","Private Individual(s)",82.3571428571429,82.0934065934066,-0.263736263736263,FALSE,TRUE,FALSE,FALSE,FALSE,0,FALSE,0,FALSE,"kept_same_name",FALSE,FALSE,"keeper","keeper"
"26767","Houghton",40,40,"Lyme","LYME GREAT LAKES TIMBERLANDS LLC*","Lyme Great Lakes Timberlands LLC","Private Individual(s)","Private Individual(s)",83.1945945945946,83.0324324324324,-0.162162162162161,FALSE,TRUE,FALSE,FALSE,FALSE,0,FALSE,0,FALSE,"kept_same_name",FALSE,FALSE,"keeper","keeper"
"23178","Houghton",40,40,"Lyme","LYME GREAT LAKES TIMBERLANDS LLC*","Lyme Great Lakes Timberlands LLC","Private Individual(s)","Private Individual(s)",83.5628415300546,83.6393442622951,0.0765027322404421,FALSE,TRUE,FALSE,FALSE,FALSE,0,FALSE,0,FALSE,"kept_same_name",FALSE,FALSE,"keeper","keeper"
"26753","Houghton",40,40,"Lyme","LYME GREAT LAKES TIMBERLANDS LLC*","Lyme Great Lakes Timberlands LLC","Private Individual(s)","Private Individual(s)",83.021978021978,82.989010989011,-0.0329670329670364,FALSE,TRUE,FALSE,FALSE,FALSE,0,FALSE,0,FALSE,"kept_same_name",FALSE,FALSE,"keeper","keeper"
"26772","Houghton",40,40,"Lyme","LYME GREAT LAKES TIMBERLANDS LLC*","Lyme Great Lakes Timberlands LLC","Private Individual(s)","Private Individual(s)",83.0109289617486,83.0054644808743,-0.00546448087430917,FALSE,TRUE,FALSE,FALSE,FALSE,0,FALSE,0,FALSE,"kept_same_name",FALSE,FALSE,"keeper","keeper"
"16997","Houghton",640,640,"MWF","MWF V VULCAN*","MWF V Vulcan, LLC","Other Business","Forest Industry",83.675270317405,81.5008719916289,-2.17439832577607,FALSE,TRUE,FALSE,FALSE,FALSE,0,FALSE,0,FALSE,"kept_same_name",FALSE,FALSE,"keeper","keeper"
"16996","Houghton",600,600,"MWF","MWF V VULCAN*","MWF V Vulcan, LLC","Other Business","Forest Industry",80.4353817504656,48.5567970204842,-31.8785847299814,TRUE,TRUE,FALSE,FALSE,FALSE,0,FALSE,0,FALSE,"kept_same_name",FALSE,FALSE,"keeper","keeper"
"16994","Houghton",560.72,560.72,"MWF","MWF V VULCAN*","MWF V Vulcan, LLC","Other Business","Forest Industry",81.3940828402367,63.1818540433925,-18.2122287968442,FALSE,TRUE,FALSE,FALSE,FALSE,0,FALSE,0,FALSE,"kept_same_name",FALSE,FALSE,"keeper","keeper"
"20309","Houghton",480,480,"MWF","MWF V VULCAN*","MWF V Vulcan, LLC","Other Business","Forest Industry",78.9833024118738,41.9397031539889,-37.043599257885,TRUE,TRUE,FALSE,FALSE,FALSE,0,FALSE,0,FALSE,"kept_same_name",FALSE,FALSE,"keeper","keeper"
"22766","Houghton",320,320,"MWF","MWF V VULCAN*","MWF V Vulcan, LLC","Other Business","Forest Industry",80.9441036128153,62.3415132924335,-18.6025903203817,FALSE,TRUE,FALSE,FALSE,FALSE,0,FALSE,0,FALSE,"kept_same_name",FALSE,FALSE,"keeper","keeper"
"10180","Houghton",280,280,"MWF","MWF NED LAKE, LLC","Longyear Realty Corporation","Forest Industry","Forest Industry",83.8605577689243,81.5888446215139,-2.27171314741037,FALSE,FALSE,FALSE,FALSE,FALSE,0,FALSE,0,FALSE,"other_sale",TRUE,TRUE,"seller","seller"
"10176","Houghton",204.43,204.43,"MWF","MWF NED LAKE, LLC","MWF Ned Lake, LLC","Forest Industry","Forest Industry",76.7918948521358,81.3669222343921,4.57502738225631,FALSE,TRUE,FALSE,FALSE,FALSE,0,FALSE,0,FALSE,"kept_same_name",FALSE,FALSE,"keeper","keeper"
"10172","Houghton",160.91,NA,"MWF","MWF NED LAKE, LLC","non-CFP in 2026","Forest Industry","non-CFP in 2026",79.3218997361478,79.8007915567282,0.478891820580472,FALSE,FALSE,FALSE,TRUE,FALSE,0,FALSE,0,FALSE,"left_cfp",TRUE,TRUE,"seller","seller"
"22764","Houghton",160.46,160.46,"MWF","MWF V VULCAN*","MWF V Vulcan, LLC","Other Business","Forest Industry",75.6289893617021,69.0518617021277,-6.57712765957447,FALSE,TRUE,FALSE,FALSE,FALSE,0,FALSE,0,FALSE,"kept_same_name",FALSE,FALSE,"keeper","keeper"
"22763","Houghton",160.38,160.38,"MWF","MWF V VULCAN*","MWF V Vulcan, LLC","Other Business","Forest Industry",77.9827127659574,66.1954787234042,-11.7872340425532,FALSE,TRUE,FALSE,FALSE,FALSE,0,FALSE,0,FALSE,"kept_same_name",FALSE,FALSE,"keeper","keeper"
"20310","Houghton",160,160,"MWF","MWF V VULCAN*","MWF V Vulcan, LLC","Other Business","Forest Industry",79.978465679677,64.9905787348587,-14.9878869448183,FALSE,TRUE,FALSE,FALSE,FALSE,0,FALSE,0,FALSE,"kept_same_name",FALSE,FALSE,"keeper","keeper"
"16995","Houghton",160,160,"MWF","MWF V VULCAN*","MWF V Vulcan, LLC","Other Business","Forest Industry",79.1268965517241,70.5668965517241,-8.56,FALSE,TRUE,FALSE,FALSE,FALSE,0,FALSE,0,FALSE,"kept_same_name",FALSE,FALSE,"keeper","keeper"
"22765","Houghton",160,160,"MWF","MWF V VULCAN*","MWF V Vulcan, LLC","Other Business","Forest Industry",81.0013774104683,73.7520661157025,-7.24931129476585,FALSE,TRUE,FALSE,FALSE,FALSE,0,FALSE,0,FALSE,"kept_same_name",FALSE,FALSE,"keeper","keeper"
"22868","Houghton",160,160,"MWF","MWF V VULCAN*","MWF V Vulcan, LLC","Other Business","Forest Industry",79.7750677506775,74.1260162601626,-5.64905149051491,FALSE,TRUE,FALSE,FALSE,FALSE,0,FALSE,0,FALSE,"kept_same_name",FALSE,FALSE,"keeper","keeper"
"22767","Houghton",160,160,"MWF","MWF V VULCAN*","MWF V Vulcan, LLC","Other Business","Forest Industry",78.5070621468927,78.0621468926554,-0.444915254237287,FALSE,TRUE,FALSE,FALSE,FALSE,0,FALSE,0,FALSE,"kept_same_name",FALSE,FALSE,"keeper","keeper"
"10348","Houghton",160,160,"MWF","MWF NED LAKE, LLC","MWF Ned Lake, LLC","Forest Industry","Forest Industry",83.586301369863,83.2383561643836,-0.347945205479448,FALSE,TRUE,FALSE,FALSE,FALSE,0,FALSE,0,FALSE,"kept_same_name",FALSE,FALSE,"keeper","keeper"
"904","Houghton",160,160,"MWF","MWF NED LAKE, LLC","MWF Ned Lake, LLC","Forest Industry","Forest Industry",74.1893408134642,74.2847124824684,0.0953716690042086,FALSE,TRUE,FALSE,FALSE,FALSE,0,FALSE,0,FALSE,"kept_same_name",FALSE,FALSE,"keeper","keeper"
"10185","Houghton",120,120,"MWF","MWF NED LAKE, LLC","Longyear Realty Corporation","Forest Industry","Forest Industry",77.7783882783883,54.1208791208791,-23.6575091575092,TRUE,FALSE,FALSE,FALSE,FALSE,0,FALSE,0,FALSE,"other_sale",TRUE,TRUE,"seller","seller"
"15715","Houghton",80.22,NA,"MWF","MWF NED LAKE, LLC","non-CFP in 2026","Forest Industry","non-CFP in 2026",78.9638242894057,79.046511627907,0.0826873385013016,FALSE,FALSE,FALSE,TRUE,FALSE,0,FALSE,0,FALSE,"left_cfp",TRUE,TRUE,"seller","seller"
"31442","Houghton",80,80,"MWF","MWF V VULCAN*","MWF V Vulcan, LLC","Other Business","Forest Industry",79.3241758241758,51.6043956043956,-27.7197802197802,TRUE,TRUE,FALSE,FALSE,FALSE,0,FALSE,0,FALSE,"kept_same_name",FALSE,FALSE,"keeper","keeper"
"10181","Houghton",80,80,"MWF","MWF NED LAKE, LLC","Longyear Realty Corporation","Forest Industry","Forest Industry",80.925,69.2916666666667,-11.6333333333333,FALSE,FALSE,FALSE,FALSE,FALSE,0,FALSE,0,FALSE,"other_sale",TRUE,TRUE,"seller","seller"
"33719","Houghton",80,80,"MWF","MWF NED LAKE, LLC","Longyear Realty Corporation","Forest Industry","Forest Industry",83.3816155988858,82.4596100278551,-0.922005571030638,FALSE,FALSE,FALSE,FALSE,FALSE,0,FALSE,0,FALSE,"other_sale",TRUE,TRUE,"seller","seller"
"905","Houghton",80,80,"MWF","MWF NED LAKE, LLC","MWF Ned Lake, LLC","Forest Industry","Forest Industry",79.3856749311295,79.801652892562,0.415977961432517,FALSE,TRUE,FALSE,FALSE,FALSE,0,FALSE,0,FALSE,"kept_same_name",FALSE,FALSE,"keeper","keeper"
"903","Houghton",80,80,"MWF","MWF NED LAKE, LLC","MWF Ned Lake, LLC","Forest Industry","Forest Industry",82.6350974930362,82.9108635097493,0.275766016713092,FALSE,TRUE,FALSE,FALSE,FALSE,0,FALSE,0,FALSE,"kept_same_name",FALSE,FALSE,"keeper","keeper"
"10157","Houghton",52.53,52.53,"MWF","MWF NED LAKE, LLC","MWF Ned Lake, LLC","Forest Industry","Forest Industry",74.4739336492891,73.0805687203791,-1.39336492890995,FALSE,TRUE,FALSE,FALSE,FALSE,0,FALSE,0,FALSE,"kept_same_name",FALSE,FALSE,"keeper","keeper"
"33438","Houghton",40,40,"MWF","MWF V VULCAN*","MWF V Vulcan, LLC","Other Business","Forest Industry",79.4189944134078,68.3016759776536,-11.1173184357542,FALSE,TRUE,FALSE,FALSE,FALSE,0,FALSE,0,FALSE,"kept_same_name",FALSE,FALSE,"keeper","keeper"
"10243","Houghton",644.98,644.98,"TRG","TRG THRESHOLD TIMBER MICHIGAN II LLC*","Verdant Timber Michigan, LLC","Forest Industry","Forest Industry",80.512757777001,80.9370849353373,0.424327158336254,FALSE,FALSE,TRUE,FALSE,FALSE,0,FALSE,0,FALSE,"rebrand_same_family",FALSE,TRUE,"keeper","seller"
"4903","Houghton",643.82,643.82,"TRG","TRG THRESHOLD TIMBER MICHIGAN II LLC*","Verdant Timber Michigan, LLC","Forest Industry","Forest Industry",74.7852675469076,55.9030576789437,-18.8822098679639,FALSE,FALSE,TRUE,FALSE,FALSE,0,FALSE,0,FALSE,"rebrand_same_family",FALSE,TRUE,"keeper","seller"
"19049","Keweenaw",643.66,643.66,"TRG","TRG THRESHOLD TIMBER MICHIGAN III LLC*","Verdant Timber Cub, LLC","Forest Industry","Forest Industry",64.5048848569435,58.2588974180042,-6.24598743893929,FALSE,FALSE,TRUE,FALSE,FALSE,0.999963972943153,TRUE,0,FALSE,"songbird",TRUE,TRUE,"seller","seller"
"11974","Keweenaw",643.2,643.2,"TRG","TRG THRESHOLD TIMBER MICHIGAN III LLC*","Verdant Timber Michigan, LLC","Forest Industry","Forest Industry",77.5055058499656,80.4693737095664,2.96386785960082,FALSE,FALSE,TRUE,FALSE,FALSE,0,FALSE,0,FALSE,"rebrand_same_family",FALSE,TRUE,"keeper","seller"
"10295","Houghton",642.56,642.56,"TRG","TRG THRESHOLD TIMBER MICHIGAN II LLC*","Martin J Vanderploeg 2001 Revocable Living Trust, dated May 2, 2001","Forest Industry","Trust",76.9626612355737,75.9158180583842,-1.04684317718942,FALSE,FALSE,FALSE,FALSE,FALSE,0,FALSE,0,FALSE,"other_sale",TRUE,TRUE,"seller","seller"
"23068","Houghton",640.62,640.62,"TRG","TRG THRESHOLD TIMBER MICHIGAN II LLC*","Verdant Timber Michigan, LLC","Forest Industry","Forest Industry",82.7569735006974,77.0271966527197,-5.72977684797769,FALSE,FALSE,TRUE,FALSE,FALSE,0,FALSE,0,FALSE,"rebrand_same_family",FALSE,TRUE,"keeper","seller"
"10252","Houghton",640.4,640.4,"TRG","TRG THRESHOLD TIMBER MICHIGAN II LLC*","Verdant Timber Michigan, LLC","Forest Industry","Forest Industry",75.9779334500876,67.7429071803853,-8.23502626970227,FALSE,FALSE,TRUE,FALSE,FALSE,0,FALSE,0,FALSE,"rebrand_same_family",FALSE,TRUE,"keeper","seller"
"10271","Houghton",640.02,640.02,"TRG","TRG THRESHOLD TIMBER MICHIGAN II LLC*","Verdant Timber Michigan, LLC","Forest Industry","Forest Industry",80.266530334015,77.461145194274,-2.80538513974098,FALSE,FALSE,TRUE,FALSE,FALSE,0,FALSE,0,FALSE,"rebrand_same_family",FALSE,TRUE,"keeper","seller"
"10281","Houghton",640,640,"TRG","TRG THRESHOLD TIMBER MICHIGAN II LLC*","Verdant Timber Michigan, LLC","Forest Industry","Forest Industry",80.3282229965157,57.2693379790941,-23.0588850174216,TRUE,FALSE,TRUE,FALSE,FALSE,0,FALSE,0,FALSE,"rebrand_same_family",FALSE,TRUE,"keeper","seller"
"11994","Keweenaw",640,640,"TRG","TRG THRESHOLD TIMBER MICHIGAN II LLC*","Nature Conservancy, The","Forest Industry","Other Business",59.6735127478754,80.6876770538244,21.014164305949,FALSE,FALSE,FALSE,FALSE,FALSE,0,FALSE,0.999999999999908,TRUE,"tnc_heartlands",TRUE,TRUE,"seller","seller"
"22067","Houghton",640,640,"TRG","TRG THRESHOLD TIMBER MICHIGAN II LLC*","Verdant Timber Michigan, LLC","Forest Industry","Forest Industry",76.9325463743676,58.8880269814503,-18.0445193929174,FALSE,FALSE,TRUE,FALSE,FALSE,0,FALSE,0,FALSE,"rebrand_same_family",FALSE,TRUE,"keeper","seller"
"10272","Houghton",640,640,"TRG","TRG THRESHOLD TIMBER MICHIGAN II LLC*","Verdant Timber Michigan, LLC","Forest Industry","Forest Industry",71.2578313253012,53.3865748709122,-17.871256454389,FALSE,FALSE,TRUE,FALSE,FALSE,0,FALSE,0,FALSE,"rebrand_same_family",FALSE,TRUE,"keeper","seller"
"11966","Keweenaw",640,640,"TRG","TRG THRESHOLD TIMBER MICHIGAN III LLC*","Verdant Timber Michigan, LLC","Forest Industry","Forest Industry",76.5021111893033,61.9978888106967,-14.5042223786066,FALSE,FALSE,TRUE,FALSE,FALSE,0,FALSE,0,FALSE,"rebrand_same_family",FALSE,TRUE,"keeper","seller"
"10282","Houghton",640,640,"TRG","TRG THRESHOLD TIMBER MICHIGAN II LLC*","Verdant Timber Michigan, LLC","Forest Industry","Forest Industry",80.5640668523677,66.3642061281337,-14.199860724234,FALSE,FALSE,TRUE,FALSE,FALSE,0,FALSE,0,FALSE,"rebrand_same_family",FALSE,TRUE,"keeper","seller"
"12116","Keweenaw",640,NA,"TRG","TRG THRESHOLD TIMBER MICHIGAN III LLC*","non-CFP in 2026","Forest Industry","non-CFP in 2026",74.1329768270945,60.531550802139,-13.6014260249554,FALSE,FALSE,FALSE,TRUE,FALSE,0.935456737107109,TRUE,0,FALSE,"songbird",TRUE,TRUE,"seller","seller"
"10351","Houghton",640,640,"TRG","TRG THRESHOLD TIMBER MICHIGAN II LLC*","Verdant Timber Michigan, LLC","Forest Industry","Forest Industry",81.9636098981077,68.7503639010189,-13.2132459970888,FALSE,FALSE,TRUE,FALSE,FALSE,0,FALSE,0,FALSE,"rebrand_same_family",FALSE,TRUE,"keeper","seller"
"5214","Keweenaw",640,640,"TRG","TRG THRESHOLD TIMBER MICHIGAN III LLC*","Verdant Timber Michigan, LLC","Forest Industry","Forest Industry",67.0190972222222,75.8194444444444,8.80034722222221,FALSE,FALSE,TRUE,FALSE,FALSE,0.999999999999983,TRUE,0,FALSE,"songbird",TRUE,TRUE,"seller","seller"
"18010","Keweenaw",640,640,"TRG","TRG THRESHOLD TIMBER MICHIGAN III LLC*","Verdant Timber Michigan, LLC","Forest Industry","Forest Industry",66.278940027894,72.9860529986053,6.70711297071129,FALSE,FALSE,TRUE,FALSE,FALSE,0,FALSE,1.13261294259672e-05,FALSE,"rebrand_same_family",FALSE,TRUE,"keeper","seller"
"21469","Keweenaw",640,NA,"TRG","TRG THRESHOLD TIMBER MICHIGAN III LLC*","non-CFP in 2026","Forest Industry","non-CFP in 2026",68.6124783362218,74.559445407279,5.94696707105719,FALSE,FALSE,FALSE,TRUE,FALSE,0,FALSE,0.71156897830275,TRUE,"tnc_heartlands",TRUE,TRUE,"seller","seller"
"793","Keweenaw",640,640,"TRG","TRG THRESHOLD TIMBER MICHIGAN III LLC*","Verdant Timber Michigan, LLC","Forest Industry","Forest Industry",72.7857907890039,67.2884684041414,-5.49732238486254,FALSE,FALSE,TRUE,FALSE,FALSE,0,FALSE,0,FALSE,"rebrand_same_family",FALSE,TRUE,"keeper","seller"
"27093","Keweenaw",640,640,"TRG","TRG THRESHOLD TIMBER MICHIGAN II LLC*","Nature Conservancy, The","Forest Industry","Other Business",71.6898376852505,76.9110797459421,5.22124206069161,FALSE,FALSE,FALSE,FALSE,FALSE,0,FALSE,0.996366764906632,TRUE,"tnc_heartlands",TRUE,TRUE,"seller","seller"
"11993","Keweenaw",640,640,"TRG","TRG THRESHOLD TIMBER MICHIGAN II LLC*","Nature Conservancy, The","Forest Industry","Other Business",75.9620737647877,80.9627696590118,5.00069589422408,FALSE,FALSE,FALSE,FALSE,FALSE,0,FALSE,0.999997796648478,TRUE,"tnc_heartlands",TRUE,TRUE,"seller","seller"
"10346","Houghton",640,640,"TRG","TRG THRESHOLD TIMBER MICHIGAN II LLC*","Verdant Timber Michigan, LLC","Forest Industry","Forest Industry",78.7490387976232,74.2139112198532,-4.53512757777001,FALSE,FALSE,TRUE,FALSE,FALSE,0,FALSE,0,FALSE,"rebrand_same_family",FALSE,TRUE,"keeper","seller"
"12035","Keweenaw",640,640,"TRG","TRG THRESHOLD TIMBER MICHIGAN III LLC*","Verdant Timber Michigan, LLC","Forest Industry","Forest Industry",75.5466437177281,79.9204819277108,4.37383820998278,FALSE,FALSE,TRUE,FALSE,FALSE,0,FALSE,0,FALSE,"rebrand_same_family",FALSE,TRUE,"keeper","seller"
"817","Keweenaw",640,640,"TRG","TRG THRESHOLD TIMBER MICHIGAN III LLC*","Verdant Timber Michigan, LLC","Forest Industry","Forest Industry",82.0209665955935,78.4804548685146,-3.54051172707889,FALSE,FALSE,TRUE,FALSE,FALSE,0,FALSE,0,FALSE,"rebrand_same_family",FALSE,TRUE,"keeper","seller"
"11998","Keweenaw",640,640,"TRG","TRG THRESHOLD TIMBER MICHIGAN II LLC*","Nature Conservancy, The","Forest Industry","Other Business",77.8546224417784,81.1503175723359,3.29569513055752,FALSE,FALSE,FALSE,FALSE,FALSE,0,FALSE,0.997186394194456,TRUE,"tnc_heartlands",TRUE,TRUE,"seller","seller"
"19018","Keweenaw",640,640,"TRG","TRG THRESHOLD TIMBER MICHIGAN II LLC*","Nature Conservancy, The","Forest Industry","Other Business",69.9867272092211,72.7530562347188,2.76632902549773,FALSE,FALSE,FALSE,FALSE,FALSE,0,FALSE,1,TRUE,"tnc_heartlands",TRUE,TRUE,"seller","seller"
"801","Keweenaw",640,640,"TRG","TRG THRESHOLD TIMBER MICHIGAN III LLC*","Verdant Timber Michigan, LLC","Forest Industry","Forest Industry",69.1501072194425,71.8259471050751,2.6758398856326,FALSE,FALSE,TRUE,FALSE,FALSE,0,FALSE,0,FALSE,"rebrand_same_family",FALSE,TRUE,"keeper","seller"
"12027","Keweenaw",640,640,"TRG","TRG THRESHOLD TIMBER MICHIGAN III LLC*","Verdant Timber Michigan, LLC","Forest Industry","Forest Industry",79.3609385783299,81.5327812284334,2.17184265010353,FALSE,FALSE,TRUE,FALSE,FALSE,0,FALSE,0,FALSE,"rebrand_same_family",FALSE,TRUE,"keeper","seller"
"10374","Houghton",640,640,"TRG","TRG THRESHOLD TIMBER MICHIGAN II LLC*","Verdant Timber Michigan, LLC","Forest Industry","Forest Industry",81.4226231783484,83.4618320610687,2.03920888272033,FALSE,FALSE,TRUE,FALSE,FALSE,0,FALSE,0,FALSE,"rebrand_same_family",FALSE,TRUE,"keeper","seller"
"10422","Houghton",640,640,"TRG","TRG THRESHOLD TIMBER MICHIGAN II LLC*","Verdant Timber Michigan, LLC","Forest Industry","Forest Industry",70.3565945568737,68.5896720167481,-1.76692254012561,FALSE,FALSE,TRUE,FALSE,FALSE,0,FALSE,0,FALSE,"rebrand_same_family",FALSE,TRUE,"keeper","seller"
"12028","Keweenaw",640,640,"TRG","TRG THRESHOLD TIMBER MICHIGAN III LLC*","Verdant Timber Michigan, LLC","Forest Industry","Forest Industry",82.6989920055614,84.2026416405978,1.5036496350365,FALSE,FALSE,TRUE,FALSE,FALSE,0,FALSE,0,FALSE,"rebrand_same_family",FALSE,TRUE,"keeper","seller"
"19752","Keweenaw",640,640,"TRG","TRG THRESHOLD TIMBER MICHIGAN II LLC*","Nature Conservancy, The","Forest Industry","Other Business",73.8214039917412,75.1400550584997,1.31865106675843,FALSE,FALSE,FALSE,FALSE,FALSE,0,FALSE,0.99672329430608,TRUE,"tnc_heartlands",TRUE,TRUE,"seller","seller"
"802","Keweenaw",640,NA,"TRG","TRG THRESHOLD TIMBER MICHIGAN III LLC*","non-CFP in 2026","Forest Industry","non-CFP in 2026",74.4689011748445,73.2232204561161,-1.24568071872841,FALSE,FALSE,FALSE,TRUE,FALSE,5.51118076368978e-06,FALSE,0,FALSE,"left_cfp",TRUE,TRUE,"seller","seller"
"10384","Houghton",640,640,"TRG","TRG THRESHOLD TIMBER MICHIGAN II LLC*","Verdant Timber Michigan, LLC","Forest Industry","Forest Industry",81.0841379310345,82.1593103448276,1.07517241379311,FALSE,FALSE,TRUE,FALSE,FALSE,0,FALSE,0,FALSE,"rebrand_same_family",FALSE,TRUE,"keeper","seller"
"11943","Keweenaw",640,640,"TRG","TRG THRESHOLD TIMBER MICHIGAN III LLC*","Verdant Timber Michigan, LLC","Forest Industry","Forest Industry",70.4198994252874,69.3846982758621,-1.03520114942529,FALSE,FALSE,TRUE,FALSE,FALSE,0,FALSE,0,FALSE,"rebrand_same_family",FALSE,TRUE,"keeper","seller"
"18997","Keweenaw",640,NA,"TRG","TRG THRESHOLD TIMBER MICHIGAN II LLC*","non-CFP in 2026","Forest Industry","non-CFP in 2026",69.5483193277311,70.1327030812325,0.584383753501399,FALSE,FALSE,FALSE,TRUE,FALSE,0,FALSE,0.940023033230567,TRUE,"tnc_heartlands",TRUE,TRUE,"seller","seller"
"11942","Keweenaw",640,640,"TRG","TRG THRESHOLD TIMBER MICHIGAN III LLC*","Verdant Timber Michigan, LLC","Forest Industry","Forest Industry",77.8031802120141,78.2233215547703,0.420141342756182,FALSE,FALSE,TRUE,FALSE,FALSE,0,FALSE,0,FALSE,"rebrand_same_family",FALSE,TRUE,"keeper","seller"
"10421","Houghton",640,640,"TRG","TRG THRESHOLD TIMBER MICHIGAN II LLC*","Verdant Timber Michigan, LLC","Forest Industry","Forest Industry",79.1284240483814,79.4265385983636,0.298114549982216,FALSE,FALSE,TRUE,FALSE,FALSE,0,FALSE,0,FALSE,"rebrand_same_family",FALSE,TRUE,"keeper","seller"
"10410","Houghton",640,640,"TRG","TRG THRESHOLD TIMBER MICHIGAN II LLC*","Verdant Timber Michigan, LLC","Forest Industry","Forest Industry",79.6808059384942,79.9172852598091,0.236479321314945,FALSE,FALSE,TRUE,FALSE,FALSE,0,FALSE,0,FALSE,"rebrand_same_family",FALSE,TRUE,"keeper","seller"
"10213","Houghton",639.88,639.88,"TRG","TRG THRESHOLD TIMBER MICHIGAN II LLC*","Verdant Timber Michigan, LLC","Forest Industry","Forest Industry",80.7008281573499,69.4975845410628,-11.2032436162871,FALSE,FALSE,TRUE,FALSE,FALSE,0,FALSE,0,FALSE,"rebrand_same_family",FALSE,TRUE,"keeper","seller"
"27875","Houghton",639.77,639.77,"TRG","TRG THRESHOLD TIMBER MICHIGAN II LLC*","Verdant Timber Michigan, LLC","Forest Industry","Forest Industry",77.1272857655074,50.9609178917175,-26.1663678737899,TRUE,FALSE,TRUE,FALSE,FALSE,0,FALSE,0,FALSE,"rebrand_same_family",FALSE,TRUE,"keeper","seller"
"23627","Houghton",639.66,639.66,"TRG","TRG THRESHOLD TIMBER MICHIGAN II LLC*","Verdant Timber Michigan, LLC","Forest Industry","Forest Industry",84.0380647456421,85.0017787264319,0.963713980789763,FALSE,FALSE,TRUE,FALSE,FALSE,0,FALSE,0,FALSE,"rebrand_same_family",FALSE,TRUE,"keeper","seller"
"11920","Keweenaw",638.96,638.96,"TRG","TRG THRESHOLD TIMBER MICHIGAN III LLC*","Verdant Timber Michigan, LLC","Forest Industry","Forest Industry",77.5888451912764,78.2706471219163,0.681801930639978,FALSE,FALSE,TRUE,FALSE,FALSE,0,FALSE,0,FALSE,"rebrand_same_family",FALSE,TRUE,"keeper","seller"
"11917","Keweenaw",638,638,"TRG","TRG THRESHOLD TIMBER MICHIGAN III LLC*","Verdant Timber Michigan, LLC","Forest Industry","Forest Industry",76.3154432132964,82.0554016620499,5.73995844875346,FALSE,FALSE,TRUE,FALSE,FALSE,0,FALSE,0,FALSE,"rebrand_same_family",FALSE,TRUE,"keeper","seller"
"10404","Houghton",635.67,635.67,"TRG","TRG THRESHOLD TIMBER MICHIGAN II LLC*","Verdant Timber Michigan, LLC","Forest Industry","Forest Industry",79.590423572744,84.1451197053407,4.55469613259669,FALSE,FALSE,TRUE,FALSE,FALSE,0,FALSE,0,FALSE,"rebrand_same_family",FALSE,TRUE,"keeper","seller"
"18004","Keweenaw",632.65,632.65,"TRG","TRG THRESHOLD TIMBER MICHIGAN III LLC*","Nature Conservancy, The","Forest Industry","Other Business",74.1353910908453,75.1557348298843,1.02034373903894,FALSE,FALSE,FALSE,FALSE,FALSE,0,FALSE,0.99703986828067,TRUE,"tnc_heartlands",TRUE,TRUE,"seller","seller"
"29677","Houghton",631.91,631.91,"TRG","TRG THRESHOLD TIMBER MICHIGAN II LLC*","Verdant Timber Michigan, LLC","Forest Industry","Forest Industry",82.1930894308943,77.8539972899729,-4.33909214092141,FALSE,FALSE,TRUE,FALSE,FALSE,0,FALSE,0,FALSE,"rebrand_same_family",FALSE,TRUE,"keeper","seller"
"12026","Keweenaw",631.18,631.18,"TRG","TRG THRESHOLD TIMBER MICHIGAN II LLC*","Nature Conservancy, The","Forest Industry","Other Business",49.3003558718861,70.1313167259786,20.8309608540925,FALSE,FALSE,FALSE,FALSE,FALSE,0,FALSE,0.987876977666315,TRUE,"tnc_heartlands",TRUE,TRUE,"seller","seller"
"30525","Houghton",630,630,"TRG","TRG THRESHOLD TIMBER MICHIGAN II LLC*","Verdant Timber Michigan, LLC","Forest Industry","Forest Industry",78.0145479736751,79.1569102874957,1.14236231382058,FALSE,FALSE,TRUE,FALSE,FALSE,0,FALSE,0,FALSE,"rebrand_same_family",FALSE,TRUE,"keeper","seller"
"794","Keweenaw",621.98,621.98,"TRG","TRG THRESHOLD TIMBER MICHIGAN III LLC*","Verdant Timber Michigan, LLC","Forest Industry","Forest Industry",73.904031394934,73.9896539422048,0.0856225472707877,FALSE,FALSE,TRUE,FALSE,FALSE,0,FALSE,0,FALSE,"rebrand_same_family",FALSE,TRUE,"keeper","seller"
"11921","Keweenaw",605.15,605.15,"TRG","TRG THRESHOLD TIMBER MICHIGAN III LLC*","Verdant Timber Michigan, LLC","Forest Industry","Forest Industry",78.9585687382298,80.4090395480226,1.45047080979285,FALSE,FALSE,TRUE,FALSE,FALSE,0,FALSE,0,FALSE,"rebrand_same_family",FALSE,TRUE,"keeper","seller"
"11997","Keweenaw",600,600,"TRG","TRG THRESHOLD TIMBER MICHIGAN II LLC*","Nature Conservancy, The","Forest Industry","Other Business",62.881425891182,80.0960600375235,17.2146341463415,FALSE,FALSE,FALSE,FALSE,FALSE,0,FALSE,0.999966131651578,TRUE,"tnc_heartlands",TRUE,TRUE,"seller","seller"
"823","Keweenaw",600,600,"TRG","TRG THRESHOLD TIMBER MICHIGAN III LLC*","Verdant Timber Michigan, LLC","Forest Industry","Forest Industry",53.6786114221725,70.7801418439716,17.1015304217992,FALSE,FALSE,TRUE,FALSE,FALSE,0,FALSE,0,FALSE,"rebrand_same_family",FALSE,TRUE,"keeper","seller"
"10359","Houghton",600,600,"TRG","TRG THRESHOLD TIMBER MICHIGAN II LLC*","Verdant Timber Michigan, LLC","Forest Industry","Forest Industry",64.0894134477825,76.2153075822604,12.1258941344778,FALSE,FALSE,TRUE,FALSE,FALSE,0,FALSE,0,FALSE,"rebrand_same_family",FALSE,TRUE,"keeper","seller"
"10352","Houghton",600,600,"TRG","TRG THRESHOLD TIMBER MICHIGAN II LLC*","Verdant Timber Michigan, LLC","Forest Industry","Forest Industry",78.087185268696,68.7534761367907,-9.33370913190529,FALSE,FALSE,TRUE,FALSE,FALSE,0,FALSE,0,FALSE,"rebrand_same_family",FALSE,TRUE,"keeper","seller"
"10257","Houghton",600,600,"TRG","TRG THRESHOLD TIMBER MICHIGAN II LLC*","Verdant Timber Michigan, LLC","Forest Industry","Forest Industry",73.7814787701318,68.845168374817,-4.93631039531479,FALSE,FALSE,TRUE,FALSE,FALSE,0,FALSE,0,FALSE,"rebrand_same_family",FALSE,TRUE,"keeper","seller"
"10356","Houghton",600,600,"TRG","TRG THRESHOLD TIMBER MICHIGAN II LLC*","Verdant Timber Michigan, LLC","Forest Industry","Forest Industry",76.8884547069272,79.9008880994671,3.01243339253996,FALSE,FALSE,TRUE,FALSE,FALSE,0,FALSE,0,FALSE,"rebrand_same_family",FALSE,TRUE,"keeper","seller"
"10329","Houghton",600,600,"TRG","TRG THRESHOLD TIMBER MICHIGAN II LLC*","Verdant Timber Michigan, LLC","Forest Industry","Forest Industry",80.0518575851393,78.3881578947368,-1.66369969040248,FALSE,FALSE,TRUE,FALSE,FALSE,0,FALSE,0,FALSE,"rebrand_same_family",FALSE,TRUE,"keeper","seller"
"19770","Keweenaw",600,600,"TRG","TRG THRESHOLD TIMBER MICHIGAN III LLC*","Verdant Timber Michigan, LLC","Forest Industry","Forest Industry",67.4195278969957,68.6090844062947,1.18955650929901,FALSE,FALSE,TRUE,FALSE,FALSE,0,FALSE,0,FALSE,"rebrand_same_family",FALSE,TRUE,"keeper","seller"
"18009","Keweenaw",600,600,"TRG","TRG THRESHOLD TIMBER MICHIGAN III LLC*","Verdant Timber Michigan, LLC","Forest Industry","Forest Industry",60.1730052199851,61.1991051454139,1.02609992542878,FALSE,FALSE,TRUE,FALSE,FALSE,0,FALSE,0,FALSE,"rebrand_same_family",FALSE,TRUE,"keeper","seller"
"11934","Keweenaw",600,600,"TRG","TRG THRESHOLD TIMBER MICHIGAN III LLC*","Verdant Timber Michigan, LLC","Forest Industry","Forest Industry",76.6315592203898,77.1356821589205,0.504122938530742,FALSE,FALSE,TRUE,FALSE,FALSE,0,FALSE,0,FALSE,"rebrand_same_family",FALSE,TRUE,"keeper","seller"
"20656","Keweenaw",600,600,"TRG","TRG THRESHOLD TIMBER MICHIGAN II LLC*","Nature Conservancy, The","Forest Industry","Other Business",73.9435302916978,74.4454001495886,0.50186985789081,FALSE,FALSE,FALSE,FALSE,FALSE,0,FALSE,1.00000000000005,TRUE,"tnc_heartlands",TRUE,TRUE,"seller","seller"
"10339","Houghton",599.64,599.64,"TRG","TRG THRESHOLD TIMBER MICHIGAN II LLC*","Verdant Timber Michigan, LLC","Forest Industry","Forest Industry",80.387084592145,52.2847432024169,-28.1023413897281,TRUE,FALSE,TRUE,FALSE,FALSE,0,FALSE,0,FALSE,"rebrand_same_family",FALSE,TRUE,"keeper","seller"
"10335","Houghton",599.62,599.62,"TRG","TRG THRESHOLD TIMBER MICHIGAN II LLC*","Verdant Timber Michigan, LLC","Forest Industry","Forest Industry",82.6754032258064,58.9112903225806,-23.7641129032258,TRUE,FALSE,TRUE,FALSE,FALSE,0,FALSE,0,FALSE,"rebrand_same_family",FALSE,TRUE,"keeper","seller"
"10327","Houghton",599.26,599.26,"TRG","TRG THRESHOLD TIMBER MICHIGAN II LLC*","Verdant Timber Michigan, LLC","Forest Industry","Forest Industry",75.9958521870287,62.880467571644,-13.1153846153846,FALSE,FALSE,TRUE,FALSE,FALSE,0,FALSE,0,FALSE,"rebrand_same_family",FALSE,TRUE,"keeper","seller"
"10369","Houghton",598.42,598.42,"TRG","TRG THRESHOLD TIMBER MICHIGAN II LLC*","Verdant Timber Michigan, LLC","Forest Industry","Forest Industry",83.5523277467412,84.4491620111732,0.89683426443203,FALSE,FALSE,TRUE,FALSE,FALSE,0,FALSE,0,FALSE,"rebrand_same_family",FALSE,TRUE,"keeper","seller"
"30575","Houghton",598,598,"TRG","TRG THRESHOLD TIMBER MICHIGAN II LLC*","Martin J Vanderploeg 2001 Revocable Living Trust, dated May 2, 2001","Forest Industry","Trust",73.0549410029498,79.7835545722714,6.72861356932154,FALSE,FALSE,FALSE,FALSE,FALSE,0,FALSE,0,FALSE,"other_sale",TRUE,TRUE,"seller","seller"
"12042","Keweenaw",596.58,596.58,"TRG","TRG THRESHOLD TIMBER MICHIGAN III LLC*","Verdant Timber Michigan, LLC","Forest Industry","Forest Industry",75.9947858472998,54.9720670391061,-21.0227188081937,TRUE,FALSE,TRUE,FALSE,FALSE,0.999531299074378,TRUE,0,FALSE,"songbird",TRUE,TRUE,"seller","seller"
"12043","Keweenaw",595.29,595.29,"TRG","TRG THRESHOLD TIMBER MICHIGAN III LLC*","Verdant Timber Michigan, LLC","Forest Industry","Forest Industry",68.5559259259259,77.5874074074074,9.03148148148149,FALSE,FALSE,TRUE,FALSE,FALSE,0.999999999999986,TRUE,0,FALSE,"songbird",TRUE,TRUE,"seller","seller"
"29317","Keweenaw",590,590,"TRG","TRG THRESHOLD TIMBER MICHIGAN III LLC*","Verdant Timber Michigan, LLC","Forest Industry","Forest Industry",78.7472693032015,64.8497175141243,-13.8975517890772,FALSE,FALSE,TRUE,FALSE,FALSE,0,FALSE,0,FALSE,"rebrand_same_family",FALSE,TRUE,"keeper","seller"
"12044","Keweenaw",568.82,568.82,"TRG","TRG THRESHOLD TIMBER MICHIGAN III LLC*","Verdant Timber Michigan, LLC","Forest Industry","Forest Industry",72.5031347962382,73.7597962382445,1.25666144200628,FALSE,FALSE,TRUE,FALSE,FALSE,1.00000000000006,TRUE,0,FALSE,"songbird",TRUE,TRUE,"seller","seller"
"12036","Keweenaw",560,560,"TRG","TRG THRESHOLD TIMBER MICHIGAN III LLC*","Verdant Timber Michigan, LLC","Forest Industry","Forest Industry",59.8213166144201,80.3867554858934,20.5654388714734,FALSE,FALSE,TRUE,FALSE,FALSE,0,FALSE,0,FALSE,"rebrand_same_family",FALSE,TRUE,"keeper","seller"
"12063","Keweenaw",560,560,"TRG","TRG THRESHOLD TIMBER MICHIGAN III LLC*","Verdant Timber Michigan, LLC","Forest Industry","Forest Industry",69.4232804232804,79.1587301587302,9.73544973544975,FALSE,FALSE,TRUE,FALSE,FALSE,0,FALSE,0,FALSE,"rebrand_same_family",FALSE,TRUE,"keeper","seller"
"10350","Houghton",560,560,"TRG","TRG THRESHOLD TIMBER MICHIGAN II LLC*","Verdant Timber Michigan, LLC","Forest Industry","Forest Industry",78.9680383539752,72.8098282061526,-6.15821014782261,FALSE,FALSE,TRUE,FALSE,FALSE,0,FALSE,0,FALSE,"rebrand_same_family",FALSE,TRUE,"keeper","seller"
"12033","Keweenaw",560,560,"TRG","TRG THRESHOLD TIMBER MICHIGAN III LLC*","Verdant Timber Michigan, LLC","Forest Industry","Forest Industry",78.8441094803649,74.5299484331615,-4.31416104720348,FALSE,FALSE,TRUE,FALSE,FALSE,0,FALSE,0,FALSE,"rebrand_same_family",FALSE,TRUE,"keeper","seller"
"31153","Keweenaw",560,560,"TRG","TRG THRESHOLD TIMBER MICHIGAN III LLC*","Verdant Timber Michigan, LLC","Forest Industry","Forest Industry",76.7425387982491,73.2610425785913,-3.48149621965777,FALSE,FALSE,TRUE,FALSE,FALSE,0.991970963258338,TRUE,0,FALSE,"songbird",TRUE,TRUE,"seller","seller"
"11937","Keweenaw",560,560,"TRG","TRG THRESHOLD TIMBER MICHIGAN III LLC*","Verdant Timber Michigan, LLC","Forest Industry","Forest Industry",78.8184726109556,80.8760495801679,2.05757696921231,FALSE,FALSE,TRUE,FALSE,FALSE,0,FALSE,0,FALSE,"rebrand_same_family",FALSE,TRUE,"keeper","seller"
"12029","Keweenaw",560,560,"TRG","TRG THRESHOLD TIMBER MICHIGAN III LLC*","Verdant Timber Michigan, LLC","Forest Industry","Forest Industry",82.8752483114819,83.8398887564561,0.964640444974179,FALSE,FALSE,TRUE,FALSE,FALSE,0,FALSE,0,FALSE,"rebrand_same_family",FALSE,TRUE,"keeper","seller"
"11935","Keweenaw",560,560,"TRG","TRG THRESHOLD TIMBER MICHIGAN III LLC*","Verdant Timber Michigan, LLC","Forest Industry","Forest Industry",79.2890533696923,79.8270354499416,0.537982080249307,FALSE,FALSE,TRUE,FALSE,FALSE,0,FALSE,0,FALSE,"rebrand_same_family",FALSE,TRUE,"keeper","seller"
"10270","Houghton",557.68,557.68,"TRG","TRG THRESHOLD TIMBER MICHIGAN II LLC*","Verdant Timber Michigan, LLC","Forest Industry","Forest Industry",55.5741035856574,75.4394422310757,19.8653386454183,FALSE,FALSE,TRUE,FALSE,FALSE,0,FALSE,0,FALSE,"rebrand_same_family",FALSE,TRUE,"keeper","seller"
"12120","Keweenaw",520,520,"TRG","TRG THRESHOLD TIMBER MICHIGAN III LLC*","Verdant Timber Michigan, LLC","Forest Industry","Forest Industry",61.9852941176471,73.2004201680672,11.2151260504202,FALSE,FALSE,TRUE,FALSE,FALSE,0,FALSE,0,FALSE,"rebrand_same_family",FALSE,TRUE,"keeper","seller"
"31010","Keweenaw",520,520,"TRG","TRG THRESHOLD TIMBER MICHIGAN II LLC*","Nature Conservancy, The","Forest Industry","Other Business",66.4367469879518,76.9229776247848,10.486230636833,FALSE,FALSE,FALSE,FALSE,FALSE,0,FALSE,0.997409108387567,TRUE,"tnc_heartlands",TRUE,TRUE,"seller","seller"
"12058","Keweenaw",520,520,"TRG","TRG THRESHOLD TIMBER MICHIGAN III LLC*","Verdant Timber Michigan, LLC","Forest Industry","Forest Industry",76.7356575463372,71.5688437775816,-5.1668137687555,FALSE,FALSE,TRUE,FALSE,FALSE,0,FALSE,0,FALSE,"rebrand_same_family",FALSE,TRUE,"keeper","seller"
"12061","Keweenaw",511.25,NA,"TRG","TRG THRESHOLD TIMBER MICHIGAN III LLC*","non-CFP in 2026","Forest Industry","non-CFP in 2026",77.6287321505842,75.5607961921246,-2.06793595845953,FALSE,FALSE,FALSE,TRUE,FALSE,0,FALSE,0,FALSE,"left_cfp",TRUE,TRUE,"seller","seller"
"30250","Keweenaw",489.8,489.8,"TRG","TRG THRESHOLD TIMBER MICHIGAN III LLC*","Verdant Timber Michigan, LLC","Forest Industry","Forest Industry",75.1957008508733,74.5723242274966,-0.623376623376629,FALSE,FALSE,TRUE,FALSE,FALSE,0,FALSE,0,FALSE,"rebrand_same_family",FALSE,TRUE,"keeper","seller"
"10411","Houghton",482.88,482.88,"TRG","TRG THRESHOLD TIMBER MICHIGAN II LLC*","Verdant Timber Michigan, LLC","Forest Industry","Forest Industry",76.154452690167,77.5839517625232,1.42949907235621,FALSE,FALSE,TRUE,FALSE,FALSE,0,FALSE,0,FALSE,"rebrand_same_family",FALSE,TRUE,"keeper","seller"
"11976","Keweenaw",482.66,482.66,"TRG","TRG THRESHOLD TIMBER MICHIGAN III LLC*","Verdant Timber Michigan, LLC","Forest Industry","Forest Industry",76.1917170777106,82.2675663099116,6.07584923220102,FALSE,FALSE,TRUE,FALSE,FALSE,0,FALSE,0,FALSE,"rebrand_same_family",FALSE,TRUE,"keeper","seller"
"10338","Houghton",480,480,"TRG","TRG THRESHOLD TIMBER MICHIGAN II LLC*","Verdant Timber Michigan, LLC","Forest Industry","Forest Industry",78.6707594361073,62.9809004092769,-15.6898590268304,FALSE,FALSE,TRUE,FALSE,FALSE,0,FALSE,0,FALSE,"rebrand_same_family",FALSE,TRUE,"keeper","seller"
"16823","Keweenaw",480,480,"TRG","TRG THRESHOLD TIMBER MICHIGAN III LLC*","Verdant Timber Cub, LLC","Forest Industry","Forest Industry",74.4704788470479,60.1510925151093,-14.3193863319386,FALSE,FALSE,TRUE,FALSE,FALSE,0.996925611575734,TRUE,0,FALSE,"songbird",TRUE,TRUE,"seller","seller"
"5216","Keweenaw",480,480,"TRG","TRG THRESHOLD TIMBER MICHIGAN III LLC*","Verdant Timber Michigan, LLC","Forest Industry","Forest Industry",71.7627197039778,80.4084181313599,8.64569842738206,FALSE,FALSE,TRUE,FALSE,FALSE,0.99652065592968,TRUE,0,FALSE,"songbird",TRUE,TRUE,"seller","seller"
"6179","Keweenaw",480,480,"TRG","TRG THRESHOLD TIMBER MICHIGAN III LLC*","Verdant Timber Cub, LLC","Forest Industry","Forest Industry",66.2982456140351,73.8578024007387,7.55955678670361,FALSE,FALSE,TRUE,FALSE,FALSE,0.99869508892771,TRUE,0,FALSE,"songbird",TRUE,TRUE,"seller","seller"
"12119","Keweenaw",480,480,"TRG","TRG THRESHOLD TIMBER MICHIGAN III LLC*","Verdant Timber Michigan, LLC","Forest Industry","Forest Industry",66.8511540273198,72.8864813942534,6.03532736693357,FALSE,FALSE,TRUE,FALSE,FALSE,0,FALSE,0,FALSE,"rebrand_same_family",FALSE,TRUE,"keeper","seller"
"18014","Keweenaw",480,480,"TRG","TRG THRESHOLD TIMBER MICHIGAN III LLC*","Verdant Timber Michigan, LLC","Forest Industry","Forest Industry",71.4958797867184,75.0295685894329,3.53368880271449,FALSE,FALSE,TRUE,FALSE,FALSE,0,FALSE,0,FALSE,"rebrand_same_family",FALSE,TRUE,"keeper","seller"
"5212","Keweenaw",480,NA,"TRG","TRG THRESHOLD TIMBER MICHIGAN III LLC*","non-CFP in 2026","Forest Industry","non-CFP in 2026",72.2540565600371,69.6518312471025,-2.60222531293464,FALSE,FALSE,FALSE,TRUE,FALSE,0.998743461083493,TRUE,0,FALSE,"songbird",TRUE,TRUE,"seller","seller"
"10269","Houghton",480,480,"TRG","TRG THRESHOLD TIMBER MICHIGAN II LLC*","Verdant Timber Michigan, LLC","Forest Industry","Forest Industry",76.2781919850885,74.4026095060578,-1.87558247903075,FALSE,FALSE,TRUE,FALSE,FALSE,0,FALSE,0,FALSE,"rebrand_same_family",FALSE,TRUE,"keeper","seller"
"11931","Keweenaw",480,480,"TRG","TRG THRESHOLD TIMBER MICHIGAN III LLC*","Verdant Timber Michigan, LLC","Forest Industry","Forest Industry",79.4714419475655,81.2106741573034,1.73923220973784,FALSE,FALSE,TRUE,FALSE,FALSE,0,FALSE,0,FALSE,"rebrand_same_family",FALSE,TRUE,"keeper","seller"
"11965","Keweenaw",480,480,"TRG","TRG THRESHOLD TIMBER MICHIGAN III LLC*","Verdant Timber Michigan, LLC","Forest Industry","Forest Industry",71.6182152713891,70.6954921803128,-0.922723091076364,FALSE,FALSE,TRUE,FALSE,FALSE,0,FALSE,0,FALSE,"rebrand_same_family",FALSE,TRUE,"keeper","seller"
"27719","Houghton",480,480,"TRG","TRG THRESHOLD TIMBER MICHIGAN II LLC*","Verdant Timber Michigan, LLC","Forest Industry","Forest Industry",74.0716346153846,73.5711538461538,-0.500480769230762,FALSE,FALSE,TRUE,FALSE,FALSE,0,FALSE,0,FALSE,"rebrand_same_family",FALSE,TRUE,"keeper","seller"
"11977","Keweenaw",480,480,"TRG","TRG THRESHOLD TIMBER MICHIGAN III LLC*","Verdant Timber Michigan, LLC","Forest Industry","Forest Industry",78.6313559322034,79.1233521657251,0.491996233521661,FALSE,FALSE,TRUE,FALSE,FALSE,0,FALSE,0,FALSE,"rebrand_same_family",FALSE,TRUE,"keeper","seller"
"10326","Houghton",479.32,479.32,"TRG","TRG THRESHOLD TIMBER MICHIGAN II LLC*","Verdant Timber Michigan, LLC","Forest Industry","Forest Industry",80.7568093385214,63.8083657587549,-16.9484435797665,FALSE,FALSE,TRUE,FALSE,FALSE,0,FALSE,0,FALSE,"rebrand_same_family",FALSE,TRUE,"keeper","seller"
"11929","Keweenaw",478.39,478.39,"TRG","TRG THRESHOLD TIMBER MICHIGAN III LLC*","Verdant Timber Michigan, LLC","Forest Industry","Forest Industry",43.1344262295082,80.4224824355972,37.288056206089,FALSE,FALSE,TRUE,FALSE,FALSE,0,FALSE,0,FALSE,"rebrand_same_family",FALSE,TRUE,"keeper","seller"
"10286","Houghton",478.38,478.38,"TRG","TRG THRESHOLD TIMBER MICHIGAN II LLC*","Verdant Timber Michigan, LLC","Forest Industry","Forest Industry",76.7854860794158,63.0853491556367,-13.7001369237791,FALSE,FALSE,TRUE,FALSE,FALSE,0,FALSE,0,FALSE,"rebrand_same_family",FALSE,TRUE,"keeper","seller"
"11919","Keweenaw",474.7,474.7,"TRG","TRG THRESHOLD TIMBER MICHIGAN III LLC*","Verdant Timber Michigan, LLC","Forest Industry","Forest Industry",75.4373555247342,58.0892279241794,-17.3481276005548,FALSE,FALSE,TRUE,FALSE,FALSE,0,FALSE,0,FALSE,"rebrand_same_family",FALSE,TRUE,"keeper","seller"
"29956","Keweenaw",465.41,465.41,"TRG","TRG THRESHOLD TIMBER MICHIGAN II LLC*","Nature Conservancy, The","Forest Industry","Other Business",76.7399723374827,80.0004610419548,3.26048870447211,FALSE,FALSE,FALSE,FALSE,FALSE,0,FALSE,0.999064220283541,TRUE,"tnc_heartlands",TRUE,TRUE,"seller","seller"
"31059","Keweenaw",465,465,"TRG","TRG THRESHOLD TIMBER MICHIGAN III LLC*","Verdant Timber Michigan, LLC","Forest Industry","Forest Industry",81.9544779811974,78.8426521523998,-3.11182582879762,FALSE,FALSE,TRUE,FALSE,FALSE,0,FALSE,0,FALSE,"rebrand_same_family",FALSE,TRUE,"keeper","seller"
"19749","Keweenaw",455.7,455.7,"TRG","TRG THRESHOLD TIMBER MICHIGAN II LLC*","Nature Conservancy, The","Forest Industry","Other Business",55.7290856031128,63.8375486381323,8.10846303501945,FALSE,FALSE,FALSE,FALSE,FALSE,0,FALSE,1.00000000000003,TRUE,"tnc_heartlands",TRUE,TRUE,"seller","seller"
"11948","Keweenaw",440.01,440.01,"TRG","TRG THRESHOLD TIMBER MICHIGAN III LLC*","Verdant Timber Michigan, LLC","Forest Industry","Forest Industry",83.1724667349028,82.1228249744115,-1.04964176049131,FALSE,FALSE,TRUE,FALSE,FALSE,0,FALSE,0,FALSE,"rebrand_same_family",FALSE,TRUE,"keeper","seller"
"10342","Houghton",440,440,"TRG","TRG THRESHOLD TIMBER MICHIGAN II LLC*","Verdant Timber Michigan, LLC","Forest Industry","Forest Industry",82.452082288008,64.881585549423,-17.570496738585,FALSE,FALSE,TRUE,FALSE,FALSE,0,FALSE,0,FALSE,"rebrand_same_family",FALSE,TRUE,"keeper","seller"
"10423","Houghton",440,440,"TRG","TRG THRESHOLD TIMBER MICHIGAN II LLC*","Verdant Timber Michigan, LLC","Forest Industry","Forest Industry",81.9465570400822,67.8638232271326,-14.0827338129496,FALSE,FALSE,TRUE,FALSE,FALSE,0,FALSE,0,FALSE,"rebrand_same_family",FALSE,TRUE,"keeper","seller"
"11992","Keweenaw",440,NA,"TRG","TRG THRESHOLD TIMBER MICHIGAN II LLC*","non-CFP in 2026","Forest Industry","non-CFP in 2026",71.3634969325153,77.989263803681,6.62576687116565,FALSE,FALSE,FALSE,TRUE,FALSE,0,FALSE,0.725334942228424,TRUE,"tnc_heartlands",TRUE,TRUE,"seller","seller"
"11939","Keweenaw",440,440,"TRG","TRG THRESHOLD TIMBER MICHIGAN III LLC*","Verdant Timber Michigan, LLC","Forest Industry","Forest Industry",72.1187817258883,77.7918781725888,5.67309644670051,FALSE,FALSE,TRUE,FALSE,FALSE,0,FALSE,0,FALSE,"rebrand_same_family",FALSE,TRUE,"keeper","seller"
"10312","Houghton",440,440,"TRG","TRG THRESHOLD TIMBER MICHIGAN II LLC*","Verdant Timber Michigan, LLC","Forest Industry","Forest Industry",77.1261940673705,78.5937657114128,1.46757164404224,FALSE,FALSE,TRUE,FALSE,FALSE,0,FALSE,0,FALSE,"rebrand_same_family",FALSE,TRUE,"keeper","seller"
"11933","Keweenaw",440,440,"TRG","TRG THRESHOLD TIMBER MICHIGAN III LLC*","Verdant Timber Michigan, LLC","Forest Industry","Forest Industry",77.4136690647482,78.7312435765673,1.31757451181912,FALSE,FALSE,TRUE,FALSE,FALSE,0,FALSE,0,FALSE,"rebrand_same_family",FALSE,TRUE,"keeper","seller"
"11967","Keweenaw",440,440,"TRG","TRG THRESHOLD TIMBER MICHIGAN III LLC*","Verdant Timber Michigan, LLC","Forest Industry","Forest Industry",82.7722980062959,82.207240293809,-0.56505771248689,FALSE,FALSE,TRUE,FALSE,FALSE,0,FALSE,0,FALSE,"rebrand_same_family",FALSE,TRUE,"keeper","seller"
"11926","Keweenaw",401.49,NA,"TRG","TRG THRESHOLD TIMBER MICHIGAN III LLC*","non-CFP in 2026","Forest Industry","non-CFP in 2026",74.7290748898678,78.6486784140969,3.91960352422907,FALSE,FALSE,FALSE,TRUE,FALSE,0,FALSE,0,FALSE,"left_cfp",TRUE,TRUE,"seller","seller"
"10260","Houghton",400,400,"TRG","TRG THRESHOLD TIMBER MICHIGAN II LLC*","Verdant Timber Michigan, LLC","Forest Industry","Forest Industry",78.3949624866024,48.4967845659164,-29.898177920686,TRUE,FALSE,TRUE,FALSE,FALSE,0,FALSE,0,FALSE,"rebrand_same_family",FALSE,TRUE,"keeper","seller"
"12118","Keweenaw",400,400,"TRG","TRG THRESHOLD TIMBER MICHIGAN III LLC*","Verdant Timber Michigan, LLC","Forest Industry","Forest Industry",63.2535370684776,72.2608941709111,9.0073571024335,FALSE,FALSE,TRUE,FALSE,FALSE,0,FALSE,0,FALSE,"rebrand_same_family",FALSE,TRUE,"keeper","seller"
"11913","Keweenaw",400,400,"TRG","TRG THRESHOLD TIMBER MICHIGAN III LLC*","Verdant Timber Michigan, LLC","Forest Industry","Forest Industry",56.3595948227349,62.2689926842994,5.90939786156444,FALSE,FALSE,TRUE,FALSE,FALSE,0,FALSE,0,FALSE,"rebrand_same_family",FALSE,TRUE,"keeper","seller"
"31379","Houghton",400,400,"TRG","TRG THRESHOLD TIMBER MICHIGAN II LLC*","Verdant Timber Michigan, LLC","Forest Industry","Forest Industry",51.3181039406054,52.671045117076,1.35294117647059,FALSE,FALSE,TRUE,FALSE,FALSE,0,FALSE,0,FALSE,"rebrand_same_family",FALSE,TRUE,"keeper","seller"
"10415","Houghton",400,400,"TRG","TRG THRESHOLD TIMBER MICHIGAN II LLC*","Verdant Timber Michigan, LLC","Forest Industry","Forest Industry",82.9058823529412,83.9282913165266,1.02240896358543,FALSE,FALSE,TRUE,FALSE,FALSE,0,FALSE,0,FALSE,"rebrand_same_family",FALSE,TRUE,"keeper","seller"
"12083","Keweenaw",400,400,"TRG","TRG THRESHOLD TIMBER MICHIGAN III LLC*","Verdant Timber Michigan, LLC","Forest Industry","Forest Industry",76.0028058361392,76.9001122334456,0.897306397306394,FALSE,FALSE,TRUE,FALSE,FALSE,0,FALSE,0,FALSE,"rebrand_same_family",FALSE,TRUE,"keeper","seller"
"12062","Keweenaw",400,NA,"TRG","TRG THRESHOLD TIMBER MICHIGAN III LLC*","non-CFP in 2026","Forest Industry","non-CFP in 2026",75.1965859030837,75.1486784140969,-0.0479074889867803,FALSE,FALSE,FALSE,TRUE,FALSE,0,FALSE,0,FALSE,"left_cfp",TRUE,TRUE,"seller","seller"
"11951","Keweenaw",360.92,360.92,"TRG","TRG THRESHOLD TIMBER MICHIGAN III LLC*","Verdant Timber Michigan, LLC","Forest Industry","Forest Industry",81.4910714285714,74.7602040816327,-6.73086734693878,FALSE,FALSE,TRUE,FALSE,FALSE,0,FALSE,0,FALSE,"rebrand_same_family",FALSE,TRUE,"keeper","seller"
"10343","Houghton",360,360,"TRG","TRG THRESHOLD TIMBER MICHIGAN II LLC*","Verdant Timber Michigan, LLC","Forest Industry","Forest Industry",80.4030674846626,59.2226993865031,-21.1803680981595,TRUE,FALSE,TRUE,FALSE,FALSE,0,FALSE,0,FALSE,"rebrand_same_family",FALSE,TRUE,"keeper","seller"
"11988","Keweenaw",360,360,"TRG","TRG THRESHOLD TIMBER MICHIGAN II LLC*","Nature Conservancy, The","Forest Industry","Other Business",53.4019912881145,71.7056627255756,18.3036714374611,FALSE,FALSE,FALSE,FALSE,FALSE,0,FALSE,0.99950683411214,TRUE,"tnc_heartlands",TRUE,TRUE,"seller","seller"
"17976","Keweenaw",360,360,"TRG","TRG THRESHOLD TIMBER MICHIGAN II LLC*","Nature Conservancy, The","Forest Industry","Other Business",61.4261786600496,76.4218362282878,14.9956575682382,FALSE,FALSE,FALSE,FALSE,FALSE,0,FALSE,1.00000000000013,TRUE,"tnc_heartlands",TRUE,TRUE,"seller","seller"
"5220","Keweenaw",360,360,"TRG","TRG THRESHOLD TIMBER MICHIGAN III LLC*","Verdant Timber Michigan, LLC","Forest Industry","Forest Industry",76.3875776397516,66.7316770186335,-9.65590062111802,FALSE,FALSE,TRUE,FALSE,FALSE,0.995976832438474,TRUE,0,FALSE,"songbird",TRUE,TRUE,"seller","seller"
"10179","Houghton",360,360,"TRG","TRG THRESHOLD TIMBER MICHIGAN II LLC*","Verdant Timber Michigan, LLC","Forest Industry","Forest Industry",77.7774333539988,83.2653440793552,5.48791072535649,FALSE,FALSE,TRUE,FALSE,FALSE,0,FALSE,0,FALSE,"rebrand_same_family",FALSE,TRUE,"keeper","seller"
"10264","Houghton",360,360,"TRG","TRG THRESHOLD TIMBER MICHIGAN II LLC*","Verdant Timber Michigan, LLC","Forest Industry","Forest Industry",77.8002481389578,83.1501240694789,5.34987593052109,FALSE,FALSE,TRUE,FALSE,FALSE,0,FALSE,0,FALSE,"rebrand_same_family",FALSE,TRUE,"keeper","seller"
"27094","Keweenaw",360,360,"TRG","TRG THRESHOLD TIMBER MICHIGAN II LLC*","Nature Conservancy, The","Forest Industry","Other Business",76.9717514124294,79.5116133082235,2.53986189579409,FALSE,FALSE,FALSE,FALSE,FALSE,0,FALSE,0.999999999999917,TRUE,"tnc_heartlands",TRUE,TRUE,"seller","seller"
"10377","Houghton",360,360,"TRG","TRG THRESHOLD TIMBER MICHIGAN II LLC*","Verdant Timber Michigan, LLC","Forest Industry","Forest Industry",73.8988833746898,75.1526054590571,1.25372208436724,FALSE,FALSE,TRUE,FALSE,FALSE,0,FALSE,0,FALSE,"rebrand_same_family",FALSE,TRUE,"keeper","seller"
"23537","Keweenaw",359.99,359.99,"TRG","TRG THRESHOLD TIMBER MICHIGAN III LLC*","Verdant Timber Michigan, LLC","Forest Industry","Forest Industry",78.0635308491142,78.2748930971289,0.211362248014666,FALSE,FALSE,TRUE,FALSE,FALSE,0,FALSE,0,FALSE,"rebrand_same_family",FALSE,TRUE,"keeper","seller"
"10340","Houghton",359.68,359.68,"TRG","TRG THRESHOLD TIMBER MICHIGAN II LLC*","Verdant Timber Michigan, LLC","Forest Industry","Forest Industry",80.0967741935484,59.182382133995,-20.9143920595534,TRUE,FALSE,TRUE,FALSE,FALSE,0,FALSE,0,FALSE,"rebrand_same_family",FALSE,TRUE,"keeper","seller"
"30660","Keweenaw",342,342,"TRG","TRG THRESHOLD TIMBER MICHIGAN II LLC*","Nature Conservancy, The","Forest Industry","Other Business",77.8291390728477,78.6033112582781,0.774172185430459,FALSE,FALSE,FALSE,FALSE,FALSE,0,FALSE,0.987706950053965,TRUE,"tnc_heartlands",TRUE,TRUE,"seller","seller"
"4910","Houghton",321.04,321.04,"TRG","TRG THRESHOLD TIMBER MICHIGAN II LLC*","Verdant Timber Michigan, LLC","Forest Industry","Forest Industry",78.6481481481482,79.3945868945869,0.746438746438741,FALSE,FALSE,TRUE,FALSE,FALSE,0,FALSE,0,FALSE,"rebrand_same_family",FALSE,TRUE,"keeper","seller"
"11922","Keweenaw",320.75,320.75,"TRG","TRG THRESHOLD TIMBER MICHIGAN III LLC*","Verdant Timber Michigan, LLC","Forest Industry","Forest Industry",70.9392458100559,72.5356145251397,1.5963687150838,FALSE,FALSE,TRUE,FALSE,FALSE,0,FALSE,0,FALSE,"rebrand_same_family",FALSE,TRUE,"keeper","seller"
"10253","Houghton",320.24,320.24,"TRG","TRG THRESHOLD TIMBER MICHIGAN II LLC*","Verdant Timber Michigan, LLC","Forest Industry","Forest Industry",78.8504606661942,70.6966690290574,-8.15379163713679,FALSE,FALSE,TRUE,FALSE,FALSE,0,FALSE,0,FALSE,"rebrand_same_family",FALSE,TRUE,"keeper","seller"
"10254","Houghton",320.15,320.15,"TRG","TRG THRESHOLD TIMBER MICHIGAN II LLC*","Verdant Timber Michigan, LLC","Forest Industry","Forest Industry",65.8856534090909,72.6448863636364,6.75923295454545,FALSE,FALSE,TRUE,FALSE,FALSE,0,FALSE,0,FALSE,"rebrand_same_family",FALSE,TRUE,"keeper","seller"
"5231","Keweenaw",320,320,"TRG","TRG THRESHOLD TIMBER MICHIGAN III LLC*","Verdant Timber Michigan, LLC","Forest Industry","Forest Industry",77.7344947735192,33.9951219512195,-43.7393728222997,TRUE,FALSE,TRUE,FALSE,FALSE,0.989286251999745,TRUE,0,FALSE,"songbird",TRUE,TRUE,"seller","seller"
"5202","Keweenaw",320,320,"TRG","TRG THRESHOLD TIMBER MICHIGAN III LLC*","Verdant Timber Michigan, LLC","Forest Industry","Forest Industry",77.1576763485477,38.6715076071923,-38.4861687413555,TRUE,FALSE,TRUE,FALSE,FALSE,1.00000000000002,TRUE,0,FALSE,"songbird",TRUE,TRUE,"seller","seller"
"10416","Houghton",320,320,"TRG","TRG THRESHOLD TIMBER MICHIGAN II LLC*","Verdant Timber Michigan, LLC","Forest Industry","Forest Industry",37.8613998613999,71.3014553014553,33.4400554400554,FALSE,FALSE,TRUE,FALSE,FALSE,0,FALSE,0,FALSE,"rebrand_same_family",FALSE,TRUE,"keeper","seller"
"11996","Keweenaw",320,320,"TRG","TRG THRESHOLD TIMBER MICHIGAN II LLC*","Nature Conservancy, The","Forest Industry","Other Business",53.6841369671558,81.4423480083857,27.7582110412299,FALSE,FALSE,FALSE,FALSE,FALSE,0,FALSE,0.999999999999965,TRUE,"tnc_heartlands",TRUE,TRUE,"seller","seller"
"10276","Houghton",320,320,"TRG","TRG THRESHOLD TIMBER MICHIGAN II LLC*","Verdant Timber Michigan, LLC","Forest Industry","Forest Industry",74.1021394064872,46.7888198757764,-27.3133195307108,TRUE,FALSE,TRUE,FALSE,FALSE,0,FALSE,0,FALSE,"rebrand_same_family",FALSE,TRUE,"keeper","seller"
"5273","Keweenaw",320,320,"TRG","TRG THRESHOLD TIMBER MICHIGAN III LLC*","Verdant Timber Michigan, LLC","Forest Industry","Forest Industry",79.513085399449,53.267217630854,-26.245867768595,TRUE,FALSE,TRUE,FALSE,FALSE,0,FALSE,0,FALSE,"rebrand_same_family",FALSE,TRUE,"keeper","seller"
"20664","Keweenaw",320,320,"TRG","TRG THRESHOLD TIMBER MICHIGAN III LLC*","Verdant Timber Michigan, LLC","Forest Industry","Forest Industry",75.2401110340042,49.2338653712699,-26.0062456627342,TRUE,FALSE,TRUE,FALSE,FALSE,0,FALSE,0,FALSE,"rebrand_same_family",FALSE,TRUE,"keeper","seller"
"10275","Houghton",320,320,"TRG","TRG THRESHOLD TIMBER MICHIGAN II LLC*","Verdant Timber Michigan, LLC","Forest Industry","Forest Industry",80.522491349481,56.038062283737,-24.4844290657439,TRUE,FALSE,TRUE,FALSE,FALSE,0,FALSE,0,FALSE,"rebrand_same_family",FALSE,TRUE,"keeper","seller"
"810","Keweenaw",320,320,"TRG","TRG THRESHOLD TIMBER MICHIGAN III LLC*","Verdant Timber Michigan, LLC","Forest Industry","Forest Industry",74.0153417015342,56.1457461645746,-17.8695955369596,FALSE,FALSE,TRUE,FALSE,FALSE,1.00000000000002,TRUE,0,FALSE,"songbird",TRUE,TRUE,"seller","seller"
"10279","Houghton",320,320,"TRG","TRG THRESHOLD TIMBER MICHIGAN II LLC*","Verdant Timber Michigan, LLC","Forest Industry","Forest Industry",57.7601115760112,71.9567642956764,14.1966527196653,FALSE,FALSE,TRUE,FALSE,FALSE,0,FALSE,0,FALSE,"rebrand_same_family",FALSE,TRUE,"keeper","seller"
"20663","Keweenaw",320,320,"TRG","TRG THRESHOLD TIMBER MICHIGAN III LLC*","Verdant Timber Michigan, LLC","Forest Industry","Forest Industry",63.2705882352941,76.6484429065744,13.3778546712803,FALSE,FALSE,TRUE,FALSE,FALSE,0,FALSE,0,FALSE,"rebrand_same_family",FALSE,TRUE,"keeper","seller"
"10417","Houghton",320,320,"TRG","TRG THRESHOLD TIMBER MICHIGAN II LLC*","Verdant Timber Michigan, LLC","Forest Industry","Forest Industry",69.4331254331254,82.7373527373527,13.3042273042273,FALSE,FALSE,TRUE,FALSE,FALSE,0,FALSE,0,FALSE,"rebrand_same_family",FALSE,TRUE,"keeper","seller"
"34593","Houghton",320,NA,"TRG","TRG THRESHOLD TIMBER MICHIGAN II LLC*","non-CFP in 2026","Forest Industry","non-CFP in 2026",69.1623872310895,81.3657182512144,12.2033310201249,FALSE,FALSE,FALSE,TRUE,FALSE,0,FALSE,0,FALSE,"left_cfp",TRUE,TRUE,"seller","seller"
"5270","Keweenaw",320,320,"TRG","TRG THRESHOLD TIMBER MICHIGAN III LLC*","Verdant Timber Michigan, LLC","Forest Industry","Forest Industry",60.3560137457045,72.547766323024,12.1917525773196,FALSE,FALSE,TRUE,FALSE,FALSE,0,FALSE,0,FALSE,"rebrand_same_family",FALSE,TRUE,"keeper","seller"
"10274","Houghton",320,320,"TRG","TRG THRESHOLD TIMBER MICHIGAN II LLC*","Verdant Timber Michigan, LLC","Forest Industry","Forest Industry",68.1688490696072,76.6822880771881,8.51343900758098,FALSE,FALSE,TRUE,FALSE,FALSE,0,FALSE,0,FALSE,"rebrand_same_family",FALSE,TRUE,"keeper","seller"
"19004","Keweenaw",320,320,"TRG","TRG THRESHOLD TIMBER MICHIGAN II LLC*","Nature Conservancy, The","Forest Industry","Other Business",68.3827072997874,75.900779588944,7.51807228915662,FALSE,FALSE,FALSE,FALSE,FALSE,0,FALSE,1.00000000000002,TRUE,"tnc_heartlands",TRUE,TRUE,"seller","seller"
"11910","Keweenaw",320,320,"TRG","TRG THRESHOLD TIMBER MICHIGAN III LLC*","Verdant Timber Michigan, LLC","Forest Industry","Forest Industry",74.5292418772563,67.4245487364621,-7.10469314079421,FALSE,FALSE,TRUE,FALSE,FALSE,0,FALSE,0,FALSE,"rebrand_same_family",FALSE,TRUE,"keeper","seller"
"10294","Houghton",320,320,"TRG","TRG THRESHOLD TIMBER MICHIGAN II LLC*","Martin J Vanderploeg 2001 Revocable Living Trust, dated May 2, 2001","Forest Industry","Trust",80.7657967032967,73.7396978021978,-7.02609890109891,FALSE,FALSE,FALSE,FALSE,FALSE,0,FALSE,0,FALSE,"other_sale",TRUE,TRUE,"seller","seller"
"22043","Keweenaw",320,320,"TRG","TRG THRESHOLD TIMBER MICHIGAN III LLC*","Keweenaw Investment and Development Sites, L.L.C.","Forest Industry","Other Business",65.9315937940762,72.6417489421721,6.71015514809591,FALSE,FALSE,FALSE,FALSE,FALSE,0,FALSE,0,FALSE,"other_sale",TRUE,TRUE,"seller","seller"
"790","Keweenaw",320,320,"TRG","TRG THRESHOLD TIMBER MICHIGAN III LLC*","Verdant Timber Michigan, LLC","Forest Industry","Forest Industry",67.5639412997904,61.3801537386443,-6.18378756114605,FALSE,FALSE,TRUE,FALSE,FALSE,0,FALSE,0,FALSE,"rebrand_same_family",FALSE,TRUE,"keeper","seller"
"5174","Keweenaw",320,320,"TRG","TRG THRESHOLD TIMBER MICHIGAN III LLC*","Verdant Timber Michigan, LLC","Forest Industry","Forest Industry",65.7522679692952,71.8590369853454,6.10676901605024,FALSE,FALSE,TRUE,FALSE,FALSE,0,FALSE,0,FALSE,"rebrand_same_family",FALSE,TRUE,"keeper","seller"
"19013","Keweenaw",320,320,"TRG","TRG THRESHOLD TIMBER MICHIGAN II LLC*","Nature Conservancy, The","Forest Industry","Other Business",74.3095737246681,80.2976939203354,5.98812019566736,FALSE,FALSE,FALSE,FALSE,FALSE,0,FALSE,0.979234252630723,TRUE,"tnc_heartlands",TRUE,TRUE,"seller","seller"
"11995","Keweenaw",320,320,"TRG","TRG THRESHOLD TIMBER MICHIGAN II LLC*","Nature Conservancy, The","Forest Industry","Other Business",74.3521524347212,79.8419195483416,5.48976711362032,FALSE,FALSE,FALSE,FALSE,FALSE,0,FALSE,0.993742788430771,TRUE,"tnc_heartlands",TRUE,TRUE,"seller","seller"
"12111","Keweenaw",320,320,"TRG","TRG THRESHOLD TIMBER MICHIGAN III LLC*","Cole, Edward F.","Forest Industry","Private Individual(s)",70.9499652536484,76.2981236970118,5.34815844336345,FALSE,FALSE,FALSE,FALSE,FALSE,0,FALSE,0,FALSE,"other_sale",TRUE,TRUE,"seller","seller"
"22052","Keweenaw",320,NA,"TRG","TRG THRESHOLD TIMBER MICHIGAN III LLC*","non-CFP in 2026","Forest Industry","non-CFP in 2026",68.2131376659678,73.4912648497554,5.27812718378756,FALSE,FALSE,FALSE,TRUE,FALSE,0,FALSE,0,FALSE,"left_cfp",TRUE,TRUE,"seller","seller"
"11957","Keweenaw",320,320,"TRG","TRG THRESHOLD TIMBER MICHIGAN III LLC*","Verdant Timber Michigan, LLC","Forest Industry","Forest Industry",83.239099859353,78.1568213783404,-5.08227848101265,FALSE,FALSE,TRUE,FALSE,FALSE,0,FALSE,0,FALSE,"rebrand_same_family",FALSE,TRUE,"keeper","seller"
"10361","Houghton",320,320,"TRG","TRG THRESHOLD TIMBER MICHIGAN II LLC*","Verdant Timber Michigan, LLC","Forest Industry","Forest Industry",76.2317744154058,81.1258596973865,4.89408528198074,FALSE,FALSE,TRUE,FALSE,FALSE,0,FALSE,0,FALSE,"rebrand_same_family",FALSE,TRUE,"keeper","seller"
"19767","Keweenaw",320,320,"TRG","TRG THRESHOLD TIMBER MICHIGAN III LLC*","Verdant Timber Michigan, LLC","Forest Industry","Forest Industry",73.0837950138504,77.3746537396122,4.29085872576177,FALSE,FALSE,TRUE,FALSE,FALSE,0,FALSE,0,FALSE,"rebrand_same_family",FALSE,TRUE,"keeper","seller"
"16843","Keweenaw",320,320,"TRG","TRG THRESHOLD TIMBER MICHIGAN III LLC*","Keweenaw Investment and Development Sites, L.L.C.","Forest Industry","Other Business",63.923782639379,68.1785462244178,4.25476358503882,FALSE,FALSE,FALSE,FALSE,FALSE,0,FALSE,0,FALSE,"other_sale",TRUE,TRUE,"seller","seller"
"19005","Keweenaw",320,320,"TRG","TRG THRESHOLD TIMBER MICHIGAN II LLC*","Nature Conservancy, The","Forest Industry","Other Business",69.6812804453723,73.6958942240779,4.01461377870564,FALSE,FALSE,FALSE,FALSE,FALSE,0,FALSE,0.989863476697182,TRUE,"tnc_heartlands",TRUE,TRUE,"seller","seller"
"23272","Keweenaw",320,320,"TRG","TRG THRESHOLD TIMBER MICHIGAN III LLC*","Sand Hills Ridge LLC","Forest Industry","Other Business",73.3901918976546,77.2174840085288,3.8272921108742,FALSE,FALSE,FALSE,FALSE,FALSE,5.1054886374392e-05,FALSE,0,FALSE,"other_sale",TRUE,TRUE,"seller","seller"
"5288","Keweenaw",320,NA,"TRG","TRG THRESHOLD TIMBER MICHIGAN III LLC*","non-CFP in 2026","Forest Industry","non-CFP in 2026",73.6342161775233,76.9971367215462,3.3629205440229,FALSE,FALSE,FALSE,TRUE,FALSE,0,FALSE,0,FALSE,"left_cfp",TRUE,TRUE,"seller","seller"
"19764","Keweenaw",320,320,"TRG","TRG THRESHOLD TIMBER MICHIGAN III LLC*","Nature Conservancy, The","Forest Industry","Other Business",66.6287878787879,69.8615702479339,3.23278236914601,FALSE,FALSE,FALSE,FALSE,FALSE,0,FALSE,0.999999999999954,TRUE,"tnc_heartlands",TRUE,TRUE,"seller","seller"
"12004","Keweenaw",320,320,"TRG","TRG THRESHOLD TIMBER MICHIGAN II LLC*","Nature Conservancy, The","Forest Industry","Other Business",77.059691011236,80.2183988764045,3.15870786516854,FALSE,FALSE,FALSE,FALSE,FALSE,0,FALSE,0.997120083595683,TRUE,"tnc_heartlands",TRUE,TRUE,"seller","seller"
"10420","Houghton",320,320,"TRG","TRG THRESHOLD TIMBER MICHIGAN II LLC*","Verdant Timber Michigan, LLC","Forest Industry","Forest Industry",79.7652846099789,76.6317638791286,-3.13352073085032,FALSE,FALSE,TRUE,FALSE,FALSE,0,FALSE,0,FALSE,"rebrand_same_family",FALSE,TRUE,"keeper","seller"
"12068","Keweenaw",320,320,"TRG","TRG THRESHOLD TIMBER MICHIGAN III LLC*","Verdant Timber Michigan, LLC","Forest Industry","Forest Industry",81.1875,78.0632102272727,-3.12428977272727,FALSE,FALSE,TRUE,FALSE,FALSE,0,FALSE,0,FALSE,"rebrand_same_family",FALSE,TRUE,"keeper","seller"
"10298","Houghton",320,320,"TRG","TRG THRESHOLD TIMBER MICHIGAN II LLC*","Martin J Vanderploeg 2001 Revocable Living Trust, dated May 2, 2001","Forest Industry","Trust",77.702364394993,80.807371349096,3.10500695410293,FALSE,FALSE,FALSE,FALSE,FALSE,0,FALSE,0,FALSE,"other_sale",TRUE,TRUE,"seller","seller"
"10360","Houghton",320,320,"TRG","TRG THRESHOLD TIMBER MICHIGAN II LLC*","Verdant Timber Michigan, LLC","Forest Industry","Forest Industry",73.2713704206242,76.3208955223881,3.0495251017639,FALSE,FALSE,TRUE,FALSE,FALSE,0,FALSE,0,FALSE,"rebrand_same_family",FALSE,TRUE,"keeper","seller"
"4913","Houghton",320,320,"TRG","TRG THRESHOLD TIMBER MICHIGAN II LLC*","Verdant Timber Cub, LLC","Forest Industry","Forest Industry",75.8705035971223,78.6474820143885,2.77697841726618,FALSE,FALSE,TRUE,FALSE,FALSE,0,FALSE,0,FALSE,"rebrand_same_family",FALSE,TRUE,"keeper","seller"
"792","Keweenaw",320,320,"TRG","TRG THRESHOLD TIMBER MICHIGAN III LLC*","Verdant Timber Michigan, LLC","Forest Industry","Forest Industry",70.6339958875942,68.0157642220699,-2.61823166552433,FALSE,FALSE,TRUE,FALSE,FALSE,0,FALSE,0,FALSE,"rebrand_same_family",FALSE,TRUE,"keeper","seller"
"19060","Keweenaw",320,320,"TRG","TRG THRESHOLD TIMBER MICHIGAN III LLC*","Verdant Timber Cub, LLC","Forest Industry","Forest Industry",76.3335635359116,78.753453038674,2.41988950276243,FALSE,FALSE,TRUE,FALSE,FALSE,0.99910811221565,TRUE,0,FALSE,"songbird",TRUE,TRUE,"seller","seller"
"18011","Keweenaw",320,320,"TRG","TRG THRESHOLD TIMBER MICHIGAN III LLC*","Verdant Timber Michigan, LLC","Forest Industry","Forest Industry",75.7626050420168,78.1750700280112,2.4124649859944,FALSE,FALSE,TRUE,FALSE,FALSE,0,FALSE,0,FALSE,"rebrand_same_family",FALSE,TRUE,"keeper","seller"
"5184","Keweenaw",320,320,"TRG","TRG THRESHOLD TIMBER MICHIGAN III LLC*","Verdant Timber Michigan, LLC","Forest Industry","Forest Industry",74.553264604811,76.8158075601375,2.26254295532647,FALSE,FALSE,TRUE,FALSE,FALSE,0,FALSE,0,FALSE,"rebrand_same_family",FALSE,TRUE,"keeper","seller"
"27102","Keweenaw",320,320,"TRG","TRG THRESHOLD TIMBER MICHIGAN II LLC*","Nature Conservancy, The","Forest Industry","Other Business",76.5240418118467,78.590243902439,2.06620209059234,FALSE,FALSE,FALSE,FALSE,FALSE,0,FALSE,1.00000000000001,TRUE,"tnc_heartlands",TRUE,TRUE,"seller","seller"
"10215","Houghton",320,320,"TRG","TRG THRESHOLD TIMBER MICHIGAN II LLC*","Verdant Timber Michigan, LLC","Forest Industry","Forest Industry",80.2480454868515,82.2544420753376,2.00639658848614,FALSE,FALSE,TRUE,FALSE,FALSE,0,FALSE,0,FALSE,"rebrand_same_family",FALSE,TRUE,"keeper","seller"
"10383","Houghton",320,320,"TRG","TRG THRESHOLD TIMBER MICHIGAN II LLC*","Verdant Timber Michigan, LLC","Forest Industry","Forest Industry",78.429178470255,80.4178470254957,1.98866855524079,FALSE,FALSE,TRUE,FALSE,FALSE,0,FALSE,0,FALSE,"rebrand_same_family",FALSE,TRUE,"keeper","seller"
"10388","Houghton",320,320,"TRG","TRG THRESHOLD TIMBER MICHIGAN II LLC*","Verdant Timber Michigan, LLC","Forest Industry","Forest Industry",79.6608513607816,81.5540823447313,1.89323098394975,FALSE,FALSE,TRUE,FALSE,FALSE,0,FALSE,0,FALSE,"rebrand_same_family",FALSE,TRUE,"keeper","seller"
"19059","Keweenaw",320,320,"TRG","TRG THRESHOLD TIMBER MICHIGAN III LLC*","Verdant Timber Cub, LLC","Forest Industry","Forest Industry",72.292459478506,74.1282593375617,1.83579985905567,FALSE,FALSE,TRUE,FALSE,FALSE,0.998449488869813,TRUE,0,FALSE,"songbird",TRUE,TRUE,"seller","seller"
"788","Keweenaw",320,NA,"TRG","TRG THRESHOLD TIMBER MICHIGAN III LLC*","non-CFP in 2026","Forest Industry","non-CFP in 2026",67.1752136752137,68.9323361823362,1.75712250712252,FALSE,FALSE,FALSE,TRUE,FALSE,0,FALSE,0,FALSE,"left_cfp",TRUE,TRUE,"seller","seller"
"35480","Keweenaw",320,320,"TRG","TRG THRESHOLD TIMBER MICHIGAN III LLC*","Verdant Timber Michigan, LLC","Forest Industry","Forest Industry",80.3392101551481,81.8998589562764,1.56064880112835,FALSE,FALSE,TRUE,FALSE,FALSE,0,FALSE,0,FALSE,"rebrand_same_family",FALSE,TRUE,"keeper","seller"
"5176","Keweenaw",320,320,"TRG","TRG THRESHOLD TIMBER MICHIGAN III LLC*","Verdant Timber Michigan, LLC","Forest Industry","Forest Industry",80.850566572238,82.2167138810198,1.36614730878186,FALSE,FALSE,TRUE,FALSE,FALSE,0,FALSE,0,FALSE,"rebrand_same_family",FALSE,TRUE,"keeper","seller"
"23296","Keweenaw",320,320,"TRG","TRG THRESHOLD TIMBER MICHIGAN III LLC*","Verdant Timber Michigan, LLC","Forest Industry","Forest Industry",74.731553056922,76.0175685172171,1.28601546029515,FALSE,FALSE,TRUE,FALSE,FALSE,0,FALSE,0,FALSE,"rebrand_same_family",FALSE,TRUE,"keeper","seller"
"10408","Houghton",320,320,"TRG","TRG THRESHOLD TIMBER MICHIGAN II LLC*","Verdant Timber Michigan, LLC","Forest Industry","Forest Industry",84.4001406469761,85.5773558368495,1.17721518987342,FALSE,FALSE,TRUE,FALSE,FALSE,0,FALSE,0,FALSE,"rebrand_same_family",FALSE,TRUE,"keeper","seller"
"10419","Houghton",320,320,"TRG","TRG THRESHOLD TIMBER MICHIGAN II LLC*","Verdant Timber Michigan, LLC","Forest Industry","Forest Industry",80.8377997179125,81.9478138222849,1.11001410437237,FALSE,FALSE,TRUE,FALSE,FALSE,0,FALSE,0,FALSE,"rebrand_same_family",FALSE,TRUE,"keeper","seller"
"10280","Houghton",320,320,"TRG","TRG THRESHOLD TIMBER MICHIGAN II LLC*","Verdant Timber Michigan, LLC","Forest Industry","Forest Industry",77.7015851137147,76.6519641626465,-1.04962095106823,FALSE,FALSE,TRUE,FALSE,FALSE,0,FALSE,0,FALSE,"rebrand_same_family",FALSE,TRUE,"keeper","seller"
"11908","Keweenaw",320,320,"TRG","TRG THRESHOLD TIMBER MICHIGAN III LLC*","Verdant Timber Michigan, LLC","Forest Industry","Forest Industry",71.4236351071182,72.4533517622668,1.02971665514859,FALSE,FALSE,TRUE,FALSE,FALSE,0,FALSE,0,FALSE,"rebrand_same_family",FALSE,TRUE,"keeper","seller"
"821","Keweenaw",320,320,"TRG","TRG THRESHOLD TIMBER MICHIGAN III LLC*","Verdant Timber Michigan, LLC","Forest Industry","Forest Industry",83.6753521126761,84.6697183098591,0.994366197183098,FALSE,FALSE,TRUE,FALSE,FALSE,0,FALSE,0,FALSE,"rebrand_same_family",FALSE,TRUE,"keeper","seller"
"19760","Keweenaw",320,320,"TRG","TRG THRESHOLD TIMBER MICHIGAN III LLC*","Keweenaw Investment and Development Sites, L.L.C.","Forest Industry","Other Business",76.0152883947186,75.0653231410702,-0.949965253648372,FALSE,FALSE,FALSE,FALSE,FALSE,0,FALSE,0,FALSE,"other_sale",TRUE,TRUE,"seller","seller"
"10256","Houghton",320,NA,"TRG","TRG THRESHOLD TIMBER MICHIGAN II LLC*","non-CFP in 2026","Forest Industry","non-CFP in 2026",75.2918994413408,76.1284916201117,0.836592178770942,FALSE,FALSE,FALSE,TRUE,FALSE,0,FALSE,0,FALSE,"left_cfp",TRUE,TRUE,"seller","seller"
"12056","Keweenaw",320,320,"TRG","TRG THRESHOLD TIMBER MICHIGAN III LLC*","Verdant Timber Michigan, LLC","Forest Industry","Forest Industry",83.0505617977528,83.8700842696629,0.819522471910119,FALSE,FALSE,TRUE,FALSE,FALSE,0,FALSE,0,FALSE,"rebrand_same_family",FALSE,TRUE,"keeper","seller"
"11960","Keweenaw",320,320,"TRG","TRG THRESHOLD TIMBER MICHIGAN III LLC*","Verdant Timber Michigan, LLC","Forest Industry","Forest Industry",82.3524011299435,83.1447740112994,0.792372881355931,FALSE,FALSE,TRUE,FALSE,FALSE,0,FALSE,0,FALSE,"rebrand_same_family",FALSE,TRUE,"keeper","seller"
"18017","Keweenaw",320,320,"TRG","TRG THRESHOLD TIMBER MICHIGAN III LLC*","Verdant Timber Michigan, LLC","Forest Industry","Forest Industry",79.2077087794433,79.9621698786581,0.754461099214851,FALSE,FALSE,TRUE,FALSE,FALSE,0,FALSE,0,FALSE,"rebrand_same_family",FALSE,TRUE,"keeper","seller"
"798","Keweenaw",320,320,"TRG","TRG THRESHOLD TIMBER MICHIGAN III LLC*","Verdant Timber Michigan, LLC","Forest Industry","Forest Industry",72.3673611111111,73.1173611111111,0.75,FALSE,FALSE,TRUE,FALSE,FALSE,0,FALSE,0,FALSE,"rebrand_same_family",FALSE,TRUE,"keeper","seller"
"11909","Keweenaw",320,320,"TRG","TRG THRESHOLD TIMBER MICHIGAN III LLC*","Verdant Timber Michigan, LLC","Forest Industry","Forest Industry",78.5633310006998,77.9055283414976,-0.657802659202233,FALSE,FALSE,TRUE,FALSE,FALSE,0,FALSE,0,FALSE,"rebrand_same_family",FALSE,TRUE,"keeper","seller"
"784","Keweenaw",320,320,"TRG","TRG THRESHOLD TIMBER MICHIGAN III LLC*","Verdant Timber Michigan, LLC","Forest Industry","Forest Industry",67.5429958391124,68.1934812760055,0.650485436893192,FALSE,FALSE,TRUE,FALSE,FALSE,0,FALSE,0,FALSE,"rebrand_same_family",FALSE,TRUE,"keeper","seller"
"818","Keweenaw",320,320,"TRG","TRG THRESHOLD TIMBER MICHIGAN III LLC*","Verdant Timber Michigan, LLC","Forest Industry","Forest Industry",73.6600566572238,73.0198300283286,-0.640226628895178,FALSE,FALSE,TRUE,FALSE,FALSE,0,FALSE,0,FALSE,"rebrand_same_family",FALSE,TRUE,"keeper","seller"
"10328","Houghton",320,320,"TRG","TRG THRESHOLD TIMBER MICHIGAN II LLC*","Verdant Timber Michigan, LLC","Forest Industry","Forest Industry",80.292042042042,80.8888888888889,0.596846846846844,FALSE,FALSE,TRUE,FALSE,FALSE,0,FALSE,0,FALSE,"rebrand_same_family",FALSE,TRUE,"keeper","seller"
"12057","Keweenaw",320,320,"TRG","TRG THRESHOLD TIMBER MICHIGAN III LLC*","Verdant Timber Michigan, LLC","Forest Industry","Forest Industry",83.8009915014164,84.2903682719547,0.489376770538243,FALSE,FALSE,TRUE,FALSE,FALSE,0,FALSE,0,FALSE,"rebrand_same_family",FALSE,TRUE,"keeper","seller"
"10373","Houghton",320,320,"TRG","TRG THRESHOLD TIMBER MICHIGAN II LLC*","Verdant Timber Michigan, LLC","Forest Industry","Forest Industry",74.0349162011173,74.4392458100559,0.404329608938554,FALSE,FALSE,TRUE,FALSE,FALSE,0,FALSE,0,FALSE,"rebrand_same_family",FALSE,TRUE,"keeper","seller"
"19041","Keweenaw",320,320,"TRG","TRG THRESHOLD TIMBER MICHIGAN III LLC*","Verdant Timber Michigan, LLC","Forest Industry","Forest Industry",81.5358649789029,81.8396624472574,0.303797468354432,FALSE,FALSE,TRUE,FALSE,FALSE,0,FALSE,0,FALSE,"rebrand_same_family",FALSE,TRUE,"keeper","seller"
"11955","Keweenaw",320,320,"TRG","TRG THRESHOLD TIMBER MICHIGAN III LLC*","Verdant Timber Michigan, LLC","Forest Industry","Forest Industry",83.6849015317287,83.398249452954,-0.286652078774623,FALSE,FALSE,TRUE,FALSE,FALSE,0,FALSE,0,FALSE,"rebrand_same_family",FALSE,TRUE,"keeper","seller"
"21470","Keweenaw",320,NA,"TRG","TRG THRESHOLD TIMBER MICHIGAN III LLC*","non-CFP in 2026","Forest Industry","non-CFP in 2026",71.4726643598616,71.7370242214533,0.264359861591686,FALSE,FALSE,FALSE,TRUE,FALSE,0,FALSE,0.141317663563507,FALSE,"left_cfp",TRUE,TRUE,"seller","seller"
"19753","Keweenaw",320,320,"TRG","TRG THRESHOLD TIMBER MICHIGAN II LLC*","Nature Conservancy, The","Forest Industry","Other Business",79.9322766570605,80.0302593659942,0.0979827089337277,FALSE,FALSE,FALSE,FALSE,FALSE,0,FALSE,0.995076480973774,TRUE,"tnc_heartlands",TRUE,TRUE,"seller","seller"
"20659","Keweenaw",320,320,"TRG","TRG THRESHOLD TIMBER MICHIGAN II LLC*","Nature Conservancy, The","Forest Industry","Other Business",75.7087238644557,75.6560922855083,-0.0526315789473699,FALSE,FALSE,FALSE,FALSE,FALSE,0,FALSE,0.992710245996319,TRUE,"tnc_heartlands",TRUE,TRUE,"seller","seller"
"11912","Keweenaw",320,320,"TRG","TRG THRESHOLD TIMBER MICHIGAN III LLC*","Verdant Timber Michigan, LLC","Forest Industry","Forest Industry",73.4779145546705,73.5206372194062,0.0427226647356918,FALSE,FALSE,TRUE,FALSE,FALSE,0,FALSE,0,FALSE,"rebrand_same_family",FALSE,TRUE,"keeper","seller"
"10214","Houghton",319.02,319.02,"TRG","TRG THRESHOLD TIMBER MICHIGAN II LLC*","Verdant Timber Michigan, LLC","Forest Industry","Forest Industry",82.3742116327961,83.6222845129643,1.24807288016818,FALSE,FALSE,TRUE,FALSE,FALSE,0,FALSE,0,FALSE,"rebrand_same_family",FALSE,TRUE,"keeper","seller"
"30310","Keweenaw",318.2,318.2,"TRG","TRG THRESHOLD TIMBER MICHIGAN II LLC*","Nature Conservancy, The","Forest Industry","Other Business",74.4823943661972,77.7823943661972,3.3,FALSE,FALSE,FALSE,FALSE,FALSE,0,FALSE,0.97249079126407,TRUE,"tnc_heartlands",TRUE,TRUE,"seller","seller"
"30312","Keweenaw",317.75,317.75,"TRG","TRG THRESHOLD TIMBER MICHIGAN II LLC*","Nature Conservancy, The","Forest Industry","Other Business",74.0437853107345,74.545197740113,0.501412429378533,FALSE,FALSE,FALSE,FALSE,FALSE,0,FALSE,0.999715106584145,TRUE,"tnc_heartlands",TRUE,TRUE,"seller","seller"
"17630","Houghton",316.32,316.32,"TRG","TRG THRESHOLD TIMBER MICHIGAN II LLC*","Martin J Vanderploeg 2001 Revocable Living Trust, dated May 2, 2001","Forest Industry","Trust",80.630258302583,82.6627306273063,2.03247232472324,FALSE,FALSE,FALSE,FALSE,FALSE,0,FALSE,0,FALSE,"other_sale",TRUE,TRUE,"seller","seller"
"30291","Keweenaw",315,315,"TRG","TRG THRESHOLD TIMBER MICHIGAN II LLC*","Nature Conservancy, The","Forest Industry","Other Business",69.8805535324108,70.9890750182083,1.10852148579752,FALSE,FALSE,FALSE,FALSE,FALSE,0,FALSE,0.995143086776864,TRUE,"tnc_heartlands",TRUE,TRUE,"seller","seller"
"30293","Keweenaw",315,315,"TRG","TRG THRESHOLD TIMBER MICHIGAN II LLC*","Nature Conservancy, The","Forest Industry","Other Business",71.0787172011662,71.301749271137,0.223032069970841,FALSE,FALSE,FALSE,FALSE,FALSE,0,FALSE,0.996431554444652,TRUE,"tnc_heartlands",TRUE,TRUE,"seller","seller"
"10407","Houghton",314.99,314.99,"TRG","TRG THRESHOLD TIMBER MICHIGAN II LLC*","Verdant Timber Michigan, LLC","Forest Industry","Forest Industry",78.5423728813559,75.7810734463277,-2.76129943502825,FALSE,FALSE,TRUE,FALSE,FALSE,0,FALSE,0,FALSE,"rebrand_same_family",FALSE,TRUE,"keeper","seller"
"17981","Keweenaw",314.35,316.31,"TRG","TRG THRESHOLD TIMBER MICHIGAN II LLC*","Nature Conservancy, The","Forest Industry","Other Business",70.4951790633609,72.788567493113,2.29338842975207,FALSE,FALSE,FALSE,FALSE,FALSE,0,FALSE,0.980077306640259,TRUE,"tnc_heartlands",TRUE,TRUE,"seller","seller"
"22045","Keweenaw",313.6,NA,"TRG","TRG THRESHOLD TIMBER MICHIGAN III LLC*","non-CFP in 2026","Forest Industry","non-CFP in 2026",64.2661971830986,75.9901408450704,11.7239436619718,FALSE,FALSE,FALSE,TRUE,FALSE,0,FALSE,0,FALSE,"left_cfp",TRUE,TRUE,"seller","seller"
"23233","Keweenaw",311.02,311.02,"TRG","TRG THRESHOLD TIMBER MICHIGAN II LLC*","Nature Conservancy, The","Forest Industry","Other Business",67.9205052005943,76.834323922734,8.91381872213968,FALSE,FALSE,FALSE,FALSE,FALSE,0,FALSE,0.992127821869478,TRUE,"tnc_heartlands",TRUE,TRUE,"seller","seller"
"30742","Keweenaw",310,NA,"TRG","TRG THRESHOLD TIMBER MICHIGAN III LLC*","non-CFP in 2026","Forest Industry","non-CFP in 2026",71.2409448818898,70.3771653543307,-0.863779527559046,FALSE,FALSE,FALSE,TRUE,FALSE,0,FALSE,0.341189865018322,FALSE,"left_cfp",TRUE,TRUE,"seller","seller"
"19744","Keweenaw",310,310,"TRG","TRG THRESHOLD TIMBER MICHIGAN II LLC*","Nature Conservancy, The","Forest Industry","Other Business",72.8439265536723,72.603813559322,-0.240112994350284,FALSE,FALSE,FALSE,FALSE,FALSE,0,FALSE,1.00000000000007,TRUE,"tnc_heartlands",TRUE,TRUE,"seller","seller"
"23293","Keweenaw",306.75,306.75,"TRG","TRG THRESHOLD TIMBER MICHIGAN III LLC*","Keweenaw Investment and Development Sites, L.L.C.","Forest Industry","Other Business",77.1586608442504,76.3959243085881,-0.762736535662299,FALSE,FALSE,FALSE,FALSE,FALSE,0,FALSE,0,FALSE,"other_sale",TRUE,TRUE,"seller","seller"
"27090","Keweenaw",306.21,306.21,"TRG","TRG THRESHOLD TIMBER MICHIGAN II LLC*","Nature Conservancy, The","Forest Industry","Other Business",76.1264450867052,78.6163294797688,2.48988439306358,FALSE,FALSE,FALSE,FALSE,FALSE,0,FALSE,1.00000000000002,TRUE,"tnc_heartlands",TRUE,TRUE,"seller","seller"
"17996","Keweenaw",302.24,302.24,"TRG","TRG THRESHOLD TIMBER MICHIGAN II LLC*","Nature Conservancy, The","Forest Industry","Other Business",66.8827838827839,65.7912087912088,-1.09157509157509,FALSE,FALSE,FALSE,FALSE,FALSE,0,FALSE,0.999999999999933,TRUE,"tnc_heartlands",TRUE,TRUE,"seller","seller"
"16847","Keweenaw",301.5,301.5,"TRG","TRG THRESHOLD TIMBER MICHIGAN III LLC*","Verdant Timber Michigan, LLC","Forest Industry","Forest Industry",74.9503703703704,66.1251851851852,-8.82518518518518,FALSE,FALSE,TRUE,FALSE,FALSE,0,FALSE,0,FALSE,"rebrand_same_family",FALSE,TRUE,"keeper","seller"
"5258","Keweenaw",300,300,"TRG","TRG THRESHOLD TIMBER MICHIGAN III LLC*","Keweenaw Investment and Development Sites, L.L.C.","Forest Industry","Other Business",75.4932432432432,77.3588588588589,1.86561561561561,FALSE,FALSE,FALSE,FALSE,FALSE,0,FALSE,0,FALSE,"other_sale",TRUE,TRUE,"seller","seller"
"34293","Keweenaw",300,300,"TRG","TRG THRESHOLD TIMBER MICHIGAN II LLC*","Nature Conservancy, The","Forest Industry","Other Business",79.2559347181009,79.3916913946587,0.135756676557861,FALSE,FALSE,FALSE,FALSE,FALSE,0,FALSE,1,TRUE,"tnc_heartlands",TRUE,TRUE,"seller","seller"
"813","Keweenaw",295.5,295.5,"TRG","TRG THRESHOLD TIMBER MICHIGAN III LLC*","Verdant Timber Michigan, LLC","Forest Industry","Forest Industry",63.3052631578947,57.5015037593985,-5.80375939849624,FALSE,FALSE,TRUE,FALSE,FALSE,0.989632307408723,TRUE,0,FALSE,"songbird",TRUE,TRUE,"seller","seller"
"31211","Keweenaw",295,NA,"TRG","TRG THRESHOLD TIMBER MICHIGAN III LLC*","non-CFP in 2026","Forest Industry","non-CFP in 2026",72.9836702954899,71.5902021772939,-1.39346811819595,FALSE,FALSE,FALSE,TRUE,FALSE,0.000748363006533145,FALSE,0,FALSE,"left_cfp",TRUE,TRUE,"seller","seller"
"23207","Keweenaw",289.03,289.03,"TRG","TRG THRESHOLD TIMBER MICHIGAN II LLC*","Nature Conservancy, The","Forest Industry","Other Business",72.9394997091332,75.0343222803956,2.09482257126237,FALSE,FALSE,FALSE,FALSE,FALSE,0,FALSE,0.741331440451661,TRUE,"tnc_heartlands",TRUE,TRUE,"seller","seller"
"10183","Houghton",280,280,"TRG","TRG THRESHOLD TIMBER MICHIGAN II LLC*","Verdant Timber Michigan, LLC","Forest Industry","Forest Industry",53.3768453768454,81.3651903651904,27.988344988345,FALSE,FALSE,TRUE,FALSE,FALSE,0,FALSE,0,FALSE,"rebrand_same_family",FALSE,TRUE,"keeper","seller"
"5226","Keweenaw",280,280,"TRG","TRG THRESHOLD TIMBER MICHIGAN III LLC*","Verdant Timber Michigan, LLC","Forest Industry","Forest Industry",73.2083000798085,48.7406225059856,-24.4676775738228,TRUE,FALSE,TRUE,FALSE,FALSE,0.9896146999363,TRUE,0,FALSE,"songbird",TRUE,TRUE,"seller","seller"
"10331","Houghton",280,280,"TRG","TRG THRESHOLD TIMBER MICHIGAN II LLC*","Verdant Timber Michigan, LLC","Forest Industry","Forest Industry",80.7940298507463,71.5298507462687,-9.26417910447762,FALSE,FALSE,TRUE,FALSE,FALSE,0,FALSE,0,FALSE,"rebrand_same_family",FALSE,TRUE,"keeper","seller"
"11970","Keweenaw",280,280,"TRG","TRG THRESHOLD TIMBER MICHIGAN III LLC*","Verdant Timber Michigan, LLC","Forest Industry","Forest Industry",69.5020112630732,78.484312148029,8.98230088495575,FALSE,FALSE,TRUE,FALSE,FALSE,0,FALSE,0,FALSE,"rebrand_same_family",FALSE,TRUE,"keeper","seller"
"10365","Houghton",280,280,"TRG","TRG THRESHOLD TIMBER MICHIGAN II LLC*","Verdant Timber Michigan, LLC","Forest Industry","Forest Industry",73.1293375394322,81.7981072555205,8.66876971608833,FALSE,FALSE,TRUE,FALSE,FALSE,0,FALSE,0,FALSE,"rebrand_same_family",FALSE,TRUE,"keeper","seller"
"10349","Houghton",280,280,"TRG","TRG THRESHOLD TIMBER MICHIGAN II LLC*","Verdant Timber Michigan, LLC","Forest Industry","Forest Industry",81.7309803921569,76.4666666666667,-5.2643137254902,FALSE,FALSE,TRUE,FALSE,FALSE,0,FALSE,0,FALSE,"rebrand_same_family",FALSE,TRUE,"keeper","seller"
"12069","Keweenaw",280,280,"TRG","TRG THRESHOLD TIMBER MICHIGAN III LLC*","Verdant Timber Michigan, LLC","Forest Industry","Forest Industry",77.8603896103896,80.8693181818182,3.00892857142858,FALSE,FALSE,TRUE,FALSE,FALSE,0,FALSE,0,FALSE,"rebrand_same_family",FALSE,TRUE,"keeper","seller"
"11999","Keweenaw",280,280,"TRG","TRG THRESHOLD TIMBER MICHIGAN II LLC*","Nature Conservancy, The","Forest Industry","Other Business",76.2329093799682,78.9411764705882,2.70826709062003,FALSE,FALSE,FALSE,FALSE,FALSE,0,FALSE,0.976358791270616,TRUE,"tnc_heartlands",TRUE,TRUE,"seller","seller"
"10284","Houghton",280,280,"TRG","TRG THRESHOLD TIMBER MICHIGAN II LLC*","Verdant Timber Michigan, LLC","Forest Industry","Forest Industry",71.4437194127243,74.084013050571,2.64029363784665,FALSE,FALSE,TRUE,FALSE,FALSE,0,FALSE,0,FALSE,"rebrand_same_family",FALSE,TRUE,"keeper","seller"
"11911","Keweenaw",280,280,"TRG","TRG THRESHOLD TIMBER MICHIGAN III LLC*","Verdant Timber Michigan, LLC","Forest Industry","Forest Industry",71.6661184210526,74.0625,2.39638157894737,FALSE,FALSE,TRUE,FALSE,FALSE,0,FALSE,0,FALSE,"rebrand_same_family",FALSE,TRUE,"keeper","seller"
"29960","Keweenaw",280,280,"TRG","TRG THRESHOLD TIMBER MICHIGAN II LLC*","Nature Conservancy, The","Forest Industry","Other Business",77.5423322683706,78.9688498402556,1.42651757188499,FALSE,FALSE,FALSE,FALSE,FALSE,0,FALSE,0.977855226372215,TRUE,"tnc_heartlands",TRUE,TRUE,"seller","seller"
"35550","Keweenaw",280,280,"TRG","TRG THRESHOLD TIMBER MICHIGAN II LLC*","Nature Conservancy, The","Forest Industry","Other Business",80.6752738654147,80.5618153364632,-0.113458528951483,FALSE,FALSE,FALSE,FALSE,FALSE,0,FALSE,0.997514535353212,TRUE,"tnc_heartlands",TRUE,TRUE,"seller","seller"
"10182","Houghton",280,280,"TRG","TRG THRESHOLD TIMBER MICHIGAN II LLC*","Verdant Timber Michigan, LLC","Forest Industry","Forest Industry",82.6530775379696,82.6922462030376,0.0391686650679475,FALSE,FALSE,TRUE,FALSE,FALSE,0,FALSE,0,FALSE,"rebrand_same_family",FALSE,TRUE,"keeper","seller"
"23539","Keweenaw",279.77,279.77,"TRG","TRG THRESHOLD TIMBER MICHIGAN III LLC*","Verdant Timber Michigan, LLC","Forest Industry","Forest Industry",76.0764984227129,80.6190851735016,4.54258675078864,FALSE,FALSE,TRUE,FALSE,FALSE,0,FALSE,0,FALSE,"rebrand_same_family",FALSE,TRUE,"keeper","seller"
"12114","Keweenaw",270.9,270.9,"TRG","TRG THRESHOLD TIMBER MICHIGAN III LLC*","Verdant Timber Michigan, LLC","Forest Industry","Forest Industry",74.8805601317957,75.004942339374,0.12438220757825,FALSE,FALSE,TRUE,FALSE,FALSE,0.999582028835718,TRUE,0,FALSE,"songbird",TRUE,TRUE,"seller","seller"
"17995","Keweenaw",264.6,264.6,"TRG","TRG THRESHOLD TIMBER MICHIGAN II LLC*","Nature Conservancy, The","Forest Industry","Other Business",64.3574561403509,66.1739766081871,1.81652046783626,FALSE,FALSE,FALSE,FALSE,FALSE,0,FALSE,0.99999999999997,TRUE,"tnc_heartlands",TRUE,TRUE,"seller","seller"
"23311","Keweenaw",263.6,263.6,"TRG","TRG THRESHOLD TIMBER MICHIGAN III LLC*","Cole, Edward F.","Forest Industry","Private Individual(s)",74.8983666061706,75.2232304900182,0.324863883847556,FALSE,FALSE,FALSE,FALSE,FALSE,0,FALSE,0,FALSE,"other_sale",TRUE,TRUE,"seller","seller"
"19002","Keweenaw",259.4,259.4,"TRG","TRG THRESHOLD TIMBER MICHIGAN II LLC*","Nature Conservancy, The","Forest Industry","Other Business",66.972049689441,67.167701863354,0.195652173913047,FALSE,FALSE,FALSE,FALSE,FALSE,0,FALSE,0.99970764728956,TRUE,"tnc_heartlands",TRUE,TRUE,"seller","seller"
"34029","Keweenaw",249.14,249.14,"TRG","TRG THRESHOLD TIMBER MICHIGAN III LLC*","Nature Conservancy, The","Forest Industry","Other Business",73.4225575853852,73.9467831612391,0.524225575853862,FALSE,FALSE,FALSE,FALSE,FALSE,0,FALSE,1.00000000000002,TRUE,"tnc_heartlands",TRUE,TRUE,"seller","seller"
"23302","Keweenaw",244.2,244.2,"TRG","TRG THRESHOLD TIMBER MICHIGAN III LLC*","Nature Conservancy, The","Forest Industry","Other Business",58.7100478468899,67.4755980861244,8.76555023923446,FALSE,FALSE,FALSE,FALSE,FALSE,0,FALSE,0.982974634254095,TRUE,"tnc_heartlands",TRUE,TRUE,"seller","seller"
"10413","Houghton",242.83,242.83,"TRG","TRG THRESHOLD TIMBER MICHIGAN II LLC*","Verdant Timber Michigan, LLC","Forest Industry","Forest Industry",77.6388115134633,79.2571959145775,1.61838440111421,FALSE,FALSE,TRUE,FALSE,FALSE,0,FALSE,0,FALSE,"rebrand_same_family",FALSE,TRUE,"keeper","seller"
"29903","Keweenaw",241.93,241.93,"TRG","TRG THRESHOLD TIMBER MICHIGAN III LLC*","Verdant Timber Michigan, LLC","Forest Industry","Forest Industry",72.7010968921389,76.3574040219378,3.6563071297989,FALSE,FALSE,TRUE,FALSE,FALSE,0,FALSE,0,FALSE,"rebrand_same_family",FALSE,TRUE,"keeper","seller"
"10307","Houghton",240,240,"TRG","TRG THRESHOLD TIMBER MICHIGAN II LLC*","Verdant Timber Michigan, LLC","Forest Industry","Forest Industry",58.8029330889093,84.6617781851512,25.858845096242,FALSE,FALSE,TRUE,FALSE,FALSE,0,FALSE,0,FALSE,"rebrand_same_family",FALSE,TRUE,"keeper","seller"
"10426","Houghton",240,240,"TRG","TRG THRESHOLD TIMBER MICHIGAN II LLC*","Verdant Timber Michigan, LLC","Forest Industry","Forest Industry",58.7336492890995,76.9374407582938,18.2037914691943,FALSE,FALSE,TRUE,FALSE,FALSE,0,FALSE,0,FALSE,"rebrand_same_family",FALSE,TRUE,"keeper","seller"
"11990","Keweenaw",240,NA,"TRG","TRG THRESHOLD TIMBER MICHIGAN II LLC*","non-CFP in 2026","Forest Industry","non-CFP in 2026",62.6873840445269,73.2903525046382,10.6029684601113,FALSE,FALSE,FALSE,TRUE,FALSE,0,FALSE,0.333799360795375,FALSE,"left_cfp",TRUE,TRUE,"seller","seller"
"11962","Keweenaw",240,NA,"TRG","TRG THRESHOLD TIMBER MICHIGAN III LLC*","non-CFP in 2026","Forest Industry","non-CFP in 2026",63.6591337099812,72.0969868173258,8.43785310734463,FALSE,FALSE,FALSE,TRUE,FALSE,0,FALSE,0,FALSE,"left_cfp",TRUE,TRUE,"seller","seller"
"27087","Keweenaw",240,240,"TRG","TRG THRESHOLD TIMBER MICHIGAN II LLC*","Nature Conservancy, The","Forest Industry","Other Business",76.5571030640669,80.4698235840297,3.91272051996286,FALSE,FALSE,FALSE,FALSE,FALSE,0,FALSE,0.999999999999967,TRUE,"tnc_heartlands",TRUE,TRUE,"seller","seller"
"18015","Keweenaw",240,240,"TRG","TRG THRESHOLD TIMBER MICHIGAN III LLC*","Verdant Timber Michigan, LLC","Forest Industry","Forest Industry",75.0101663585952,76.7800369685767,1.76987060998151,FALSE,FALSE,TRUE,FALSE,FALSE,0,FALSE,0,FALSE,"rebrand_same_family",FALSE,TRUE,"keeper","seller"
"12102","Keweenaw",240,240,"TRG","TRG THRESHOLD TIMBER MICHIGAN III LLC*","Verdant Timber Michigan, LLC","Forest Industry","Forest Industry",74.3085714285714,75.9152380952381,1.60666666666667,FALSE,FALSE,TRUE,FALSE,FALSE,0,FALSE,0,FALSE,"rebrand_same_family",FALSE,TRUE,"keeper","seller"
"11945","Keweenaw",240,240,"TRG","TRG THRESHOLD TIMBER MICHIGAN III LLC*","Verdant Timber Michigan, LLC","Forest Industry","Forest Industry",81.9850327408793,80.4995322731525,-1.48550046772685,FALSE,FALSE,TRUE,FALSE,FALSE,0,FALSE,0,FALSE,"rebrand_same_family",FALSE,TRUE,"keeper","seller"
"34291","Keweenaw",240,240,"TRG","TRG THRESHOLD TIMBER MICHIGAN II LLC*","Nature Conservancy, The","Forest Industry","Other Business",78.0739371534196,79.0221811460259,0.94824399260628,FALSE,FALSE,FALSE,FALSE,FALSE,0,FALSE,1.00000000000006,TRUE,"tnc_heartlands",TRUE,TRUE,"seller","seller"
"35179","Keweenaw",240,240,"TRG","TRG THRESHOLD TIMBER MICHIGAN III LLC*","Verdant Timber Michigan, LLC","Forest Industry","Forest Industry",82.4503745318352,83.2125468164794,0.762172284644194,FALSE,FALSE,TRUE,FALSE,FALSE,0,FALSE,0,FALSE,"rebrand_same_family",FALSE,TRUE,"keeper","seller"
"10267","Houghton",240,240,"TRG","TRG THRESHOLD TIMBER MICHIGAN II LLC*","Verdant Timber Michigan, LLC","Forest Industry","Forest Industry",78.2093023255814,77.4744186046512,-0.734883720930227,FALSE,FALSE,TRUE,FALSE,FALSE,0,FALSE,0,FALSE,"rebrand_same_family",FALSE,TRUE,"keeper","seller"
"10427","Houghton",240,240,"TRG","TRG THRESHOLD TIMBER MICHIGAN II LLC*","Verdant Timber Michigan, LLC","Forest Industry","Forest Industry",67.4,66.7169811320755,-0.683018867924531,FALSE,FALSE,TRUE,FALSE,FALSE,0,FALSE,0,FALSE,"rebrand_same_family",FALSE,TRUE,"keeper","seller"
"10334","Houghton",240,240,"TRG","TRG THRESHOLD TIMBER MICHIGAN II LLC*","Verdant Timber Michigan, LLC","Forest Industry","Forest Industry",81.4315004659832,81.9720410065238,0.540540540540547,FALSE,FALSE,TRUE,FALSE,FALSE,0,FALSE,0,FALSE,"rebrand_same_family",FALSE,TRUE,"keeper","seller"
"11914","Keweenaw",240,240,"TRG","TRG THRESHOLD TIMBER MICHIGAN III LLC*","Verdant Timber Michigan, LLC","Forest Industry","Forest Industry",75.7807339449541,75.7935779816514,0.0128440366972598,FALSE,FALSE,TRUE,FALSE,FALSE,0,FALSE,0,FALSE,"rebrand_same_family",FALSE,TRUE,"keeper","seller"
"10323","Houghton",232.15,232.15,"TRG","TRG THRESHOLD TIMBER MICHIGAN II LLC*","Verdant Timber Michigan, LLC","Forest Industry","Forest Industry",77.0483576642336,81.2189781021898,4.1706204379562,FALSE,FALSE,TRUE,FALSE,FALSE,0,FALSE,0,FALSE,"rebrand_same_family",FALSE,TRUE,"keeper","seller"
"34213","Houghton",230,230,"TRG","TRG THRESHOLD TIMBER MICHIGAN II LLC*","Verdant Timber Michigan, LLC","Forest Industry","Forest Industry",74.7605633802817,82.037558685446,7.27699530516432,FALSE,FALSE,TRUE,FALSE,FALSE,0,FALSE,0,FALSE,"rebrand_same_family",FALSE,TRUE,"keeper","seller"
"30740","Houghton",230,230,"TRG","TRG THRESHOLD TIMBER MICHIGAN II LLC*","Verdant Timber Michigan, LLC","Forest Industry","Forest Industry",82.9357476635514,77.2511682242991,-5.68457943925233,FALSE,FALSE,TRUE,FALSE,FALSE,0,FALSE,0,FALSE,"rebrand_same_family",FALSE,TRUE,"keeper","seller"
"27101","Keweenaw",220,220,"TRG","TRG THRESHOLD TIMBER MICHIGAN II LLC*","Nature Conservancy, The","Forest Industry","Other Business",76.7505091649694,78.2128309572301,1.4623217922607,FALSE,FALSE,FALSE,FALSE,FALSE,0,FALSE,0.999999999999982,TRUE,"tnc_heartlands",TRUE,TRUE,"seller","seller"
"32517","Keweenaw",220,220,"TRG","TRG THRESHOLD TIMBER MICHIGAN III LLC*","Verdant Timber Michigan, LLC","Forest Industry","Forest Industry",70.7585848074922,71.0228928199792,0.264308012486993,FALSE,FALSE,TRUE,FALSE,FALSE,0,FALSE,0,FALSE,"rebrand_same_family",FALSE,TRUE,"keeper","seller"
"23231","Keweenaw",207.28,207.28,"TRG","TRG THRESHOLD TIMBER MICHIGAN III LLC*","Nature Conservancy, The","Forest Industry","Other Business",76.4786324786325,76.9544159544159,0.475783475783473,FALSE,FALSE,FALSE,FALSE,FALSE,0,FALSE,0.912894388545538,TRUE,"tnc_heartlands",TRUE,TRUE,"seller","seller"
"11950","Keweenaw",200.3,200.3,"TRG","TRG THRESHOLD TIMBER MICHIGAN III LLC*","Verdant Timber Michigan, LLC","Forest Industry","Forest Industry",74.7482837528604,65.3100686498856,-9.43821510297484,FALSE,FALSE,TRUE,FALSE,FALSE,0,FALSE,0,FALSE,"rebrand_same_family",FALSE,TRUE,"keeper","seller"
"17986","Keweenaw",200,200,"TRG","TRG THRESHOLD TIMBER MICHIGAN II LLC*","Nature Conservancy, The","Forest Industry","Other Business",72.6575654152446,76.6211604095563,3.96359499431172,FALSE,FALSE,FALSE,FALSE,FALSE,0,FALSE,0.993713825534376,TRUE,"tnc_heartlands",TRUE,TRUE,"seller","seller"
"18003","Keweenaw",200,200,"TRG","TRG THRESHOLD TIMBER MICHIGAN II LLC*","Nature Conservancy, The","Forest Industry","Other Business",75.3926585094549,79.0878754171301,3.6952169076752,FALSE,FALSE,FALSE,FALSE,FALSE,0,FALSE,0.996250986254575,TRUE,"tnc_heartlands",TRUE,TRUE,"seller","seller"
"18008","Keweenaw",200,200,"TRG","TRG THRESHOLD TIMBER MICHIGAN III LLC*","Nature Conservancy, The","Forest Industry","Other Business",71.3566591422122,73.5033860045147,2.14672686230247,FALSE,FALSE,FALSE,FALSE,FALSE,0,FALSE,0.999260410664046,TRUE,"tnc_heartlands",TRUE,TRUE,"seller","seller"
"11924","Keweenaw",200,200,"TRG","TRG THRESHOLD TIMBER MICHIGAN III LLC*","Verdant Timber Michigan, LLC","Forest Industry","Forest Industry",78.5763656633222,80.2742474916388,1.69788182831661,FALSE,FALSE,TRUE,FALSE,FALSE,0,FALSE,0,FALSE,"rebrand_same_family",FALSE,TRUE,"keeper","seller"
"23274","Keweenaw",200,200,"TRG","TRG THRESHOLD TIMBER MICHIGAN III LLC*","Verdant Timber Cub, LLC","Forest Industry","Forest Industry",73.2363433667781,74.8171683389075,1.58082497212932,FALSE,FALSE,TRUE,FALSE,FALSE,0.989259231326537,TRUE,0,FALSE,"songbird",TRUE,TRUE,"seller","seller"
"30314","Keweenaw",200,200,"TRG","TRG THRESHOLD TIMBER MICHIGAN II LLC*","Nature Conservancy, The","Forest Industry","Other Business",75.3648351648352,76.5032967032967,1.13846153846153,FALSE,FALSE,FALSE,FALSE,FALSE,0,FALSE,0.991592589199098,TRUE,"tnc_heartlands",TRUE,TRUE,"seller","seller"
"11944","Keweenaw",200,200,"TRG","TRG THRESHOLD TIMBER MICHIGAN III LLC*","Verdant Timber Michigan, LLC","Forest Industry","Forest Industry",78.29696287964,79.1046119235096,0.807649043869517,FALSE,FALSE,TRUE,FALSE,FALSE,0,FALSE,0,FALSE,"rebrand_same_family",FALSE,TRUE,"keeper","seller"
"18005","Keweenaw",200,NA,"TRG","TRG THRESHOLD TIMBER MICHIGAN III LLC*","non-CFP in 2026","Forest Industry","non-CFP in 2026",77.375,77.3355855855856,-0.0394144144144093,FALSE,FALSE,FALSE,TRUE,FALSE,0,FALSE,0,FALSE,"left_cfp",TRUE,TRUE,"seller","seller"
"16991","Houghton",198.15,198.15,"TRG","TRG THRESHOLD TIMBER MICHIGAN II LLC*","Verdant Timber Michigan, LLC","Forest Industry","Forest Industry",77.7892095357591,74.1944792973651,-3.59473023839398,FALSE,FALSE,TRUE,FALSE,FALSE,0,FALSE,0,FALSE,"rebrand_same_family",FALSE,TRUE,"keeper","seller"
"23253","Keweenaw",182.57,182.57,"TRG","TRG THRESHOLD TIMBER MICHIGAN II LLC*","Nature Conservancy, The","Forest Industry","Other Business",69.0181378476421,72.1390568319226,3.12091898428054,FALSE,FALSE,FALSE,FALSE,FALSE,0,FALSE,0.935793333315078,TRUE,"tnc_heartlands",TRUE,TRUE,"seller","seller"
"34027","Keweenaw",182.05,NA,"TRG","TRG THRESHOLD TIMBER MICHIGAN III LLC*","non-CFP in 2026","Forest Industry","non-CFP in 2026",75.1167630057803,74.9040462427746,-0.212716763005773,FALSE,FALSE,FALSE,TRUE,FALSE,0,FALSE,0.999999999999866,TRUE,"tnc_heartlands",TRUE,TRUE,"seller","seller"
"17619","Houghton",166.7,166.7,"TRG","TRG THRESHOLD TIMBER MICHIGAN II LLC*","Martin J Vanderploeg 2001 Revocable Living Trust, dated May 2, 2001","Forest Industry","Trust",80.6572327044025,81.9292452830189,1.27201257861635,FALSE,FALSE,FALSE,FALSE,FALSE,0,FALSE,0,FALSE,"other_sale",TRUE,TRUE,"seller","seller"
"5164","Keweenaw",163.33,163.33,"TRG","TRG THRESHOLD TIMBER MICHIGAN III LLC*","Verdant Timber Michigan, LLC","Forest Industry","Forest Industry",73.8530997304582,79.7237196765499,5.87061994609164,FALSE,FALSE,TRUE,FALSE,FALSE,5.40015152284781e-05,FALSE,0,FALSE,"rebrand_same_family",FALSE,TRUE,"keeper","seller"
"6105","Houghton",162.23,NA,"TRG","TRG THRESHOLD TIMBER MICHIGAN II LLC*","non-CFP in 2026","Forest Industry","non-CFP in 2026",83.1078431372549,83.1148459383754,0.00700280112044993,FALSE,FALSE,FALSE,TRUE,FALSE,0,FALSE,0,FALSE,"left_cfp",TRUE,TRUE,"seller","seller"
"11947","Keweenaw",160.45,160.45,"TRG","TRG THRESHOLD TIMBER MICHIGAN III LLC*","Verdant Timber Michigan, LLC","Forest Industry","Forest Industry",85.2492836676218,86.2464183381089,0.9971346704871,FALSE,FALSE,TRUE,FALSE,FALSE,0,FALSE,0,FALSE,"rebrand_same_family",FALSE,TRUE,"keeper","seller"
"22062","Houghton",160.36,160.36,"TRG","TRG THRESHOLD TIMBER MICHIGAN II LLC*","Verdant Timber Michigan, LLC","Forest Industry","Forest Industry",82.69921875,72.5403645833333,-10.1588541666667,FALSE,FALSE,TRUE,FALSE,FALSE,0,FALSE,0,FALSE,"rebrand_same_family",FALSE,TRUE,"keeper","seller"
"10322","Houghton",160.12,160.12,"TRG","TRG THRESHOLD TIMBER MICHIGAN II LLC*","Verdant Timber Michigan, LLC","Forest Industry","Forest Industry",71.7102177554439,74.1608040201005,2.45058626465661,FALSE,FALSE,TRUE,FALSE,FALSE,0,FALSE,0,FALSE,"rebrand_same_family",FALSE,TRUE,"keeper","seller"
"10324","Houghton",160.01,160.01,"TRG","TRG THRESHOLD TIMBER MICHIGAN II LLC*","Verdant Timber Michigan, LLC","Forest Industry","Forest Industry",81.6205357142857,74.7098214285714,-6.91071428571428,FALSE,FALSE,TRUE,FALSE,FALSE,0,FALSE,0,FALSE,"rebrand_same_family",FALSE,TRUE,"keeper","seller"
"5203","Keweenaw",160,160,"TRG","TRG THRESHOLD TIMBER MICHIGAN III LLC*","Verdant Timber Michigan, LLC","Forest Industry","Forest Industry",76.5773480662983,26.9530386740331,-49.6243093922652,TRUE,FALSE,TRUE,FALSE,FALSE,0.989858792362936,TRUE,0,FALSE,"songbird",TRUE,TRUE,"seller","seller"
"5165","Keweenaw",160,160,"TRG","TRG THRESHOLD TIMBER MICHIGAN III LLC*","Verdant Timber Michigan, LLC","Forest Industry","Forest Industry",75.2016238159675,30.7970230040595,-44.404600811908,TRUE,FALSE,TRUE,FALSE,FALSE,0.968428139216021,TRUE,0,FALSE,"songbird",TRUE,TRUE,"seller","seller"
"6143","Keweenaw",160,160,"TRG","TRG THRESHOLD TIMBER MICHIGAN III LLC*","Verdant Timber Michigan, LLC","Forest Industry","Forest Industry",74.6246537396122,35.0401662049861,-39.584487534626,TRUE,FALSE,TRUE,FALSE,FALSE,1.00000000000017,TRUE,0,FALSE,"songbird",TRUE,TRUE,"seller","seller"
"16864","Keweenaw",160,160,"TRG","TRG THRESHOLD TIMBER MICHIGAN III LLC*","Verdant Timber Michigan, LLC","Forest Industry","Forest Industry",81.5527777777778,48.5527777777778,-33,TRUE,FALSE,TRUE,FALSE,FALSE,0.997551307338363,TRUE,0,FALSE,"songbird",TRUE,TRUE,"seller","seller"
"5232","Keweenaw",160,160,"TRG","TRG THRESHOLD TIMBER MICHIGAN III LLC*","Verdant Timber Michigan, LLC","Forest Industry","Forest Industry",79.4289732770745,48.873417721519,-30.5555555555556,TRUE,FALSE,TRUE,FALSE,FALSE,0.987777433798079,TRUE,0,FALSE,"songbird",TRUE,TRUE,"seller","seller"
"6113","Keweenaw",160,160,"TRG","TRG THRESHOLD TIMBER MICHIGAN III LLC*","Verdant Timber Michigan, LLC","Forest Industry","Forest Industry",79.1552447552448,49.3636363636364,-29.7916083916084,TRUE,FALSE,TRUE,FALSE,FALSE,0.99669190339878,TRUE,0,FALSE,"songbird",TRUE,TRUE,"seller","seller"
"11971","Keweenaw",160,160,"TRG","TRG THRESHOLD TIMBER MICHIGAN III LLC*","Verdant Timber Michigan, LLC","Forest Industry","Forest Industry",51.7176966292135,80.3637640449438,28.6460674157303,FALSE,FALSE,TRUE,FALSE,FALSE,0,FALSE,0,FALSE,"rebrand_same_family",FALSE,TRUE,"keeper","seller"
"11985","Keweenaw",160,160,"TRG","TRG THRESHOLD TIMBER MICHIGAN II LLC*","Nature Conservancy, The","Forest Industry","Other Business",55.130985915493,82.2507042253521,27.1197183098592,FALSE,FALSE,FALSE,FALSE,FALSE,0,FALSE,0.99574241550307,TRUE,"tnc_heartlands",TRUE,TRUE,"seller","seller"
"10261","Houghton",160,160,"TRG","TRG THRESHOLD TIMBER MICHIGAN II LLC*","Verdant Timber Michigan, LLC","Forest Industry","Forest Industry",79.777027027027,53.1810810810811,-26.5959459459459,TRUE,FALSE,TRUE,FALSE,FALSE,0,FALSE,0,FALSE,"rebrand_same_family",FALSE,TRUE,"keeper","seller"
"19012","Keweenaw",160,160,"TRG","TRG THRESHOLD TIMBER MICHIGAN II LLC*","Nature Conservancy, The","Forest Industry","Other Business",52.7527932960894,77.5223463687151,24.7695530726257,FALSE,FALSE,FALSE,FALSE,FALSE,0,FALSE,1.00000000000003,TRUE,"tnc_heartlands",TRUE,TRUE,"seller","seller"
"5183","Keweenaw",160,160,"TRG","TRG THRESHOLD TIMBER MICHIGAN III LLC*","Verdant Timber Michigan, LLC","Forest Industry","Forest Industry",76.3292011019284,52.1776859504132,-24.1515151515152,TRUE,FALSE,TRUE,FALSE,FALSE,0,FALSE,0,FALSE,"rebrand_same_family",FALSE,TRUE,"keeper","seller"
"10283","Houghton",160,160,"TRG","TRG THRESHOLD TIMBER MICHIGAN II LLC*","Verdant Timber Michigan, LLC","Forest Industry","Forest Industry",79.7972027972028,58.186013986014,-21.6111888111888,TRUE,FALSE,TRUE,FALSE,FALSE,0,FALSE,0,FALSE,"rebrand_same_family",FALSE,TRUE,"keeper","seller"
"21458","Keweenaw",160,160,"TRG","TRG THRESHOLD TIMBER MICHIGAN II LLC*","Nature Conservancy, The","Forest Industry","Other Business",51.5319444444444,72.8013888888889,21.2694444444445,FALSE,FALSE,FALSE,FALSE,FALSE,0,FALSE,0.994909501186843,TRUE,"tnc_heartlands",TRUE,TRUE,"seller","seller"
"811","Keweenaw",160,160,"TRG","TRG THRESHOLD TIMBER MICHIGAN III LLC*","Verdant Timber Michigan, LLC","Forest Industry","Forest Industry",79.5076708507671,60.6750348675035,-18.8326359832636,FALSE,FALSE,TRUE,FALSE,FALSE,1.00000000000001,TRUE,0,FALSE,"songbird",TRUE,TRUE,"seller","seller"
"5171","Keweenaw",160,160,"TRG","TRG THRESHOLD TIMBER MICHIGAN III LLC*","Verdant Timber Michigan, LLC","Forest Industry","Forest Industry",75.1452750352609,56.9125528913963,-18.2327221438646,FALSE,FALSE,TRUE,FALSE,FALSE,0.958762988818876,TRUE,0,FALSE,"songbird",TRUE,TRUE,"seller","seller"
"5185","Keweenaw",160,160,"TRG","TRG THRESHOLD TIMBER MICHIGAN III LLC*","Verdant Timber Michigan, LLC","Forest Industry","Forest Industry",76.672778561354,59.2186177715092,-17.4541607898449,FALSE,FALSE,TRUE,FALSE,FALSE,0,FALSE,0,FALSE,"rebrand_same_family",FALSE,TRUE,"keeper","seller"
"10277","Houghton",160,160,"TRG","TRG THRESHOLD TIMBER MICHIGAN II LLC*","Verdant Timber Michigan, LLC","Forest Industry","Forest Industry",56.7788331071913,39.6540027137042,-17.1248303934871,FALSE,FALSE,TRUE,FALSE,FALSE,0,FALSE,0,FALSE,"rebrand_same_family",FALSE,TRUE,"keeper","seller"
"10332","Houghton",160,160,"TRG","TRG THRESHOLD TIMBER MICHIGAN II LLC*","Verdant Timber Michigan, LLC","Forest Industry","Forest Industry",80.0187667560322,63.3941018766756,-16.6246648793566,FALSE,FALSE,TRUE,FALSE,FALSE,0,FALSE,0,FALSE,"rebrand_same_family",FALSE,TRUE,"keeper","seller"
"11975","Keweenaw",160,160,"TRG","TRG THRESHOLD TIMBER MICHIGAN III LLC*","Verdant Timber Michigan, LLC","Forest Industry","Forest Industry",62.1498599439776,78.3655462184874,16.2156862745098,FALSE,FALSE,TRUE,FALSE,FALSE,0,FALSE,0,FALSE,"rebrand_same_family",FALSE,TRUE,"keeper","seller"
"10262","Houghton",160,160,"TRG","TRG THRESHOLD TIMBER MICHIGAN II LLC*","Verdant Timber Michigan, LLC","Forest Industry","Forest Industry",63.5720399429387,78.9757489300999,15.4037089871612,FALSE,FALSE,TRUE,FALSE,FALSE,0,FALSE,0,FALSE,"rebrand_same_family",FALSE,TRUE,"keeper","seller"
"6163","Keweenaw",160,160,"TRG","TRG THRESHOLD TIMBER MICHIGAN III LLC*","Verdant Timber Michigan, LLC","Forest Industry","Forest Industry",69.4752475247525,54.6888260254597,-14.7864214992928,FALSE,FALSE,TRUE,FALSE,FALSE,0,FALSE,0,FALSE,"rebrand_same_family",FALSE,TRUE,"keeper","seller"
"814","Keweenaw",160,160,"TRG","TRG THRESHOLD TIMBER MICHIGAN III LLC*","Verdant Timber Michigan, LLC","Forest Industry","Forest Industry",77.7011173184357,63.0712290502793,-14.6298882681564,FALSE,FALSE,TRUE,FALSE,FALSE,0.999999999999974,TRUE,0,FALSE,"songbird",TRUE,TRUE,"seller","seller"
"23184","Keweenaw",160,NA,"TRG","TRG THRESHOLD TIMBER MICHIGAN III LLC*","non-CFP in 2026","Forest Industry","non-CFP in 2026",62.4350828729282,76.9779005524862,14.542817679558,FALSE,FALSE,FALSE,TRUE,FALSE,0,FALSE,0,FALSE,"left_cfp",TRUE,TRUE,"seller","seller"
"11963","Keweenaw",160,NA,"TRG","TRG THRESHOLD TIMBER MICHIGAN III LLC*","non-CFP in 2026","Forest Industry","non-CFP in 2026",64.6899004267425,51.0184921763869,-13.6714082503556,FALSE,FALSE,FALSE,TRUE,FALSE,0,FALSE,0,FALSE,"left_cfp",TRUE,TRUE,"seller","seller"
"5173","Keweenaw",160,160,"TRG","TRG THRESHOLD TIMBER MICHIGAN III LLC*","Verdant Timber Michigan, LLC","Forest Industry","Forest Industry",77.5524861878453,65.8397790055249,-11.7127071823204,FALSE,FALSE,TRUE,FALSE,FALSE,0,FALSE,0,FALSE,"rebrand_same_family",FALSE,TRUE,"keeper","seller"
"18018","Keweenaw",160,160,"TRG","TRG THRESHOLD TIMBER MICHIGAN III LLC*","Verdant Timber Michigan, LLC","Forest Industry","Forest Industry",80.5979971387697,69.2403433476395,-11.3576537911302,FALSE,FALSE,TRUE,FALSE,FALSE,0.988155235243231,TRUE,0,FALSE,"songbird",TRUE,TRUE,"seller","seller"
"21446","Keweenaw",160,160,"TRG","TRG THRESHOLD TIMBER MICHIGAN II LLC*","Nature Conservancy, The","Forest Industry","Other Business",55.6404657933042,66.3260553129549,10.6855895196507,FALSE,FALSE,FALSE,FALSE,FALSE,0,FALSE,0.992486650758949,TRUE,"tnc_heartlands",TRUE,TRUE,"seller","seller"
"5282","Keweenaw",160,160,"TRG","TRG THRESHOLD TIMBER MICHIGAN III LLC*","Verdant Timber Michigan, LLC","Forest Industry","Forest Industry",76.5424200278164,67.6203059805285,-8.92211404728789,FALSE,FALSE,TRUE,FALSE,FALSE,0,FALSE,0,FALSE,"rebrand_same_family",FALSE,TRUE,"keeper","seller"
"23210","Keweenaw",160,160,"TRG","TRG THRESHOLD TIMBER MICHIGAN II LLC*","Nature Conservancy, The","Forest Industry","Other Business",67.5252808988764,76.3497191011236,8.82443820224719,FALSE,FALSE,FALSE,FALSE,FALSE,0,FALSE,1.00000000000001,TRUE,"tnc_heartlands",TRUE,TRUE,"seller","seller"
"10412","Houghton",160,160,"TRG","TRG THRESHOLD TIMBER MICHIGAN II LLC*","Verdant Timber Michigan, LLC","Forest Industry","Forest Industry",72.0252100840336,80.5210084033613,8.49579831932773,FALSE,FALSE,TRUE,FALSE,FALSE,0,FALSE,0,FALSE,"rebrand_same_family",FALSE,TRUE,"keeper","seller"
"22049","Keweenaw",160,160,"TRG","TRG THRESHOLD TIMBER MICHIGAN III LLC*","Cole, Edward F.","Forest Industry","Private Individual(s)",65.2985915492958,73.1253521126761,7.82676056338028,FALSE,FALSE,FALSE,FALSE,FALSE,0,FALSE,0,FALSE,"other_sale",TRUE,TRUE,"seller","seller"
"10273","Houghton",160,160,"TRG","TRG THRESHOLD TIMBER MICHIGAN II LLC*","Verdant Timber Michigan, LLC","Forest Industry","Forest Industry",69.8491620111732,62.1913407821229,-7.65782122905027,FALSE,FALSE,TRUE,FALSE,FALSE,0,FALSE,0,FALSE,"rebrand_same_family",FALSE,TRUE,"keeper","seller"
"16848","Keweenaw",160,160,"TRG","TRG THRESHOLD TIMBER MICHIGAN III LLC*","Verdant Timber Michigan, LLC","Forest Industry","Forest Industry",79.2159559834938,71.9779917469051,-7.23796423658872,FALSE,FALSE,TRUE,FALSE,FALSE,0,FALSE,0,FALSE,"rebrand_same_family",FALSE,TRUE,"keeper","seller"
"815","Keweenaw",160,160,"TRG","TRG THRESHOLD TIMBER MICHIGAN III LLC*","Verdant Timber Michigan, LLC","Forest Industry","Forest Industry",75.5071022727273,69.1803977272727,-6.32670454545453,FALSE,FALSE,TRUE,FALSE,FALSE,0,FALSE,0,FALSE,"rebrand_same_family",FALSE,TRUE,"keeper","seller"
"31767","Keweenaw",160,160,"TRG","TRG THRESHOLD TIMBER MICHIGAN III LLC*","Verdant Timber Michigan, LLC","Forest Industry","Forest Industry",59.1492329149233,65.1534170153417,6.00418410041841,FALSE,FALSE,TRUE,FALSE,FALSE,0.999999999999968,TRUE,0,FALSE,"songbird",TRUE,TRUE,"seller","seller"
"11915","Keweenaw",160,NA,"TRG","TRG THRESHOLD TIMBER MICHIGAN III LLC*","non-CFP in 2026","Forest Industry","non-CFP in 2026",67.7451253481894,73.508356545961,5.76323119777159,FALSE,FALSE,FALSE,TRUE,FALSE,0,FALSE,0,FALSE,"left_cfp",TRUE,TRUE,"seller","seller"
"5179","Keweenaw",160,160,"TRG","TRG THRESHOLD TIMBER MICHIGAN III LLC*","Verdant Timber Michigan, LLC","Forest Industry","Forest Industry",62.7722222222222,68.2569444444444,5.48472222222222,FALSE,FALSE,TRUE,FALSE,FALSE,0.999994331872827,TRUE,0,FALSE,"songbird",TRUE,TRUE,"seller","seller"
"22026","Keweenaw",160,160,"TRG","TRG THRESHOLD TIMBER MICHIGAN II LLC*","Nature Conservancy, The","Forest Industry","Other Business",69.7647887323944,74.9084507042254,5.14366197183099,FALSE,FALSE,FALSE,FALSE,FALSE,0,FALSE,0.994968269722722,TRUE,"tnc_heartlands",TRUE,TRUE,"seller","seller"
"6139","Keweenaw",160,160,"TRG","TRG THRESHOLD TIMBER MICHIGAN III LLC*","Verdant Timber Cub, LLC","Forest Industry","Forest Industry",76.7833333333333,71.8819444444444,-4.90138888888889,FALSE,FALSE,TRUE,FALSE,FALSE,0.999999999999923,TRUE,0,FALSE,"songbird",TRUE,TRUE,"seller","seller"
"18994","Keweenaw",160,160,"TRG","TRG THRESHOLD TIMBER MICHIGAN III LLC*","Verdant Timber Michigan, LLC","Forest Industry","Forest Industry",73.8587105624143,78.7599451303155,4.90123456790124,FALSE,FALSE,TRUE,FALSE,FALSE,0,FALSE,0,FALSE,"rebrand_same_family",FALSE,TRUE,"keeper","seller"
"11932","Keweenaw",160,160,"TRG","TRG THRESHOLD TIMBER MICHIGAN III LLC*","Verdant Timber Michigan, LLC","Forest Industry","Forest Industry",80.3974540311174,75.6308345120226,-4.76661951909476,FALSE,FALSE,TRUE,FALSE,FALSE,0,FALSE,0,FALSE,"rebrand_same_family",FALSE,TRUE,"keeper","seller"
"23264","Keweenaw",160,160,"TRG","TRG THRESHOLD TIMBER MICHIGAN III LLC*","Verdant Timber Cub, LLC","Forest Industry","Forest Industry",71.6417704011065,76.1396957123098,4.49792531120332,FALSE,FALSE,TRUE,FALSE,FALSE,0.996761032017437,TRUE,0,FALSE,"songbird",TRUE,TRUE,"seller","seller"
"777","Keweenaw",160,NA,"TRG","TRG THRESHOLD TIMBER MICHIGAN III LLC*","non-CFP in 2026","Forest Industry","non-CFP in 2026",71.859943977591,76.0042016806723,4.14425770308124,FALSE,FALSE,FALSE,TRUE,FALSE,0,FALSE,0,FALSE,"left_cfp",TRUE,TRUE,"seller","seller"
"5208","Keweenaw",160,160,"TRG","TRG THRESHOLD TIMBER MICHIGAN III LLC*","Verdant Timber Michigan, LLC","Forest Industry","Forest Industry",63.2036011080332,67.3130193905817,4.10941828254848,FALSE,FALSE,TRUE,FALSE,FALSE,0.994766605858481,TRUE,0,FALSE,"songbird",TRUE,TRUE,"seller","seller"
"29606","Keweenaw",160,160,"TRG","TRG THRESHOLD TIMBER MICHIGAN III LLC*","Nature Conservancy, The","Forest Industry","Other Business",73.8159340659341,77.7074175824176,3.8914835164835,FALSE,FALSE,FALSE,FALSE,FALSE,0,FALSE,1.00000000000003,TRUE,"tnc_heartlands",TRUE,TRUE,"seller","seller"
"5291","Keweenaw",160,160,"TRG","TRG THRESHOLD TIMBER MICHIGAN III LLC*","Cole, Edward F.","Forest Industry","Private Individual(s)",68.4333800841515,72.1697054698457,3.73632538569426,FALSE,FALSE,FALSE,FALSE,FALSE,0,FALSE,0,FALSE,"other_sale",TRUE,TRUE,"seller","seller"
"6122","Keweenaw",160,160,"TRG","TRG THRESHOLD TIMBER MICHIGAN III LLC*","Verdant Timber Michigan, LLC","Forest Industry","Forest Industry",78.7768361581921,82.5028248587571,3.72598870056497,FALSE,FALSE,TRUE,FALSE,FALSE,0,FALSE,0,FALSE,"rebrand_same_family",FALSE,TRUE,"keeper","seller"
"11979","Keweenaw",160,160,"TRG","TRG THRESHOLD TIMBER MICHIGAN III LLC*","Verdant Timber Michigan, LLC","Forest Industry","Forest Industry",46.511396011396,50.1296296296296,3.61823361823362,FALSE,FALSE,TRUE,FALSE,FALSE,0,FALSE,0,FALSE,"rebrand_same_family",FALSE,TRUE,"keeper","seller"
"19738","Keweenaw",160,160,"TRG","TRG THRESHOLD TIMBER MICHIGAN II LLC*","Nature Conservancy, The","Forest Industry","Other Business",69.2589413447783,72.8326180257511,3.57367668097282,FALSE,FALSE,FALSE,FALSE,FALSE,0,FALSE,1.00000000000004,TRUE,"tnc_heartlands",TRUE,TRUE,"seller","seller"
"23209","Keweenaw",160,160,"TRG","TRG THRESHOLD TIMBER MICHIGAN II LLC*","Nature Conservancy, The","Forest Industry","Other Business",70.5223463687151,74.0782122905028,3.55586592178771,FALSE,FALSE,FALSE,FALSE,FALSE,0,FALSE,0.99998853151833,TRUE,"tnc_heartlands",TRUE,TRUE,"seller","seller"
"776","Keweenaw",160,NA,"TRG","TRG THRESHOLD TIMBER MICHIGAN III LLC*","non-CFP in 2026","Forest Industry","non-CFP in 2026",66.8631284916201,70.3240223463687,3.4608938547486,FALSE,FALSE,FALSE,TRUE,FALSE,0,FALSE,0,FALSE,"left_cfp",TRUE,TRUE,"seller","seller"
"22046","Keweenaw",160,NA,"TRG","TRG THRESHOLD TIMBER MICHIGAN III LLC*","non-CFP in 2026","Forest Industry","non-CFP in 2026",61.5475862068966,64.8758620689655,3.32827586206896,FALSE,FALSE,FALSE,TRUE,FALSE,0,FALSE,0,FALSE,"left_cfp",TRUE,TRUE,"seller","seller"
"27109","Keweenaw",160,160,"TRG","TRG THRESHOLD TIMBER MICHIGAN III LLC*","Verdant Timber Michigan, LLC","Forest Industry","Forest Industry",46.2781740370899,49.5991440798859,3.32097004279601,FALSE,FALSE,TRUE,FALSE,FALSE,0,FALSE,0,FALSE,"rebrand_same_family",FALSE,TRUE,"keeper","seller"
"17988","Keweenaw",160,160,"TRG","TRG THRESHOLD TIMBER MICHIGAN II LLC*","Nature Conservancy, The","Forest Industry","Other Business",75.0153203342618,78.3161559888579,3.3008356545961,FALSE,FALSE,FALSE,FALSE,FALSE,0,FALSE,0.999999999999965,TRUE,"tnc_heartlands",TRUE,TRUE,"seller","seller"
"6117","Keweenaw",160,160,"TRG","TRG THRESHOLD TIMBER MICHIGAN III LLC*","Verdant Timber Michigan, LLC","Forest Industry","Forest Industry",71.6777777777778,68.4847222222222,-3.19305555555556,FALSE,FALSE,TRUE,FALSE,FALSE,0,FALSE,0,FALSE,"rebrand_same_family",FALSE,TRUE,"keeper","seller"
"781","Keweenaw",160,160,"TRG","TRG THRESHOLD TIMBER MICHIGAN III LLC*","Verdant Timber Michigan, LLC","Forest Industry","Forest Industry",70.8393854748603,73.9972067039106,3.15782122905028,FALSE,FALSE,TRUE,FALSE,FALSE,0,FALSE,0,FALSE,"rebrand_same_family",FALSE,TRUE,"keeper","seller"
"5294","Keweenaw",160,160,"TRG","TRG THRESHOLD TIMBER MICHIGAN III LLC*","Verdant Timber Michigan, LLC","Forest Industry","Forest Industry",72.1519337016575,75.2776243093923,3.12569060773481,FALSE,FALSE,TRUE,FALSE,FALSE,0,FALSE,0,FALSE,"rebrand_same_family",FALSE,TRUE,"keeper","seller"
"22025","Keweenaw",160,160,"TRG","TRG THRESHOLD TIMBER MICHIGAN II LLC*","Nature Conservancy, The","Forest Industry","Other Business",75.7458333333333,78.7625,3.01666666666667,FALSE,FALSE,FALSE,FALSE,FALSE,0,FALSE,0.999999999999965,TRUE,"tnc_heartlands",TRUE,TRUE,"seller","seller"
"31313","Keweenaw",160,160,"TRG","TRG THRESHOLD TIMBER MICHIGAN II LLC*","Nature Conservancy, The","Forest Industry","Other Business",75.5123287671233,78.4602739726027,2.94794520547944,FALSE,FALSE,FALSE,FALSE,FALSE,0,FALSE,0.99999999228335,TRUE,"tnc_heartlands",TRUE,TRUE,"seller","seller"
"22027","Keweenaw",160,160,"TRG","TRG THRESHOLD TIMBER MICHIGAN II LLC*","Nature Conservancy, The","Forest Industry","Other Business",70.9761235955056,73.8665730337079,2.89044943820225,FALSE,FALSE,FALSE,FALSE,FALSE,0,FALSE,0.994706226523435,TRUE,"tnc_heartlands",TRUE,TRUE,"seller","seller"
"27100","Keweenaw",160,160,"TRG","TRG THRESHOLD TIMBER MICHIGAN II LLC*","Nature Conservancy, The","Forest Industry","Other Business",76.8125,79.6931818181818,2.88068181818181,FALSE,FALSE,FALSE,FALSE,FALSE,0,FALSE,0.998848836147655,TRUE,"tnc_heartlands",TRUE,TRUE,"seller","seller"
"10263","Houghton",160,160,"TRG","TRG THRESHOLD TIMBER MICHIGAN II LLC*","Verdant Timber Michigan, LLC","Forest Industry","Forest Industry",79.4497206703911,82.1354748603352,2.68575418994413,FALSE,FALSE,TRUE,FALSE,FALSE,0,FALSE,0,FALSE,"rebrand_same_family",FALSE,TRUE,"keeper","seller"
"5307","Keweenaw",160,160,"TRG","TRG THRESHOLD TIMBER MICHIGAN III LLC*","Verdant Timber Cub, LLC","Forest Industry","Forest Industry",71.8867132867133,69.4657342657343,-2.42097902097902,FALSE,FALSE,TRUE,FALSE,FALSE,0.0123017941027169,FALSE,0,FALSE,"rebrand_same_family",FALSE,TRUE,"keeper","seller"
"12110","Keweenaw",160,160,"TRG","TRG THRESHOLD TIMBER MICHIGAN III LLC*","Verdant Timber Michigan, LLC","Forest Industry","Forest Industry",74.3342391304348,72.3410326086957,-1.99320652173913,FALSE,FALSE,TRUE,FALSE,FALSE,0,FALSE,0,FALSE,"rebrand_same_family",FALSE,TRUE,"keeper","seller"
"12112","Keweenaw",160,NA,"TRG","TRG THRESHOLD TIMBER MICHIGAN III LLC*","non-CFP in 2026","Forest Industry","non-CFP in 2026",74.3857729138167,76.2777017783858,1.89192886456908,FALSE,FALSE,FALSE,TRUE,FALSE,0,FALSE,0,FALSE,"left_cfp",TRUE,TRUE,"seller","seller"
"30316","Keweenaw",160,160,"TRG","TRG THRESHOLD TIMBER MICHIGAN II LLC*","Nature Conservancy, The","Forest Industry","Other Business",77.1016483516484,78.8804945054945,1.77884615384616,FALSE,FALSE,FALSE,FALSE,FALSE,0,FALSE,0.994723373081961,TRUE,"tnc_heartlands",TRUE,TRUE,"seller","seller"
"4947","Houghton",160,160,"TRG","TRG THRESHOLD TIMBER MICHIGAN II LLC*","Verdant Timber Michigan, LLC","Forest Industry","Forest Industry",69.5937940761636,71.2933709449929,1.69957686882934,FALSE,FALSE,TRUE,FALSE,FALSE,0,FALSE,0,FALSE,"rebrand_same_family",FALSE,TRUE,"keeper","seller"
"30308","Keweenaw",160,160,"TRG","TRG THRESHOLD TIMBER MICHIGAN II LLC*","Nature Conservancy, The","Forest Industry","Other Business",80.7402597402597,82.4083694083694,1.66810966810966,FALSE,FALSE,FALSE,FALSE,FALSE,0,FALSE,0.949408829409917,TRUE,"tnc_heartlands",TRUE,TRUE,"seller","seller"
"19743","Keweenaw",160,160,"TRG","TRG THRESHOLD TIMBER MICHIGAN II LLC*","Nature Conservancy, The","Forest Industry","Other Business",75.5829787234043,77.2382978723404,1.65531914893617,FALSE,FALSE,FALSE,FALSE,FALSE,0,FALSE,1.00000000000013,TRUE,"tnc_heartlands",TRUE,TRUE,"seller","seller"
"11916","Keweenaw",160,160,"TRG","TRG THRESHOLD TIMBER MICHIGAN III LLC*","Verdant Timber Michigan, LLC","Forest Industry","Forest Industry",75.6185133239832,77.249649368864,1.63113604488079,FALSE,FALSE,TRUE,FALSE,FALSE,0,FALSE,0,FALSE,"rebrand_same_family",FALSE,TRUE,"keeper","seller"
"11941","Keweenaw",160,160,"TRG","TRG THRESHOLD TIMBER MICHIGAN III LLC*","Verdant Timber Michigan, LLC","Forest Industry","Forest Industry",77.9862448418157,79.5873452544704,1.60110041265474,FALSE,FALSE,TRUE,FALSE,FALSE,0,FALSE,0,FALSE,"rebrand_same_family",FALSE,TRUE,"keeper","seller"
"4912","Houghton",160,160,"TRG","TRG THRESHOLD TIMBER MICHIGAN II LLC*","Verdant Timber Michigan, LLC","Forest Industry","Forest Industry",77.454802259887,78.9675141242938,1.51271186440678,FALSE,FALSE,TRUE,FALSE,FALSE,0,FALSE,0,FALSE,"rebrand_same_family",FALSE,TRUE,"keeper","seller"
"23205","Keweenaw",160,160,"TRG","TRG THRESHOLD TIMBER MICHIGAN II LLC*","Nature Conservancy, The","Forest Industry","Other Business",72.8735795454545,74.3806818181818,1.50710227272727,FALSE,FALSE,FALSE,FALSE,FALSE,0,FALSE,0.999122057510987,TRUE,"tnc_heartlands",TRUE,TRUE,"seller","seller"
"5175","Keweenaw",160,160,"TRG","TRG THRESHOLD TIMBER MICHIGAN III LLC*","Verdant Timber Michigan, LLC","Forest Industry","Forest Industry",81.3988603988604,80.0327635327635,-1.36609686609685,FALSE,FALSE,TRUE,FALSE,FALSE,0,FALSE,0,FALSE,"rebrand_same_family",FALSE,TRUE,"keeper","seller"
"15438","Houghton",160,160,"TRG","TRG THRESHOLD TIMBER MICHIGAN II LLC*","Verdant Timber Michigan, LLC","Forest Industry","Forest Industry",79.1774647887324,77.8211267605634,-1.35633802816902,FALSE,FALSE,TRUE,FALSE,FALSE,0,FALSE,0,FALSE,"rebrand_same_family",FALSE,TRUE,"keeper","seller"
"17671","Houghton",160,160,"TRG","TRG THRESHOLD TIMBER MICHIGAN II LLC*","Verdant Timber Michigan, LLC","Forest Industry","Forest Industry",56.495145631068,55.3023578363384,-1.19278779472955,FALSE,FALSE,TRUE,FALSE,FALSE,0,FALSE,0,FALSE,"rebrand_same_family",FALSE,TRUE,"keeper","seller"
"17984","Keweenaw",160,160,"TRG","TRG THRESHOLD TIMBER MICHIGAN II LLC*","Nature Conservancy, The","Forest Industry","Other Business",76.63,77.7014285714286,1.07142857142857,FALSE,FALSE,FALSE,FALSE,FALSE,0,FALSE,0.999999999999929,TRUE,"tnc_heartlands",TRUE,TRUE,"seller","seller"
"6129","Keweenaw",160,160,"TRG","TRG THRESHOLD TIMBER MICHIGAN III LLC*","Verdant Timber Michigan, LLC","Forest Industry","Forest Industry",83.6552217453505,84.7138769670959,1.05865522174535,FALSE,FALSE,TRUE,FALSE,FALSE,0,FALSE,0,FALSE,"rebrand_same_family",FALSE,TRUE,"keeper","seller"
"10386","Houghton",160,160,"TRG","TRG THRESHOLD TIMBER MICHIGAN II LLC*","Verdant Timber Michigan, LLC","Forest Industry","Forest Industry",78.8238482384824,77.8157181571816,-1.00813008130081,FALSE,FALSE,TRUE,FALSE,FALSE,0,FALSE,0,FALSE,"rebrand_same_family",FALSE,TRUE,"keeper","seller"
"17678","Houghton",160,160,"TRG","TRG THRESHOLD TIMBER MICHIGAN II LLC*","Verdant Timber Michigan, LLC","Forest Industry","Forest Industry",68.1978465679677,69.1870794078062,0.989232839838493,FALSE,FALSE,TRUE,FALSE,FALSE,0,FALSE,0,FALSE,"rebrand_same_family",FALSE,TRUE,"keeper","seller"
"19765","Keweenaw",160,160,"TRG","TRG THRESHOLD TIMBER MICHIGAN III LLC*","Keweenaw Investment and Development Sites, L.L.C.","Forest Industry","Other Business",76.0436005625879,75.070323488045,-0.973277074542892,FALSE,FALSE,FALSE,FALSE,FALSE,0,FALSE,0,FALSE,"other_sale",TRUE,TRUE,"seller","seller"
"19015","Keweenaw",160,160,"TRG","TRG THRESHOLD TIMBER MICHIGAN II LLC*","Nature Conservancy, The","Forest Industry","Other Business",77.0811518324607,78.053664921466,0.972513089005233,FALSE,FALSE,FALSE,FALSE,FALSE,0,FALSE,1.00000000000001,TRUE,"tnc_heartlands",TRUE,TRUE,"seller","seller"
"10337","Houghton",160,160,"TRG","TRG THRESHOLD TIMBER MICHIGAN II LLC*","Verdant Timber Michigan, LLC","Forest Industry","Forest Industry",81.6448087431694,82.5969945355191,0.952185792349738,FALSE,FALSE,TRUE,FALSE,FALSE,0,FALSE,0,FALSE,"rebrand_same_family",FALSE,TRUE,"keeper","seller"
"5295","Keweenaw",160,160,"TRG","TRG THRESHOLD TIMBER MICHIGAN III LLC*","Verdant Timber Michigan, LLC","Forest Industry","Forest Industry",73.1925722145805,72.2407152682256,-0.95185694635488,FALSE,FALSE,TRUE,FALSE,FALSE,0,FALSE,0,FALSE,"rebrand_same_family",FALSE,TRUE,"keeper","seller"
"10289","Houghton",160,160,"TRG","TRG THRESHOLD TIMBER MICHIGAN II LLC*","Verdant Timber Michigan, LLC","Forest Industry","Forest Industry",80.7727272727273,79.8760330578512,-0.896694214876021,FALSE,FALSE,TRUE,FALSE,FALSE,0,FALSE,0,FALSE,"rebrand_same_family",FALSE,TRUE,"keeper","seller"
"6111","Keweenaw",160,160,"TRG","TRG THRESHOLD TIMBER MICHIGAN III LLC*","Verdant Timber Michigan, LLC","Forest Industry","Forest Industry",83.5192582025678,84.3965763195435,0.877318116975758,FALSE,FALSE,TRUE,FALSE,FALSE,0,FALSE,0,FALSE,"rebrand_same_family",FALSE,TRUE,"keeper","seller"
"10299","Houghton",160,160,"TRG","TRG THRESHOLD TIMBER MICHIGAN II LLC*","Martin J Vanderploeg 2001 Revocable Living Trust, dated May 2, 2001","Forest Industry","Trust",80.4528301886792,81.2735849056604,0.820754716981128,FALSE,FALSE,FALSE,FALSE,FALSE,0,FALSE,0,FALSE,"other_sale",TRUE,TRUE,"seller","seller"
"19023","Keweenaw",160,160,"TRG","TRG THRESHOLD TIMBER MICHIGAN II LLC*","Nature Conservancy, The","Forest Industry","Other Business",75.2763888888889,76.0555555555556,0.779166666666669,FALSE,FALSE,FALSE,FALSE,FALSE,0,FALSE,0.999585121970973,TRUE,"tnc_heartlands",TRUE,TRUE,"seller","seller"
"27106","Keweenaw",160,160,"TRG","TRG THRESHOLD TIMBER MICHIGAN III LLC*","Nature Conservancy, The","Forest Industry","Other Business",73.7541666666667,74.5055555555556,0.751388888888897,FALSE,FALSE,FALSE,FALSE,FALSE,0,FALSE,0.996727029316361,TRUE,"tnc_heartlands",TRUE,TRUE,"seller","seller"
"6132","Keweenaw",160,160,"TRG","TRG THRESHOLD TIMBER MICHIGAN III LLC*","Verdant Timber Michigan, LLC","Forest Industry","Forest Industry",83.1845070422535,83.9154929577465,0.730985915492965,FALSE,FALSE,TRUE,FALSE,FALSE,0,FALSE,0,FALSE,"rebrand_same_family",FALSE,TRUE,"keeper","seller"
"6118","Keweenaw",160,160,"TRG","TRG THRESHOLD TIMBER MICHIGAN III LLC*","Verdant Timber Michigan, LLC","Forest Industry","Forest Industry",82.5124309392265,83.2361878453039,0.723756906077355,FALSE,FALSE,TRUE,FALSE,FALSE,0,FALSE,0,FALSE,"rebrand_same_family",FALSE,TRUE,"keeper","seller"
"812","Keweenaw",160,160,"TRG","TRG THRESHOLD TIMBER MICHIGAN III LLC*","Verdant Timber Michigan, LLC","Forest Industry","Forest Industry",77.6750700280112,76.9929971988796,-0.682072829131656,FALSE,FALSE,TRUE,FALSE,FALSE,0,FALSE,0,FALSE,"rebrand_same_family",FALSE,TRUE,"keeper","seller"
"6126","Keweenaw",160,160,"TRG","TRG THRESHOLD TIMBER MICHIGAN III LLC*","Verdant Timber Michigan, LLC","Forest Industry","Forest Industry",81.7492877492877,82.3860398860399,0.636752136752136,FALSE,FALSE,TRUE,FALSE,FALSE,0,FALSE,0,FALSE,"rebrand_same_family",FALSE,TRUE,"keeper","seller"
"19017","Keweenaw",160,160,"TRG","TRG THRESHOLD TIMBER MICHIGAN II LLC*","Nature Conservancy, The","Forest Industry","Other Business",81.4486638537271,82.0295358649789,0.580872011251756,FALSE,FALSE,FALSE,FALSE,FALSE,0,FALSE,0.999999999999988,TRUE,"tnc_heartlands",TRUE,TRUE,"seller","seller"
"797","Keweenaw",160,160,"TRG","TRG THRESHOLD TIMBER MICHIGAN III LLC*","Verdant Timber Michigan, LLC","Forest Industry","Forest Industry",79.6099290780142,79.1063829787234,-0.503546099290787,FALSE,FALSE,TRUE,FALSE,FALSE,0,FALSE,0,FALSE,"rebrand_same_family",FALSE,TRUE,"keeper","seller"
"11918","Keweenaw",160,160,"TRG","TRG THRESHOLD TIMBER MICHIGAN III LLC*","Verdant Timber Michigan, LLC","Forest Industry","Forest Industry",78.4423076923077,78.0315934065934,-0.410714285714292,FALSE,FALSE,TRUE,FALSE,FALSE,0,FALSE,0,FALSE,"rebrand_same_family",FALSE,TRUE,"keeper","seller"
"17980","Keweenaw",160,160,"TRG","TRG THRESHOLD TIMBER MICHIGAN II LLC*","Nature Conservancy, The","Forest Industry","Other Business",75.8646112600536,76.2640750670241,0.399463806970502,FALSE,FALSE,FALSE,FALSE,FALSE,0,FALSE,0.999999999999922,TRUE,"tnc_heartlands",TRUE,TRUE,"seller","seller"
"10347","Houghton",160,160,"TRG","TRG THRESHOLD TIMBER MICHIGAN II LLC*","Verdant Timber Michigan, LLC","Forest Industry","Forest Industry",81.675,82.0638888888889,0.388888888888886,FALSE,FALSE,TRUE,FALSE,FALSE,0,FALSE,0,FALSE,"rebrand_same_family",FALSE,TRUE,"keeper","seller"
"31311","Keweenaw",160,160,"TRG","TRG THRESHOLD TIMBER MICHIGAN II LLC*","Nature Conservancy, The","Forest Industry","Other Business",79.9279661016949,80.2655367231638,0.337570621468927,FALSE,FALSE,FALSE,FALSE,FALSE,0,FALSE,0.999999999999991,TRUE,"tnc_heartlands",TRUE,TRUE,"seller","seller"
"6161","Keweenaw",160,160,"TRG","TRG THRESHOLD TIMBER MICHIGAN III LLC*","Verdant Timber Cub, LLC","Forest Industry","Forest Industry",75.7274052478134,75.4183673469388,-0.309037900874628,FALSE,FALSE,TRUE,FALSE,FALSE,0,FALSE,0,FALSE,"rebrand_same_family",FALSE,TRUE,"keeper","seller"
"19003","Keweenaw",160,160,"TRG","TRG THRESHOLD TIMBER MICHIGAN II LLC*","Nature Conservancy, The","Forest Industry","Other Business",72.8651362984218,72.5896700143472,-0.275466284074597,FALSE,FALSE,FALSE,FALSE,FALSE,0,FALSE,0.999999999999955,TRUE,"tnc_heartlands",TRUE,TRUE,"seller","seller"
"19762","Keweenaw",160,160,"TRG","TRG THRESHOLD TIMBER MICHIGAN III LLC*","Keweenaw Investment and Development Sites, L.L.C.","Forest Industry","Other Business",77.1904090267983,77.459802538787,0.269393511988724,FALSE,FALSE,FALSE,FALSE,FALSE,0,FALSE,0,FALSE,"other_sale",TRUE,TRUE,"seller","seller"
"19042","Keweenaw",160,160,"TRG","TRG THRESHOLD TIMBER MICHIGAN III LLC*","Verdant Timber Michigan, LLC","Forest Industry","Forest Industry",83.2198879551821,82.9509803921569,-0.268907563025209,FALSE,FALSE,TRUE,FALSE,FALSE,0,FALSE,0,FALSE,"rebrand_same_family",FALSE,TRUE,"keeper","seller"
"10405","Houghton",160,160,"TRG","TRG THRESHOLD TIMBER MICHIGAN II LLC*","Verdant Timber Michigan, LLC","Forest Industry","Forest Industry",81.4993026499303,81.302649930265,-0.196652719665281,FALSE,FALSE,TRUE,FALSE,FALSE,0,FALSE,0,FALSE,"rebrand_same_family",FALSE,TRUE,"keeper","seller"
"5293","Keweenaw",160,160,"TRG","TRG THRESHOLD TIMBER MICHIGAN III LLC*","Cole, Edward F.","Forest Industry","Private Individual(s)",70.9760563380282,70.8,-0.176056338028175,FALSE,FALSE,FALSE,FALSE,FALSE,0,FALSE,0,FALSE,"other_sale",TRUE,TRUE,"seller","seller"
"29970","Keweenaw",160,NA,"TRG","TRG THRESHOLD TIMBER MICHIGAN II LLC*","non-CFP in 2026","Forest Industry","non-CFP in 2026",68.1581137309293,68.3134535367545,0.15533980582525,FALSE,FALSE,FALSE,TRUE,FALSE,0,FALSE,0.493525974020513,FALSE,"left_cfp",TRUE,TRUE,"seller","seller"
"10394","Houghton",160,160,"TRG","TRG THRESHOLD TIMBER MICHIGAN II LLC*","Verdant Timber Cub, LLC","Forest Industry","Forest Industry",79.5222222222222,79.375,-0.147222222222226,FALSE,FALSE,TRUE,FALSE,FALSE,0,FALSE,0,FALSE,"rebrand_same_family",FALSE,TRUE,"keeper","seller"
"6124","Keweenaw",160,160,"TRG","TRG THRESHOLD TIMBER MICHIGAN III LLC*","Verdant Timber Michigan, LLC","Forest Industry","Forest Industry",82.5542857142857,82.6928571428571,0.138571428571424,FALSE,FALSE,TRUE,FALSE,FALSE,0,FALSE,0,FALSE,"rebrand_same_family",FALSE,TRUE,"keeper","seller"
"825","Keweenaw",160,160,"TRG","TRG THRESHOLD TIMBER MICHIGAN III LLC*","Verdant Timber Michigan, LLC","Forest Industry","Forest Industry",73.3257790368272,73.2011331444759,-0.124645892351282,FALSE,FALSE,TRUE,FALSE,FALSE,0,FALSE,0,FALSE,"rebrand_same_family",FALSE,TRUE,"keeper","seller"
"19734","Keweenaw",160,160,"TRG","TRG THRESHOLD TIMBER MICHIGAN III LLC*","North Woods Conservancy dba Keweenaw Natural Areas, The","Forest Industry","Other",78.3803596127248,78.2710926694329,-0.109266943291843,FALSE,FALSE,FALSE,FALSE,FALSE,0,FALSE,0,FALSE,"other_sale",TRUE,TRUE,"seller","seller"
"19732","Keweenaw",160,NA,"TRG","TRG THRESHOLD TIMBER MICHIGAN III LLC*","non-CFP in 2026","Forest Industry","non-CFP in 2026",79.8174273858921,79.7206085753804,-0.0968188105117633,FALSE,FALSE,FALSE,TRUE,FALSE,0,FALSE,0,FALSE,"left_cfp",TRUE,TRUE,"seller","seller"
"17997","Keweenaw",160,160,"TRG","TRG THRESHOLD TIMBER MICHIGAN II LLC*","Nature Conservancy, The","Forest Industry","Other Business",62.3704225352113,62.3352112676056,-0.0352112676056322,FALSE,FALSE,FALSE,FALSE,FALSE,0,FALSE,0.999999999999795,TRUE,"tnc_heartlands",TRUE,TRUE,"seller","seller"
"11946","Keweenaw",160,160,"TRG","TRG THRESHOLD TIMBER MICHIGAN III LLC*","Verdant Timber Michigan, LLC","Forest Industry","Forest Industry",78.1332398316971,78.1683029453015,0.0350631136044939,FALSE,FALSE,TRUE,FALSE,FALSE,0,FALSE,0,FALSE,"rebrand_same_family",FALSE,TRUE,"keeper","seller"
"5256","Keweenaw",160,160,"TRG","TRG THRESHOLD TIMBER MICHIGAN III LLC*","Keweenaw Investment and Development Sites, L.L.C.","Forest Industry","Other Business",78.7936726272352,78.8115543328748,0.0178817056396241,FALSE,FALSE,FALSE,FALSE,FALSE,0,FALSE,0,FALSE,"other_sale",TRUE,TRUE,"seller","seller"
"16865","Keweenaw",160,160,"TRG","TRG THRESHOLD TIMBER MICHIGAN III LLC*","Verdant Timber Michigan, LLC","Forest Industry","Forest Industry",84.6781115879828,84.6723891273247,-0.00572246065807747,FALSE,FALSE,TRUE,FALSE,FALSE,0,FALSE,0,FALSE,"rebrand_same_family",FALSE,TRUE,"keeper","seller"
"10325","Houghton",159.32,159.32,"TRG","TRG THRESHOLD TIMBER MICHIGAN II LLC*","Verdant Timber Michigan, LLC","Forest Industry","Forest Industry",83.3830769230769,12.6830769230769,-70.7,TRUE,FALSE,TRUE,FALSE,FALSE,0,FALSE,0,FALSE,"rebrand_same_family",FALSE,TRUE,"keeper","seller"
"11930","Keweenaw",159.31,159.31,"TRG","TRG THRESHOLD TIMBER MICHIGAN III LLC*","Verdant Timber Michigan, LLC","Forest Industry","Forest Industry",79.234309623431,22.2468619246862,-56.9874476987448,TRUE,FALSE,TRUE,FALSE,FALSE,0,FALSE,0,FALSE,"rebrand_same_family",FALSE,TRUE,"keeper","seller"
"18020","Keweenaw",159.25,159.25,"TRG","TRG THRESHOLD TIMBER MICHIGAN III LLC*","Verdant Timber Cub, LLC","Forest Industry","Forest Industry",71.4744121715076,77.640387275242,6.16597510373444,FALSE,FALSE,TRUE,FALSE,FALSE,1.00000000000002,TRUE,0,FALSE,"songbird",TRUE,TRUE,"seller","seller"
"4944","Houghton",159.17,159.17,"TRG","TRG THRESHOLD TIMBER MICHIGAN II LLC*","Verdant Timber Michigan, LLC","Forest Industry","Forest Industry",76.8284518828452,79.8326359832636,3.00418410041841,FALSE,FALSE,TRUE,FALSE,FALSE,0,FALSE,0,FALSE,"rebrand_same_family",FALSE,TRUE,"keeper","seller"
"10255","Houghton",158.67,158.67,"TRG","TRG THRESHOLD TIMBER MICHIGAN II LLC*","Verdant Timber Michigan, LLC","Forest Industry","Forest Industry",73.9915373765867,80.459802538787,6.46826516220028,FALSE,FALSE,TRUE,FALSE,FALSE,0,FALSE,0,FALSE,"rebrand_same_family",FALSE,TRUE,"keeper","seller"
"5197","Keweenaw",158.49,NA,"TRG","TRG THRESHOLD TIMBER MICHIGAN III LLC*","non-CFP in 2026","Forest Industry","non-CFP in 2026",62.3190607734807,73.5621546961326,11.2430939226519,FALSE,FALSE,FALSE,TRUE,FALSE,0.996104427705909,TRUE,0,FALSE,"songbird",TRUE,TRUE,"seller","seller"
"10406","Houghton",156.47,156.47,"TRG","TRG THRESHOLD TIMBER MICHIGAN II LLC*","Verdant Timber Michigan, LLC","Forest Industry","Forest Industry",78.7663817663818,75.0242165242165,-3.74216524216524,FALSE,FALSE,TRUE,FALSE,FALSE,0,FALSE,0,FALSE,"rebrand_same_family",FALSE,TRUE,"keeper","seller"
"19745","Keweenaw",155,155,"TRG","TRG THRESHOLD TIMBER MICHIGAN II LLC*","Nature Conservancy, The","Forest Industry","Other Business",74.0740740740741,71.2051282051282,-2.86894586894587,FALSE,FALSE,FALSE,FALSE,FALSE,0,FALSE,1,TRUE,"tnc_heartlands",TRUE,TRUE,"seller","seller"
"3661","Keweenaw",154.4,154.4,"TRG","TRG THRESHOLD TIMBER MICHIGAN III LLC*","Verdant Timber Michigan, LLC","Forest Industry","Forest Industry",79.8397711015737,60.9241773962804,-18.9155937052933,FALSE,FALSE,TRUE,FALSE,FALSE,0.983844091301714,TRUE,0,FALSE,"songbird",TRUE,TRUE,"seller","seller"
"27098","Keweenaw",153.2,153.2,"TRG","TRG THRESHOLD TIMBER MICHIGAN II LLC*","Nature Conservancy, The","Forest Industry","Other Business",72.4804063860668,74.8388969521045,2.35849056603774,FALSE,FALSE,FALSE,FALSE,FALSE,0,FALSE,1.00000000000004,TRUE,"tnc_heartlands",TRUE,TRUE,"seller","seller"
"17983","Keweenaw",152.18,152.18,"TRG","TRG THRESHOLD TIMBER MICHIGAN II LLC*","Nature Conservancy, The","Forest Industry","Other Business",64.8636995827538,68.3324061196106,3.46870653685674,FALSE,FALSE,FALSE,FALSE,FALSE,0,FALSE,1.00000000000003,TRUE,"tnc_heartlands",TRUE,TRUE,"seller","seller"
"19750","Keweenaw",151.99,151.99,"TRG","TRG THRESHOLD TIMBER MICHIGAN II LLC*","Nature Conservancy, The","Forest Industry","Other Business",56.9590643274854,71.7324561403509,14.7733918128655,FALSE,FALSE,FALSE,FALSE,FALSE,0,FALSE,0.973660905512685,TRUE,"tnc_heartlands",TRUE,TRUE,"seller","seller"
"19010","Keweenaw",151.5,151.5,"TRG","TRG THRESHOLD TIMBER MICHIGAN II LLC*","Nature Conservancy, The","Forest Industry","Other Business",70.0771470160117,75.4832605531296,5.4061135371179,FALSE,FALSE,FALSE,FALSE,FALSE,0,FALSE,0.999999999999958,TRUE,"tnc_heartlands",TRUE,TRUE,"seller","seller"
"785","Keweenaw",151.09,151.09,"TRG","TRG THRESHOLD TIMBER MICHIGAN III LLC*","Verdant Timber Michigan, LLC","Forest Industry","Forest Industry",71.7033426183844,76.7451253481894,5.04178272980502,FALSE,FALSE,TRUE,FALSE,FALSE,0,FALSE,0,FALSE,"rebrand_same_family",FALSE,TRUE,"keeper","seller"
"28439","Keweenaw",150,NA,"TRG","TRG THRESHOLD TIMBER MICHIGAN III LLC*","non-CFP in 2026","Forest Industry","non-CFP in 2026",73.4874074074074,74.3333333333333,0.845925925925926,FALSE,FALSE,FALSE,TRUE,FALSE,0,FALSE,0,FALSE,"left_cfp",TRUE,TRUE,"seller","seller"
"5192","Keweenaw",147.64,147.64,"TRG","TRG THRESHOLD TIMBER MICHIGAN III LLC*","Verdant Timber Michigan, LLC","Forest Industry","Forest Industry",82.2044117647059,83.2147058823529,1.01029411764706,FALSE,FALSE,TRUE,FALSE,FALSE,0,FALSE,0,FALSE,"rebrand_same_family",FALSE,TRUE,"keeper","seller"
"17670","Houghton",146.13,NA,"TRG","TRG THRESHOLD TIMBER MICHIGAN II LLC*","non-CFP in 2026","Forest Industry","non-CFP in 2026",77.034795763994,78.0620272314675,1.02723146747351,FALSE,FALSE,FALSE,TRUE,FALSE,0,FALSE,0,FALSE,"left_cfp",TRUE,TRUE,"seller","seller"
"23208","Keweenaw",145.05,145.05,"TRG","TRG THRESHOLD TIMBER MICHIGAN II LLC*","Nature Conservancy, The","Forest Industry","Other Business",72.7912254160363,75.9954614220877,3.20423600605143,FALSE,FALSE,FALSE,FALSE,FALSE,0,FALSE,1.00000000000004,TRUE,"tnc_heartlands",TRUE,TRUE,"seller","seller"
"6174","Keweenaw",141.49,141.49,"TRG","TRG THRESHOLD TIMBER MICHIGAN III LLC*","Verdant Timber Cub, LLC","Forest Industry","Forest Industry",78.5,79.7622950819672,1.26229508196721,FALSE,FALSE,TRUE,FALSE,FALSE,0.999585135358432,TRUE,0,FALSE,"songbird",TRUE,TRUE,"seller","seller"
"29909","Houghton",141.4,141.4,"TRG","TRG THRESHOLD TIMBER MICHIGAN II LLC*","Verdant Timber Michigan, LLC","Forest Industry","Forest Industry",72.6303317535545,72.7993680884676,0.169036334913116,FALSE,FALSE,TRUE,FALSE,FALSE,0,FALSE,0,FALSE,"rebrand_same_family",FALSE,TRUE,"keeper","seller"
"28441","Keweenaw",140,140,"TRG","TRG THRESHOLD TIMBER MICHIGAN III LLC*","Verdant Timber Michigan, LLC","Forest Industry","Forest Industry",67.6640866873065,78.8777089783282,11.2136222910217,FALSE,FALSE,TRUE,FALSE,FALSE,0,FALSE,0,FALSE,"rebrand_same_family",FALSE,TRUE,"keeper","seller"
"30383","Keweenaw",140,140,"TRG","TRG THRESHOLD TIMBER MICHIGAN III LLC*","Keweenaw Investment and Development Sites, L.L.C.","Forest Industry","Other Business",71.5138662316476,74.1517128874388,2.63784665579118,FALSE,FALSE,FALSE,FALSE,FALSE,0,FALSE,0,FALSE,"other_sale",TRUE,TRUE,"seller","seller"
"34295","Keweenaw",140,140,"TRG","TRG THRESHOLD TIMBER MICHIGAN II LLC*","Nature Conservancy, The","Forest Industry","Other Business",69.8958990536278,69.0236593059937,-0.872239747634069,FALSE,FALSE,FALSE,FALSE,FALSE,0,FALSE,0.999999999999974,TRUE,"tnc_heartlands",TRUE,TRUE,"seller","seller"
"34961","Keweenaw",136.95,136.95,"TRG","TRG THRESHOLD TIMBER MICHIGAN III LLC*","Nature Conservancy, The","Forest Industry","Other Business",64.0452079566004,68.2061482820976,4.16094032549728,FALSE,FALSE,FALSE,FALSE,FALSE,0,FALSE,0.954215834877459,TRUE,"tnc_heartlands",TRUE,TRUE,"seller","seller"
"17629","Houghton",125.72,125.72,"TRG","TRG THRESHOLD TIMBER MICHIGAN II LLC*","Martin J Vanderploeg 2001 Revocable Living Trust, dated May 2, 2001","Forest Industry","Trust",65.9282296650718,69.1802232854864,3.25199362041468,FALSE,FALSE,FALSE,FALSE,FALSE,0,FALSE,0,FALSE,"other_sale",TRUE,TRUE,"seller","seller"
"23254","Keweenaw",121.8,121.8,"TRG","TRG THRESHOLD TIMBER MICHIGAN II LLC*","Nature Conservancy, The","Forest Industry","Other Business",72.6271186440678,75.2956685499058,2.66854990583805,FALSE,FALSE,FALSE,FALSE,FALSE,0,FALSE,0.972780200786869,TRUE,"tnc_heartlands",TRUE,TRUE,"seller","seller"
"12041","Keweenaw",120,120,"TRG","TRG THRESHOLD TIMBER MICHIGAN III LLC*","Verdant Timber Michigan, LLC","Forest Industry","Forest Industry",76.4609523809524,30.2285714285714,-46.232380952381,TRUE,FALSE,TRUE,FALSE,FALSE,0.959445443774213,TRUE,0,FALSE,"songbird",TRUE,TRUE,"seller","seller"
"10265","Houghton",120,120,"TRG","TRG THRESHOLD TIMBER MICHIGAN II LLC*","Verdant Timber Michigan, LLC","Forest Industry","Forest Industry",61.2705223880597,80.9384328358209,19.6679104477612,FALSE,FALSE,TRUE,FALSE,FALSE,0,FALSE,0,FALSE,"rebrand_same_family",FALSE,TRUE,"keeper","seller"
"35552","Keweenaw",120,120,"TRG","TRG THRESHOLD TIMBER MICHIGAN II LLC*","Nature Conservancy, The","Forest Industry","Other Business",53.8280373831776,71.7308411214953,17.9028037383178,FALSE,FALSE,FALSE,FALSE,FALSE,0,FALSE,0.996979690562637,TRUE,"tnc_heartlands",TRUE,TRUE,"seller","seller"
"11959","Keweenaw",120,120,"TRG","TRG THRESHOLD TIMBER MICHIGAN III LLC*","Verdant Timber Michigan, LLC","Forest Industry","Forest Industry",76.688679245283,84.3471698113208,7.65849056603774,FALSE,FALSE,TRUE,FALSE,FALSE,0,FALSE,0,FALSE,"rebrand_same_family",FALSE,TRUE,"keeper","seller"
"23294","Keweenaw",120,120,"TRG","TRG THRESHOLD TIMBER MICHIGAN III LLC*","Verdant Timber Cub, LLC","Forest Industry","Forest Industry",65.1240740740741,70.1722222222222,5.04814814814814,FALSE,FALSE,TRUE,FALSE,FALSE,0,FALSE,0,FALSE,"rebrand_same_family",FALSE,TRUE,"keeper","seller"
"10311","Houghton",120,120,"TRG","TRG THRESHOLD TIMBER MICHIGAN II LLC*","Verdant Timber Michigan, LLC","Forest Industry","Forest Industry",77.737037037037,82.262962962963,4.52592592592592,FALSE,FALSE,TRUE,FALSE,FALSE,0,FALSE,0,FALSE,"rebrand_same_family",FALSE,TRUE,"keeper","seller"
"5511","Houghton",120,120,"TRG","TRG THRESHOLD TIMBER MICHIGAN II LLC*","Verdant Timber Michigan, LLC","Forest Industry","Forest Industry",62.1660516605166,66.4778597785978,4.31180811808118,FALSE,FALSE,TRUE,FALSE,FALSE,0,FALSE,0,FALSE,"rebrand_same_family",FALSE,TRUE,"keeper","seller"
"10398","Houghton",120,120,"TRG","TRG THRESHOLD TIMBER MICHIGAN II LLC*","Verdant Timber Michigan, LLC","Forest Industry","Forest Industry",67.8828828828829,71.6720720720721,3.78918918918919,FALSE,FALSE,TRUE,FALSE,FALSE,0,FALSE,0,FALSE,"rebrand_same_family",FALSE,TRUE,"keeper","seller"
"11956","Keweenaw",120,120,"TRG","TRG THRESHOLD TIMBER MICHIGAN III LLC*","Verdant Timber Michigan, LLC","Forest Industry","Forest Industry",76.8805970149254,80.3582089552239,3.47761194029852,FALSE,FALSE,TRUE,FALSE,FALSE,0,FALSE,0,FALSE,"rebrand_same_family",FALSE,TRUE,"keeper","seller"
"27108","Keweenaw",120,120,"TRG","TRG THRESHOLD TIMBER MICHIGAN III LLC*","Verdant Timber Michigan, LLC","Forest Industry","Forest Industry",61.4670433145009,59.0225988700565,-2.44444444444444,FALSE,FALSE,TRUE,FALSE,FALSE,0,FALSE,0,FALSE,"rebrand_same_family",FALSE,TRUE,"keeper","seller"
"29608","Keweenaw",120,NA,"TRG","TRG THRESHOLD TIMBER MICHIGAN III LLC*","non-CFP in 2026","Forest Industry","non-CFP in 2026",79.0110497237569,80.2836095764273,1.27255985267034,FALSE,FALSE,FALSE,TRUE,FALSE,0,FALSE,0.48153581024412,FALSE,"left_cfp",TRUE,TRUE,"seller","seller"
"10370","Houghton",120,120,"TRG","TRG THRESHOLD TIMBER MICHIGAN II LLC*","Verdant Timber Michigan, LLC","Forest Industry","Forest Industry",83.7397769516729,84.8122676579926,1.0724907063197,FALSE,FALSE,TRUE,FALSE,FALSE,0,FALSE,0,FALSE,"rebrand_same_family",FALSE,TRUE,"keeper","seller"
"12117","Keweenaw",120,120,"TRG","TRG THRESHOLD TIMBER MICHIGAN III LLC*","Verdant Timber Michigan, LLC","Forest Industry","Forest Industry",76.5758157389635,77.4548944337812,0.879078694817665,FALSE,FALSE,TRUE,FALSE,FALSE,0,FALSE,0,FALSE,"rebrand_same_family",FALSE,TRUE,"keeper","seller"
"18007","Keweenaw",120,120,"TRG","TRG THRESHOLD TIMBER MICHIGAN III LLC*","Nature Conservancy, The","Forest Industry","Other Business",76.5838041431262,75.9114877589454,-0.672316384180789,FALSE,FALSE,FALSE,FALSE,FALSE,0,FALSE,0.991093325242393,TRUE,"tnc_heartlands",TRUE,TRUE,"seller","seller"
"5218","Keweenaw",120,120,"TRG","TRG THRESHOLD TIMBER MICHIGAN III LLC*","Verdant Timber Michigan, LLC","Forest Industry","Forest Industry",74.1490566037736,74.7981132075472,0.649056603773587,FALSE,FALSE,TRUE,FALSE,FALSE,0.999973158871047,TRUE,0,FALSE,"songbird",TRUE,TRUE,"seller","seller"
"16983","Houghton",120,120,"TRG","TRG THRESHOLD TIMBER MICHIGAN II LLC*","Verdant Timber Michigan, LLC","Forest Industry","Forest Industry",77.5539033457249,77.5223048327138,-0.0315985130111471,FALSE,FALSE,TRUE,FALSE,FALSE,0,FALSE,0,FALSE,"rebrand_same_family",FALSE,TRUE,"keeper","seller"
"32443","Keweenaw",110,110,"TRG","TRG THRESHOLD TIMBER MICHIGAN III LLC*","Verdant Timber Michigan, LLC","Forest Industry","Forest Industry",65.0775862068966,73.4137931034483,8.33620689655172,FALSE,FALSE,TRUE,FALSE,FALSE,0,FALSE,0,FALSE,"rebrand_same_family",FALSE,TRUE,"keeper","seller"
"17618","Houghton",104.7,104.7,"TRG","TRG THRESHOLD TIMBER MICHIGAN II LLC*","Martin J Vanderploeg 2001 Revocable Living Trust, dated May 2, 2001","Forest Industry","Trust",81.2971800433839,81.9934924078091,0.696312364425168,FALSE,FALSE,FALSE,FALSE,FALSE,0,FALSE,0,FALSE,"other_sale",TRUE,TRUE,"seller","seller"
"27092","Keweenaw",102.5,102.5,"TRG","TRG THRESHOLD TIMBER MICHIGAN II LLC*","Nature Conservancy, The","Forest Industry","Other Business",70.3392857142857,74.8482142857143,4.50892857142858,FALSE,FALSE,FALSE,FALSE,FALSE,0,FALSE,0.796878772234144,TRUE,"tnc_heartlands",TRUE,TRUE,"seller","seller"
"30833","Keweenaw",100,100,"TRG","TRG THRESHOLD TIMBER MICHIGAN III LLC*","Keweenaw Investment and Development Sites, L.L.C.","Forest Industry","Other Business",78.4557522123894,78.4690265486726,0.0132743362831746,FALSE,FALSE,FALSE,FALSE,FALSE,0,FALSE,0,FALSE,"other_sale",TRUE,TRUE,"seller","seller"
"30831","Keweenaw",92.57,67.66,"TRG","TRG THRESHOLD TIMBER MICHIGAN III LLC*","Verdant Timber Michigan, LLC","Forest Industry","Forest Industry",64.0162337662338,71.461038961039,7.4448051948052,FALSE,FALSE,TRUE,FALSE,FALSE,0,FALSE,0,FALSE,"rebrand_same_family",FALSE,TRUE,"keeper","seller"
"31325","Keweenaw",87,87,"TRG","TRG THRESHOLD TIMBER MICHIGAN II LLC*","Nature Conservancy, The","Forest Industry","Other Business",65.7409200968523,73.9515738498789,8.21065375302663,FALSE,FALSE,FALSE,FALSE,FALSE,0,FALSE,0.961741881630648,TRUE,"tnc_heartlands",TRUE,TRUE,"seller","seller"
"17614","Houghton",84.9,84.9,"TRG","TRG THRESHOLD TIMBER MICHIGAN II LLC*","Verdant Timber Michigan, LLC","Forest Industry","Forest Industry",72.7645631067961,74.5703883495146,1.80582524271844,FALSE,FALSE,TRUE,FALSE,FALSE,0,FALSE,0,FALSE,"rebrand_same_family",FALSE,TRUE,"keeper","seller"
"4911","Houghton",80.52,80.52,"TRG","TRG THRESHOLD TIMBER MICHIGAN II LLC*","Verdant Timber Michigan, LLC","Forest Industry","Forest Industry",79.0965909090909,80.0369318181818,0.940340909090907,FALSE,FALSE,TRUE,FALSE,FALSE,0,FALSE,0,FALSE,"rebrand_same_family",FALSE,TRUE,"keeper","seller"
"22065","Houghton",80,80,"TRG","TRG THRESHOLD TIMBER MICHIGAN II LLC*","Verdant Timber Michigan, LLC","Forest Industry","Forest Industry",82.3522388059701,29.5462686567164,-52.8059701492537,TRUE,FALSE,TRUE,FALSE,FALSE,0,FALSE,0,FALSE,"rebrand_same_family",FALSE,TRUE,"keeper","seller"
"23265","Keweenaw",80,NA,"TRG","TRG THRESHOLD TIMBER MICHIGAN III LLC*","non-CFP in 2026","Forest Industry","non-CFP in 2026",26.3911845730028,72.6666666666667,46.2754820936639,FALSE,FALSE,FALSE,TRUE,FALSE,0,FALSE,0,FALSE,"left_cfp",TRUE,TRUE,"seller","seller"
"5170","Keweenaw",80,80,"TRG","TRG THRESHOLD TIMBER MICHIGAN III LLC*","Verdant Timber Michigan, LLC","Forest Industry","Forest Industry",76.5070028011204,34.1932773109244,-42.3137254901961,TRUE,FALSE,TRUE,FALSE,FALSE,0.927669824631195,TRUE,0,FALSE,"songbird",TRUE,TRUE,"seller","seller"
"17621","Houghton",80,80,"TRG","TRG THRESHOLD TIMBER MICHIGAN II LLC*","Verdant Timber Michigan, LLC","Forest Industry","Forest Industry",49.6948228882834,8.57765667574932,-41.1171662125341,TRUE,FALSE,TRUE,FALSE,FALSE,0,FALSE,0,FALSE,"rebrand_same_family",FALSE,TRUE,"keeper","seller"
"5274","Keweenaw",80,80,"TRG","TRG THRESHOLD TIMBER MICHIGAN III LLC*","Verdant Timber Michigan, LLC","Forest Industry","Forest Industry",83.3315068493151,43.7315068493151,-39.6,TRUE,FALSE,TRUE,FALSE,FALSE,0,FALSE,0,FALSE,"rebrand_same_family",FALSE,TRUE,"keeper","seller"
"791","Keweenaw",80,80,"TRG","TRG THRESHOLD TIMBER MICHIGAN III LLC*","Verdant Timber Michigan, LLC","Forest Industry","Forest Industry",74.7759103641457,40.3249299719888,-34.4509803921569,TRUE,FALSE,TRUE,FALSE,FALSE,0,FALSE,0,FALSE,"rebrand_same_family",FALSE,TRUE,"keeper","seller"
"5166","Keweenaw",80,80,"TRG","TRG THRESHOLD TIMBER MICHIGAN III LLC*","Verdant Timber Michigan, LLC","Forest Industry","Forest Industry",77.3306233062331,44.8780487804878,-32.4525745257453,TRUE,FALSE,TRUE,FALSE,FALSE,0.999876867218622,TRUE,0,FALSE,"songbird",TRUE,TRUE,"seller","seller"
"17620","Houghton",80,80,"TRG","TRG THRESHOLD TIMBER MICHIGAN II LLC*","Verdant Timber Michigan, LLC","Forest Industry","Forest Industry",57.5054347826087,26.9266304347826,-30.5788043478261,TRUE,FALSE,TRUE,FALSE,FALSE,0,FALSE,0,FALSE,"rebrand_same_family",FALSE,TRUE,"keeper","seller"
"5181","Keweenaw",80,80,"TRG","TRG THRESHOLD TIMBER MICHIGAN III LLC*","Verdant Timber Michigan, LLC","Forest Industry","Forest Industry",72.0909090909091,41.6363636363636,-30.4545454545455,TRUE,FALSE,TRUE,FALSE,FALSE,0,FALSE,0,FALSE,"rebrand_same_family",FALSE,TRUE,"keeper","seller"
"5198","Keweenaw",80,80,"TRG","TRG THRESHOLD TIMBER MICHIGAN III LLC*","Verdant Timber Cub, LLC","Forest Industry","Forest Industry",71.7016574585635,44.6933701657459,-27.0082872928177,TRUE,FALSE,TRUE,FALSE,FALSE,1.00000000000005,TRUE,0,FALSE,"songbird",TRUE,TRUE,"seller","seller"
"5263","Keweenaw",80,80,"TRG","TRG THRESHOLD TIMBER MICHIGAN III LLC*","Verdant Timber Cub, LLC","Forest Industry","Forest Industry",45.9715909090909,72.5113636363636,26.5397727272727,FALSE,FALSE,TRUE,FALSE,FALSE,0,FALSE,0,FALSE,"rebrand_same_family",FALSE,TRUE,"keeper","seller"
"19053","Keweenaw",80,80,"TRG","TRG THRESHOLD TIMBER MICHIGAN III LLC*","Verdant Timber Michigan, LLC","Forest Industry","Forest Industry",66.1875,39.9289772727273,-26.2585227272727,TRUE,FALSE,TRUE,FALSE,FALSE,0.999999999999976,TRUE,0,FALSE,"songbird",TRUE,TRUE,"seller","seller"
"22063","Houghton",80,80,"TRG","TRG THRESHOLD TIMBER MICHIGAN II LLC*","Verdant Timber Michigan, LLC","Forest Industry","Forest Industry",83.820652173913,58.375,-25.445652173913,TRUE,FALSE,TRUE,FALSE,FALSE,0,FALSE,0,FALSE,"rebrand_same_family",FALSE,TRUE,"keeper","seller"
"6150","Keweenaw",80,80,"TRG","TRG THRESHOLD TIMBER MICHIGAN III LLC*","Verdant Timber Michigan, LLC","Forest Industry","Forest Industry",73.1218130311615,48.5325779036827,-24.5892351274788,TRUE,FALSE,TRUE,FALSE,FALSE,1.00000000000004,TRUE,0,FALSE,"songbird",TRUE,TRUE,"seller","seller"
"23206","Keweenaw",80,80,"TRG","TRG THRESHOLD TIMBER MICHIGAN II LLC*","Nature Conservancy, The","Forest Industry","Other Business",51.4027777777778,75.9555555555555,24.5527777777778,FALSE,FALSE,FALSE,FALSE,FALSE,0,FALSE,1.00000000000011,TRUE,"tnc_heartlands",TRUE,TRUE,"seller","seller"
"12034","Keweenaw",80,80,"TRG","TRG THRESHOLD TIMBER MICHIGAN III LLC*","Verdant Timber Michigan, LLC","Forest Industry","Forest Industry",78.3971830985916,54.4281690140845,-23.969014084507,TRUE,FALSE,TRUE,FALSE,FALSE,0,FALSE,0,FALSE,"rebrand_same_family",FALSE,TRUE,"keeper","seller"
"6146","Keweenaw",80,80,"TRG","TRG THRESHOLD TIMBER MICHIGAN III LLC*","Verdant Timber Michigan, LLC","Forest Industry","Forest Industry",76.4361111111111,52.6361111111111,-23.8,TRUE,FALSE,TRUE,FALSE,FALSE,0.998095032122823,TRUE,0,FALSE,"songbird",TRUE,TRUE,"seller","seller"
"21447","Keweenaw",80,80,"TRG","TRG THRESHOLD TIMBER MICHIGAN II LLC*","Nature Conservancy, The","Forest Industry","Other Business",43.8584337349398,65.7560240963855,21.8975903614458,FALSE,FALSE,FALSE,FALSE,FALSE,0,FALSE,0.954426073359281,TRUE,"tnc_heartlands",TRUE,TRUE,"seller","seller"
"6171","Keweenaw",80,80,"TRG","TRG THRESHOLD TIMBER MICHIGAN III LLC*","Verdant Timber Michigan, LLC","Forest Industry","Forest Industry",77.3896457765668,55.7847411444142,-21.6049046321526,TRUE,FALSE,TRUE,FALSE,FALSE,0,FALSE,0,FALSE,"rebrand_same_family",FALSE,TRUE,"keeper","seller"
"5257","Keweenaw",80,80,"TRG","TRG THRESHOLD TIMBER MICHIGAN III LLC*","Keweenaw Investment and Development Sites, L.L.C.","Forest Industry","Other Business",52.7350427350427,74.2222222222222,21.4871794871795,FALSE,FALSE,FALSE,FALSE,FALSE,0,FALSE,0,FALSE,"other_sale",TRUE,TRUE,"seller","seller"
"5168","Keweenaw",80,80,"TRG","TRG THRESHOLD TIMBER MICHIGAN III LLC*","Verdant Timber Michigan, LLC","Forest Industry","Forest Industry",82.8825214899714,65.3409742120344,-17.541547277937,FALSE,FALSE,TRUE,FALSE,FALSE,0.957603581214705,TRUE,0,FALSE,"songbird",TRUE,TRUE,"seller","seller"
"23281","Keweenaw",80,80,"TRG","TRG THRESHOLD TIMBER MICHIGAN III LLC*","Verdant Timber Michigan, LLC","Forest Industry","Forest Industry",57.7834757834758,74.6780626780627,16.8945868945869,FALSE,FALSE,TRUE,FALSE,FALSE,0.999999999999982,TRUE,0,FALSE,"songbird",TRUE,TRUE,"seller","seller"
"5210","Keweenaw",80,80,"TRG","TRG THRESHOLD TIMBER MICHIGAN III LLC*","Verdant Timber Michigan, LLC","Forest Industry","Forest Industry",76.6315789473684,61.398891966759,-15.2326869806094,FALSE,FALSE,TRUE,FALSE,FALSE,0.98374238952677,TRUE,0,FALSE,"songbird",TRUE,TRUE,"seller","seller"
"35178","Keweenaw",80,80,"TRG","TRG THRESHOLD TIMBER MICHIGAN III LLC*","Nature Conservancy, The","Forest Industry","Other Business",57.2556179775281,72.1488764044944,14.8932584269663,FALSE,FALSE,FALSE,FALSE,FALSE,0,FALSE,0.992861030333352,TRUE,"tnc_heartlands",TRUE,TRUE,"seller","seller"
"18995","Keweenaw",80,80,"TRG","TRG THRESHOLD TIMBER MICHIGAN III LLC*","Verdant Timber Michigan, LLC","Forest Industry","Forest Industry",62.3027777777778,76.9333333333333,14.6305555555556,FALSE,FALSE,TRUE,FALSE,FALSE,0,FALSE,0,FALSE,"rebrand_same_family",FALSE,TRUE,"keeper","seller"
"10266","Houghton",80,80,"TRG","TRG THRESHOLD TIMBER MICHIGAN II LLC*","Verdant Timber Michigan, LLC","Forest Industry","Forest Industry",78.3286516853933,65.3679775280899,-12.9606741573034,FALSE,FALSE,TRUE,FALSE,FALSE,0,FALSE,0,FALSE,"rebrand_same_family",FALSE,TRUE,"keeper","seller"
"10251","Houghton",80,80,"TRG","TRG THRESHOLD TIMBER MICHIGAN II LLC*","Verdant Timber Michigan, LLC","Forest Industry","Forest Industry",72.1746478873239,59.4929577464789,-12.6816901408451,FALSE,FALSE,TRUE,FALSE,FALSE,0,FALSE,0,FALSE,"rebrand_same_family",FALSE,TRUE,"keeper","seller"
"29604","Keweenaw",80,80,"TRG","TRG THRESHOLD TIMBER MICHIGAN III LLC*","Nature Conservancy, The","Forest Industry","Other Business",68.4314285714286,80.8542857142857,12.4228571428571,FALSE,FALSE,FALSE,FALSE,FALSE,0,FALSE,0.974090994521205,TRUE,"tnc_heartlands",TRUE,TRUE,"seller","seller"
"6144","Keweenaw",80,NA,"TRG","TRG THRESHOLD TIMBER MICHIGAN III LLC*","non-CFP in 2026","Forest Industry","non-CFP in 2026",62.4171270718232,74.5082872928177,12.0911602209945,FALSE,FALSE,FALSE,TRUE,FALSE,1.00000000000003,TRUE,0,FALSE,"songbird",TRUE,TRUE,"seller","seller"
"31012","Keweenaw",80,80,"TRG","TRG THRESHOLD TIMBER MICHIGAN II LLC*","Nature Conservancy, The","Forest Industry","Other Business",67.7960893854749,77.6843575418994,9.88826815642459,FALSE,FALSE,FALSE,FALSE,FALSE,0,FALSE,0.998107006151067,TRUE,"tnc_heartlands",TRUE,TRUE,"seller","seller"
"17979","Keweenaw",80,80,"TRG","TRG THRESHOLD TIMBER MICHIGAN II LLC*","Nature Conservancy, The","Forest Industry","Other Business",71.1179487179487,80.4897435897436,9.37179487179486,FALSE,FALSE,FALSE,FALSE,FALSE,0,FALSE,1.00000000000013,TRUE,"tnc_heartlands",TRUE,TRUE,"seller","seller"
"18848","Houghton",80,80,"TRG","TRG THRESHOLD TIMBER MICHIGAN II LLC*","Verdant Timber Cub, LLC","Forest Industry","Forest Industry",69.1977715877437,78.5013927576602,9.30362116991644,FALSE,FALSE,TRUE,FALSE,FALSE,0,FALSE,0,FALSE,"rebrand_same_family",FALSE,TRUE,"keeper","seller"
"822","Keweenaw",80,80,"TRG","TRG THRESHOLD TIMBER MICHIGAN III LLC*","Verdant Timber Michigan, LLC","Forest Industry","Forest Industry",66.1371428571429,57.2971428571429,-8.84,FALSE,FALSE,TRUE,FALSE,FALSE,0,FALSE,0,FALSE,"rebrand_same_family",FALSE,TRUE,"keeper","seller"
"23262","Keweenaw",80,80,"TRG","TRG THRESHOLD TIMBER MICHIGAN III LLC*","Verdant Timber Michigan, LLC","Forest Industry","Forest Industry",64.2757660167131,72.9972144846797,8.72144846796657,FALSE,FALSE,TRUE,FALSE,FALSE,0.990907776882201,TRUE,0,FALSE,"songbird",TRUE,TRUE,"seller","seller"
"16821","Keweenaw",80,80,"TRG","TRG THRESHOLD TIMBER MICHIGAN III LLC*","Verdant Timber Cub, LLC","Forest Industry","Forest Industry",68.2972222222222,59.7055555555556,-8.59166666666666,FALSE,FALSE,TRUE,FALSE,FALSE,0.999999999999833,TRUE,0,FALSE,"songbird",TRUE,TRUE,"seller","seller"
"816","Keweenaw",80,80,"TRG","TRG THRESHOLD TIMBER MICHIGAN III LLC*","Verdant Timber Michigan, LLC","Forest Industry","Forest Industry",75.1577464788732,83.6985915492958,8.54084507042253,FALSE,FALSE,TRUE,FALSE,FALSE,0,FALSE,0,FALSE,"rebrand_same_family",FALSE,TRUE,"keeper","seller"
"18021","Keweenaw",80,80,"TRG","TRG THRESHOLD TIMBER MICHIGAN III LLC*","Verdant Timber Cub, LLC","Forest Industry","Forest Industry",69.2011173184357,77.6061452513967,8.40502793296091,FALSE,FALSE,TRUE,FALSE,FALSE,0.972567909833313,TRUE,0,FALSE,"songbird",TRUE,TRUE,"seller","seller"
"5301","Keweenaw",80,80,"TRG","TRG THRESHOLD TIMBER MICHIGAN III LLC*","Verdant Timber Michigan, LLC","Forest Industry","Forest Industry",64.0591549295775,72.256338028169,8.19718309859155,FALSE,FALSE,TRUE,FALSE,FALSE,0,FALSE,0,FALSE,"rebrand_same_family",FALSE,TRUE,"keeper","seller"
"5204","Keweenaw",80,80,"TRG","TRG THRESHOLD TIMBER MICHIGAN III LLC*","Verdant Timber Michigan, LLC","Forest Industry","Forest Industry",76.1108033240997,68.0664819944598,-8.04432132963989,FALSE,FALSE,TRUE,FALSE,FALSE,1.00000000000019,TRUE,0,FALSE,"songbird",TRUE,TRUE,"seller","seller"
"4936","Houghton",80,80,"TRG","TRG THRESHOLD TIMBER MICHIGAN II LLC*","Verdant Timber Michigan, LLC","Forest Industry","Forest Industry",33.9301675977654,25.9776536312849,-7.95251396648045,FALSE,FALSE,TRUE,FALSE,FALSE,0,FALSE,0,FALSE,"rebrand_same_family",FALSE,TRUE,"keeper","seller"
"22048","Keweenaw",80,80,"TRG","TRG THRESHOLD TIMBER MICHIGAN III LLC*","Edochi, LLC","Forest Industry","Other Business",68.03081232493,75.9607843137255,7.92997198879551,FALSE,FALSE,FALSE,FALSE,FALSE,0,FALSE,0,FALSE,"other_sale",TRUE,TRUE,"seller","seller"
"35176","Keweenaw",80,80,"TRG","TRG THRESHOLD TIMBER MICHIGAN III LLC*","Nature Conservancy, The","Forest Industry","Other Business",57.4301675977654,65.1703910614525,7.74022346368716,FALSE,FALSE,FALSE,FALSE,FALSE,0,FALSE,0.975205973857792,TRUE,"tnc_heartlands",TRUE,TRUE,"seller","seller"
"30318","Keweenaw",80,80,"TRG","TRG THRESHOLD TIMBER MICHIGAN II LLC*","Nature Conservancy, The","Forest Industry","Other Business",65.6363636363636,73.168044077135,7.53168044077134,FALSE,FALSE,FALSE,FALSE,FALSE,0,FALSE,0.950247262844452,TRUE,"tnc_heartlands",TRUE,TRUE,"seller","seller"
"11952","Keweenaw",80,80,"TRG","TRG THRESHOLD TIMBER MICHIGAN III LLC*","Verdant Timber Michigan, LLC","Forest Industry","Forest Industry",80.5185185185185,73.3903133903134,-7.12820512820512,FALSE,FALSE,TRUE,FALSE,FALSE,0,FALSE,0,FALSE,"rebrand_same_family",FALSE,TRUE,"keeper","seller"
"18869","Houghton",80,80,"TRG","TRG THRESHOLD TIMBER MICHIGAN II LLC*","Verdant Timber Michigan, LLC","Forest Industry","Forest Industry",67.6371428571429,61.0771428571429,-6.56,FALSE,FALSE,TRUE,FALSE,FALSE,0,FALSE,0,FALSE,"rebrand_same_family",FALSE,TRUE,"keeper","seller"
"16844","Keweenaw",80,80,"TRG","TRG THRESHOLD TIMBER MICHIGAN III LLC*","Nature Conservancy, The","Forest Industry","Other Business",63.9458689458689,57.6695156695157,-6.27635327635328,FALSE,FALSE,FALSE,FALSE,FALSE,0,FALSE,0.999999999999987,TRUE,"tnc_heartlands",TRUE,TRUE,"seller","seller"
"19047","Keweenaw",80,80,"TRG","TRG THRESHOLD TIMBER MICHIGAN III LLC*","Verdant Timber Michigan, LLC","Forest Industry","Forest Industry",78.0552486187845,71.9640883977901,-6.09116022099448,FALSE,FALSE,TRUE,FALSE,FALSE,0,FALSE,0,FALSE,"rebrand_same_family",FALSE,TRUE,"keeper","seller"
"23224","Keweenaw",80,80,"TRG","TRG THRESHOLD TIMBER MICHIGAN III LLC*","Nature Conservancy, The","Forest Industry","Other Business",65.0194986072423,59.3871866295265,-5.63231197771588,FALSE,FALSE,FALSE,FALSE,FALSE,0,FALSE,0.999999999999983,TRUE,"tnc_heartlands",TRUE,TRUE,"seller","seller"
"21459","Keweenaw",80,80,"TRG","TRG THRESHOLD TIMBER MICHIGAN II LLC*","Nature Conservancy, The","Forest Industry","Other Business",76.5234159779614,81.9366391184573,5.41322314049586,FALSE,FALSE,FALSE,FALSE,FALSE,0,FALSE,1,TRUE,"tnc_heartlands",TRUE,TRUE,"seller","seller"
"19011","Keweenaw",80,80,"TRG","TRG THRESHOLD TIMBER MICHIGAN II LLC*","Nature Conservancy, The","Forest Industry","Other Business",72.158024691358,77.4913580246914,5.33333333333333,FALSE,FALSE,FALSE,FALSE,FALSE,0,FALSE,1.00000000000011,TRUE,"tnc_heartlands",TRUE,TRUE,"seller","seller"
"5265","Keweenaw",80,80,"TRG","TRG THRESHOLD TIMBER MICHIGAN III LLC*","Verdant Timber Cub, LLC","Forest Industry","Forest Industry",67.373595505618,72.5898876404494,5.21629213483146,FALSE,FALSE,TRUE,FALSE,FALSE,0,FALSE,0,FALSE,"rebrand_same_family",FALSE,TRUE,"keeper","seller"
"10259","Houghton",80,80,"TRG","TRG THRESHOLD TIMBER MICHIGAN II LLC*","Verdant Timber Michigan, LLC","Forest Industry","Forest Industry",78.0165289256198,72.8980716253444,-5.11845730027548,FALSE,FALSE,TRUE,FALSE,FALSE,0,FALSE,0,FALSE,"rebrand_same_family",FALSE,TRUE,"keeper","seller"
"6160","Keweenaw",80,80,"TRG","TRG THRESHOLD TIMBER MICHIGAN III LLC*","Verdant Timber Cub, LLC","Forest Industry","Forest Industry",74.1637931034483,69.2270114942529,-4.93678160919539,FALSE,FALSE,TRUE,FALSE,FALSE,0,FALSE,0,FALSE,"rebrand_same_family",FALSE,TRUE,"keeper","seller"
"18904","Houghton",80,80,"TRG","TRG THRESHOLD TIMBER MICHIGAN II LLC*","North Woods Conservancy dba Keweenaw Natural Areas, The","Forest Industry","Other",56.2880886426593,51.3795013850416,-4.90858725761773,FALSE,FALSE,FALSE,FALSE,FALSE,0,FALSE,0,FALSE,"other_sale",TRUE,TRUE,"seller","seller"
"23232","Keweenaw",80,80,"TRG","TRG THRESHOLD TIMBER MICHIGAN II LLC*","Nature Conservancy, The","Forest Industry","Other Business",74.5115606936416,69.6531791907514,-4.85838150289017,FALSE,FALSE,FALSE,FALSE,FALSE,0,FALSE,1.00000000000005,TRUE,"tnc_heartlands",TRUE,TRUE,"seller","seller"
"18847","Houghton",80,80,"TRG","TRG THRESHOLD TIMBER MICHIGAN II LLC*","Verdant Timber Cub, LLC","Forest Industry","Forest Industry",76.9779005524862,81.7734806629834,4.79558011049724,FALSE,FALSE,TRUE,FALSE,FALSE,0,FALSE,0,FALSE,"rebrand_same_family",FALSE,TRUE,"keeper","seller"
"5199","Keweenaw",80,80,"TRG","TRG THRESHOLD TIMBER MICHIGAN III LLC*","Verdant Timber Cub, LLC","Forest Industry","Forest Industry",69.601108033241,74.3545706371191,4.75346260387812,FALSE,FALSE,TRUE,FALSE,FALSE,0.999999999999953,TRUE,0,FALSE,"songbird",TRUE,TRUE,"seller","seller"
"5272","Keweenaw",80,80,"TRG","TRG THRESHOLD TIMBER MICHIGAN III LLC*","Verdant Timber Michigan, LLC","Forest Industry","Forest Industry",75.6565934065934,80.4093406593407,4.75274725274726,FALSE,FALSE,TRUE,FALSE,FALSE,0,FALSE,0,FALSE,"rebrand_same_family",FALSE,TRUE,"keeper","seller"
"4906","Houghton",80,NA,"TRG","TRG THRESHOLD TIMBER MICHIGAN II LLC*","non-CFP in 2026","Forest Industry","non-CFP in 2026",75.6155988857939,80.1949860724234,4.57938718662953,FALSE,FALSE,FALSE,TRUE,FALSE,0,FALSE,0,FALSE,"left_cfp",TRUE,TRUE,"seller","seller"
"5300","Keweenaw",80,80,"TRG","TRG THRESHOLD TIMBER MICHIGAN III LLC*","Verdant Timber Michigan, LLC","Forest Industry","Forest Industry",72.680790960452,77.2033898305085,4.5225988700565,FALSE,FALSE,TRUE,FALSE,FALSE,0,FALSE,0,FALSE,"rebrand_same_family",FALSE,TRUE,"keeper","seller"
"18002","Keweenaw",80,80,"TRG","TRG THRESHOLD TIMBER MICHIGAN II LLC*","Nature Conservancy, The","Forest Industry","Other Business",68.2212643678161,72.6149425287356,4.39367816091954,FALSE,FALSE,FALSE,FALSE,FALSE,0,FALSE,0.999999999999964,TRUE,"tnc_heartlands",TRUE,TRUE,"seller","seller"
"5296","Keweenaw",80,80,"TRG","TRG THRESHOLD TIMBER MICHIGAN III LLC*","Verdant Timber Michigan, LLC","Forest Industry","Forest Industry",73.4120879120879,77.6346153846154,4.22252747252747,FALSE,FALSE,TRUE,FALSE,FALSE,0,FALSE,0,FALSE,"rebrand_same_family",FALSE,TRUE,"keeper","seller"
"10258","Houghton",80,80,"TRG","TRG THRESHOLD TIMBER MICHIGAN II LLC*","Verdant Timber Michigan, LLC","Forest Industry","Forest Industry",80.468253968254,76.6269841269841,-3.84126984126983,FALSE,FALSE,TRUE,FALSE,FALSE,0,FALSE,0,FALSE,"rebrand_same_family",FALSE,TRUE,"keeper","seller"
"16846","Keweenaw",80,80,"TRG","TRG THRESHOLD TIMBER MICHIGAN III LLC*","Nature Conservancy, The","Forest Industry","Other Business",69.5423728813559,73.1553672316384,3.61299435028249,FALSE,FALSE,FALSE,FALSE,FALSE,0,FALSE,0.961263213035262,TRUE,"tnc_heartlands",TRUE,TRUE,"seller","seller"
"10177","Houghton",80,80,"TRG","TRG THRESHOLD TIMBER MICHIGAN II LLC*","Verdant Timber Michigan, LLC","Forest Industry","Forest Industry",80.0137741046832,83.4214876033058,3.4077134986226,FALSE,FALSE,TRUE,FALSE,FALSE,0,FALSE,0,FALSE,"rebrand_same_family",FALSE,TRUE,"keeper","seller"
"18998","Keweenaw",80,80,"TRG","TRG THRESHOLD TIMBER MICHIGAN II LLC*","Nature Conservancy, The","Forest Industry","Other Business",70.1448863636364,73.4772727272727,3.33238636363637,FALSE,FALSE,FALSE,FALSE,FALSE,0,FALSE,1.00000000000013,TRUE,"tnc_heartlands",TRUE,TRUE,"seller","seller"
"4945","Houghton",80,80,"TRG","TRG THRESHOLD TIMBER MICHIGAN II LLC*","Verdant Timber Michigan, LLC","Forest Industry","Forest Industry",76.941504178273,80.2339832869081,3.29247910863509,FALSE,FALSE,TRUE,FALSE,FALSE,0,FALSE,0,FALSE,"rebrand_same_family",FALSE,TRUE,"keeper","seller"
"4938","Houghton",80,80,"TRG","TRG THRESHOLD TIMBER MICHIGAN II LLC*","Verdant Timber Michigan, LLC","Forest Industry","Forest Industry",45.9243697478992,42.9103641456583,-3.01400560224089,FALSE,FALSE,TRUE,FALSE,FALSE,0,FALSE,0,FALSE,"rebrand_same_family",FALSE,TRUE,"keeper","seller"
"12000","Keweenaw",80,80,"TRG","TRG THRESHOLD TIMBER MICHIGAN II LLC*","Nature Conservancy, The","Forest Industry","Other Business",81.2779369627507,84.2550143266476,2.97707736389685,FALSE,FALSE,FALSE,FALSE,FALSE,0,FALSE,0.999999999999828,TRUE,"tnc_heartlands",TRUE,TRUE,"seller","seller"
"4934","Houghton",80,80,"TRG","TRG THRESHOLD TIMBER MICHIGAN II LLC*","Verdant Timber Michigan, LLC","Forest Industry","Forest Industry",51.9180790960452,49.0338983050847,-2.88418079096045,FALSE,FALSE,TRUE,FALSE,FALSE,0,FALSE,0,FALSE,"rebrand_same_family",FALSE,TRUE,"keeper","seller"
"23255","Keweenaw",80,80,"TRG","TRG THRESHOLD TIMBER MICHIGAN II LLC*","Nature Conservancy, The","Forest Industry","Other Business",80.6083333333333,83.4583333333333,2.84999999999999,FALSE,FALSE,FALSE,FALSE,FALSE,0,FALSE,0.994159193936849,TRUE,"tnc_heartlands",TRUE,TRUE,"seller","seller"
"27107","Keweenaw",80,80,"TRG","TRG THRESHOLD TIMBER MICHIGAN III LLC*","Verdant Timber Cub, LLC","Forest Industry","Forest Industry",78.0863509749304,80.9025069637883,2.81615598885793,FALSE,FALSE,TRUE,FALSE,FALSE,0.997018828061086,TRUE,0,FALSE,"songbird",TRUE,TRUE,"seller","seller"
"6115","Keweenaw",80,80,"TRG","TRG THRESHOLD TIMBER MICHIGAN III LLC*","Verdant Timber Michigan, LLC","Forest Industry","Forest Industry",81.9376770538244,79.2181303116147,-2.71954674220963,FALSE,FALSE,TRUE,FALSE,FALSE,0.999130054075239,TRUE,0,FALSE,"songbird",TRUE,TRUE,"seller","seller"
"5297","Keweenaw",80,80,"TRG","TRG THRESHOLD TIMBER MICHIGAN III LLC*","Cole, Edward F.","Forest Industry","Private Individual(s)",76.2881355932203,78.9519774011299,2.66384180790961,FALSE,FALSE,FALSE,FALSE,FALSE,0,FALSE,0,FALSE,"other_sale",TRUE,TRUE,"seller","seller"
"16820","Keweenaw",80,80,"TRG","TRG THRESHOLD TIMBER MICHIGAN III LLC*","Verdant Timber Cub, LLC","Forest Industry","Forest Industry",72.85,75.4805555555556,2.63055555555556,FALSE,FALSE,TRUE,FALSE,FALSE,0.99999999999992,TRUE,0,FALSE,"songbird",TRUE,TRUE,"seller","seller"
"5180","Keweenaw",80,80,"TRG","TRG THRESHOLD TIMBER MICHIGAN III LLC*","Verdant Timber Michigan, LLC","Forest Industry","Forest Industry",78.2833333333333,75.6722222222222,-2.61111111111111,FALSE,FALSE,TRUE,FALSE,FALSE,0.979223283827117,TRUE,0,FALSE,"songbird",TRUE,TRUE,"seller","seller"
"4904","Houghton",80,80,"TRG","TRG THRESHOLD TIMBER MICHIGAN II LLC*","Verdant Timber Michigan, LLC","Forest Industry","Forest Industry",63.8296089385475,66.4022346368715,2.57262569832402,FALSE,FALSE,TRUE,FALSE,FALSE,0,FALSE,0,FALSE,"rebrand_same_family",FALSE,TRUE,"keeper","seller"
"19747","Keweenaw",80,80,"TRG","TRG THRESHOLD TIMBER MICHIGAN II LLC*","Nature Conservancy, The","Forest Industry","Other Business",75.0961538461538,77.6648351648352,2.56868131868133,FALSE,FALSE,FALSE,FALSE,FALSE,0,FALSE,1.00000000000012,TRUE,"tnc_heartlands",TRUE,TRUE,"seller","seller"
"5268","Keweenaw",80,80,"TRG","TRG THRESHOLD TIMBER MICHIGAN III LLC*","Verdant Timber Michigan, LLC","Forest Industry","Forest Industry",75.5416666666667,78.0833333333333,2.54166666666666,FALSE,FALSE,TRUE,FALSE,FALSE,0,FALSE,0,FALSE,"rebrand_same_family",FALSE,TRUE,"keeper","seller"
"5292","Keweenaw",80,80,"TRG","TRG THRESHOLD TIMBER MICHIGAN III LLC*","Cole, Edward F.","Forest Industry","Private Individual(s)",75.034188034188,77.3076923076923,2.27350427350427,FALSE,FALSE,FALSE,FALSE,FALSE,0,FALSE,0,FALSE,"other_sale",TRUE,TRUE,"seller","seller"
"17992","Keweenaw",80,80,"TRG","TRG THRESHOLD TIMBER MICHIGAN II LLC*","Nature Conservancy, The","Forest Industry","Other Business",77.5909090909091,79.7414772727273,2.15056818181817,FALSE,FALSE,FALSE,FALSE,FALSE,0,FALSE,0.999999999999994,TRUE,"tnc_heartlands",TRUE,TRUE,"seller","seller"
"5178","Keweenaw",80,80,"TRG","TRG THRESHOLD TIMBER MICHIGAN III LLC*","Verdant Timber Michigan, LLC","Forest Industry","Forest Industry",77.7698863636364,79.8210227272727,2.05113636363637,FALSE,FALSE,TRUE,FALSE,FALSE,0,FALSE,0,FALSE,"rebrand_same_family",FALSE,TRUE,"keeper","seller"
"12037","Keweenaw",80,80,"TRG","TRG THRESHOLD TIMBER MICHIGAN III LLC*","Verdant Timber Michigan, LLC","Forest Industry","Forest Industry",81.3841961852861,83.4059945504087,2.02179836512262,FALSE,FALSE,TRUE,FALSE,FALSE,0,FALSE,0,FALSE,"rebrand_same_family",FALSE,TRUE,"keeper","seller"
"27103","Keweenaw",80,80,"TRG","TRG THRESHOLD TIMBER MICHIGAN III LLC*","Nature Conservancy, The","Forest Industry","Other Business",78.158038147139,80.1771117166213,2.01907356948229,FALSE,FALSE,FALSE,FALSE,FALSE,0,FALSE,0.982691714850463,TRUE,"tnc_heartlands",TRUE,TRUE,"seller","seller"
"4909","Houghton",80,80,"TRG","TRG THRESHOLD TIMBER MICHIGAN II LLC*","Verdant Timber Michigan, LLC","Forest Industry","Forest Industry",81.304469273743,83.2541899441341,1.94972067039107,FALSE,FALSE,TRUE,FALSE,FALSE,0,FALSE,0,FALSE,"rebrand_same_family",FALSE,TRUE,"keeper","seller"
"19788","Keweenaw",80,80,"TRG","TRG THRESHOLD TIMBER MICHIGAN III LLC*","Verdant Timber Cub, LLC","Forest Industry","Forest Industry",75.2152974504249,77.1586402266289,1.94334277620396,FALSE,FALSE,TRUE,FALSE,FALSE,0.016323564831346,FALSE,0,FALSE,"rebrand_same_family",FALSE,TRUE,"keeper","seller"
"23212","Keweenaw",80,80,"TRG","TRG THRESHOLD TIMBER MICHIGAN II LLC*","Nature Conservancy, The","Forest Industry","Other Business",65.0055865921788,63.0865921787709,-1.91899441340782,FALSE,FALSE,FALSE,FALSE,FALSE,0,FALSE,0.953036919527447,TRUE,"tnc_heartlands",TRUE,TRUE,"seller","seller"
"19763","Keweenaw",80,80,"TRG","TRG THRESHOLD TIMBER MICHIGAN III LLC*","Nature Conservancy, The","Forest Industry","Other Business",71.275,69.3611111111111,-1.91388888888889,FALSE,FALSE,FALSE,FALSE,FALSE,0,FALSE,0.977372371837016,TRUE,"tnc_heartlands",TRUE,TRUE,"seller","seller"
"11936","Keweenaw",80,80,"TRG","TRG THRESHOLD TIMBER MICHIGAN III LLC*","Verdant Timber Michigan, LLC","Forest Industry","Forest Industry",80.5675675675676,82.445945945946,1.87837837837839,FALSE,FALSE,TRUE,FALSE,FALSE,0,FALSE,0,FALSE,"rebrand_same_family",FALSE,TRUE,"keeper","seller"
"21464","Keweenaw",80,NA,"TRG","TRG THRESHOLD TIMBER MICHIGAN III LLC*","non-CFP in 2026","Forest Industry","non-CFP in 2026",73.9339339339339,75.7777777777778,1.84384384384384,FALSE,FALSE,FALSE,TRUE,FALSE,0,FALSE,0,FALSE,"left_cfp",TRUE,TRUE,"seller","seller"
"30680","Keweenaw",80,80,"TRG","TRG THRESHOLD TIMBER MICHIGAN III LLC*","Nature Conservancy, The","Forest Industry","Other Business",75.6739130434783,77.4510869565217,1.77717391304347,FALSE,FALSE,FALSE,FALSE,FALSE,0,FALSE,0.9697613798701,TRUE,"tnc_heartlands",TRUE,TRUE,"seller","seller"
"3381","Keweenaw",80,80,"TRG","TRG THRESHOLD TIMBER MICHIGAN III LLC*","Verdant Timber Michigan, LLC","Forest Industry","Forest Industry",77.0851648351648,78.6565934065934,1.57142857142857,FALSE,FALSE,TRUE,FALSE,FALSE,0,FALSE,0,FALSE,"rebrand_same_family",FALSE,TRUE,"keeper","seller"
"6112","Keweenaw",80,80,"TRG","TRG THRESHOLD TIMBER MICHIGAN III LLC*","Verdant Timber Michigan, LLC","Forest Industry","Forest Industry",83.5085227272727,85.0539772727273,1.54545454545453,FALSE,FALSE,TRUE,FALSE,FALSE,0,FALSE,0,FALSE,"rebrand_same_family",FALSE,TRUE,"keeper","seller"
"5169","Keweenaw",80,80,"TRG","TRG THRESHOLD TIMBER MICHIGAN III LLC*","Verdant Timber Michigan, LLC","Forest Industry","Forest Industry",80.5759312320917,82.0343839541547,1.45845272206304,FALSE,FALSE,TRUE,FALSE,FALSE,0.964070834123561,TRUE,0,FALSE,"songbird",TRUE,TRUE,"seller","seller"
"11938","Keweenaw",80,80,"TRG","TRG THRESHOLD TIMBER MICHIGAN III LLC*","Verdant Timber Michigan, LLC","Forest Industry","Forest Industry",82.4600550964187,83.8815426997245,1.42148760330579,FALSE,FALSE,TRUE,FALSE,FALSE,0,FALSE,0,FALSE,"rebrand_same_family",FALSE,TRUE,"keeper","seller"
"6120","Keweenaw",80,80,"TRG","TRG THRESHOLD TIMBER MICHIGAN III LLC*","Verdant Timber Michigan, LLC","Forest Industry","Forest Industry",80.3521126760563,81.7605633802817,1.40845070422536,FALSE,FALSE,TRUE,FALSE,FALSE,0,FALSE,0,FALSE,"rebrand_same_family",FALSE,TRUE,"keeper","seller"
"6121","Keweenaw",80,80,"TRG","TRG THRESHOLD TIMBER MICHIGAN III LLC*","Verdant Timber Michigan, LLC","Forest Industry","Forest Industry",81.1186440677966,82.3926553672316,1.27401129943503,FALSE,FALSE,TRUE,FALSE,FALSE,0,FALSE,0,FALSE,"rebrand_same_family",FALSE,TRUE,"keeper","seller"
"6136","Keweenaw",80,80,"TRG","TRG THRESHOLD TIMBER MICHIGAN III LLC*","Verdant Timber Michigan, LLC","Forest Industry","Forest Industry",80.125348189415,81.3871866295265,1.26183844011143,FALSE,FALSE,TRUE,FALSE,FALSE,0,FALSE,0,FALSE,"rebrand_same_family",FALSE,TRUE,"keeper","seller"
"5308","Keweenaw",80,80,"TRG","TRG THRESHOLD TIMBER MICHIGAN III LLC*","Verdant Timber Cub, LLC","Forest Industry","Forest Industry",78.6225352112676,79.8140845070423,1.19154929577465,FALSE,FALSE,TRUE,FALSE,FALSE,0.0152940275793678,FALSE,0,FALSE,"rebrand_same_family",FALSE,TRUE,"keeper","seller"
"31985","Houghton",80,80,"TRG","TRG THRESHOLD TIMBER MICHIGAN II LLC*","Verdant Timber Michigan, LLC","Forest Industry","Forest Industry",83.1988950276243,84.3259668508287,1.12707182320443,FALSE,FALSE,TRUE,FALSE,FALSE,0,FALSE,0,FALSE,"rebrand_same_family",FALSE,TRUE,"keeper","seller"
"23276","Keweenaw",80,NA,"TRG","TRG THRESHOLD TIMBER MICHIGAN III LLC*","non-CFP in 2026","Forest Industry","non-CFP in 2026",67.2717086834734,66.1708683473389,-1.10084033613445,FALSE,FALSE,FALSE,TRUE,FALSE,0,FALSE,0,FALSE,"left_cfp",TRUE,TRUE,"seller","seller"
"799","Keweenaw",80,80,"TRG","TRG THRESHOLD TIMBER MICHIGAN III LLC*","Verdant Timber Michigan, LLC","Forest Industry","Forest Industry",75.8046647230321,74.7551020408163,-1.04956268221575,FALSE,FALSE,TRUE,FALSE,FALSE,0,FALSE,0,FALSE,"rebrand_same_family",FALSE,TRUE,"keeper","seller"
"21457","Keweenaw",80,80,"TRG","TRG THRESHOLD TIMBER MICHIGAN II LLC*","Nature Conservancy, The","Forest Industry","Other Business",76.9252077562327,77.9390581717451,1.01385041551247,FALSE,FALSE,FALSE,FALSE,FALSE,0,FALSE,0.988061542549229,TRUE,"tnc_heartlands",TRUE,TRUE,"seller","seller"
"23273","Keweenaw",80,80,"TRG","TRG THRESHOLD TIMBER MICHIGAN III LLC*","Verdant Timber Cub, LLC","Forest Industry","Forest Industry",75.3892045454545,76.3806818181818,0.991477272727266,FALSE,FALSE,TRUE,FALSE,FALSE,0.999980762480631,TRUE,0,FALSE,"songbird",TRUE,TRUE,"seller","seller"
"6141","Keweenaw",80,NA,"TRG","TRG THRESHOLD TIMBER MICHIGAN III LLC*","non-CFP in 2026","Forest Industry","non-CFP in 2026",69.3977900552486,70.3867403314917,0.988950276243088,FALSE,FALSE,FALSE,TRUE,FALSE,0.999999999999914,TRUE,0,FALSE,"songbird",TRUE,TRUE,"seller","seller"
"19022","Keweenaw",80,80,"TRG","TRG THRESHOLD TIMBER MICHIGAN II LLC*","Nature Conservancy, The","Forest Industry","Other Business",73.8333333333333,74.7888888888889,0.955555555555563,FALSE,FALSE,FALSE,FALSE,FALSE,0,FALSE,1.00000000000006,TRUE,"tnc_heartlands",TRUE,TRUE,"seller","seller"
"18013","Keweenaw",80,80,"TRG","TRG THRESHOLD TIMBER MICHIGAN III LLC*","Verdant Timber Michigan, LLC","Forest Industry","Forest Industry",61.3479532163743,62.2982456140351,0.950292397660817,FALSE,FALSE,TRUE,FALSE,FALSE,0,FALSE,0,FALSE,"rebrand_same_family",FALSE,TRUE,"keeper","seller"
"796","Keweenaw",80,80,"TRG","TRG THRESHOLD TIMBER MICHIGAN III LLC*","Verdant Timber Michigan, LLC","Forest Industry","Forest Industry",80.4843304843305,81.4273504273504,0.943019943019948,FALSE,FALSE,TRUE,FALSE,FALSE,0,FALSE,0,FALSE,"rebrand_same_family",FALSE,TRUE,"keeper","seller"
"19730","Keweenaw",80,80,"TRG","TRG THRESHOLD TIMBER MICHIGAN III LLC*","Verdant Timber Michigan, LLC","Forest Industry","Forest Industry",71.075,71.9583333333333,0.883333333333326,FALSE,FALSE,TRUE,FALSE,FALSE,0.993807724753123,TRUE,0,FALSE,"songbird",TRUE,TRUE,"seller","seller"
"20662","Keweenaw",80,80,"TRG","TRG THRESHOLD TIMBER MICHIGAN III LLC*","Nature Conservancy, The","Forest Industry","Other Business",72.533527696793,71.6734693877551,-0.860058309037896,FALSE,FALSE,FALSE,FALSE,FALSE,0,FALSE,0.964416345123657,TRUE,"tnc_heartlands",TRUE,TRUE,"seller","seller"
"4948","Houghton",80,80,"TRG","TRG THRESHOLD TIMBER MICHIGAN II LLC*","Verdant Timber Michigan, LLC","Forest Industry","Forest Industry",67.2727272727273,66.4630681818182,-0.809659090909079,FALSE,FALSE,TRUE,FALSE,FALSE,0,FALSE,0,FALSE,"rebrand_same_family",FALSE,TRUE,"keeper","seller"
"778","Keweenaw",80,NA,"TRG","TRG THRESHOLD TIMBER MICHIGAN III LLC*","non-CFP in 2026","Forest Industry","non-CFP in 2026",73.385269121813,74.1614730878187,0.776203966005667,FALSE,FALSE,FALSE,TRUE,FALSE,0,FALSE,0,FALSE,"left_cfp",TRUE,TRUE,"seller","seller"
"6131","Keweenaw",80,80,"TRG","TRG THRESHOLD TIMBER MICHIGAN III LLC*","Verdant Timber Michigan, LLC","Forest Industry","Forest Industry",83.9093484419263,84.6543909348442,0.745042492917847,FALSE,FALSE,TRUE,FALSE,FALSE,0,FALSE,0,FALSE,"rebrand_same_family",FALSE,TRUE,"keeper","seller"
"789","Keweenaw",80,NA,"TRG","TRG THRESHOLD TIMBER MICHIGAN III LLC*","non-CFP in 2026","Forest Industry","non-CFP in 2026",54.1903409090909,53.5056818181818,-0.684659090909086,FALSE,FALSE,FALSE,TRUE,FALSE,0,FALSE,0,FALSE,"left_cfp",TRUE,TRUE,"seller","seller"
"21474","Keweenaw",80,80,"TRG","TRG THRESHOLD TIMBER MICHIGAN III LLC*","Verdant Timber Michigan, LLC","Forest Industry","Forest Industry",70.4906166219839,71.0991957104558,0.608579088471842,FALSE,FALSE,TRUE,FALSE,FALSE,0,FALSE,0,FALSE,"rebrand_same_family",FALSE,TRUE,"keeper","seller"
"18855","Houghton",80,80,"TRG","TRG THRESHOLD TIMBER MICHIGAN II LLC*","Verdant Timber Michigan, LLC","Forest Industry","Forest Industry",54.7430939226519,54.1740331491713,-0.569060773480665,FALSE,FALSE,TRUE,FALSE,FALSE,0,FALSE,0,FALSE,"rebrand_same_family",FALSE,TRUE,"keeper","seller"
"22047","Keweenaw",80,80,"TRG","TRG THRESHOLD TIMBER MICHIGAN III LLC*","Edochi, LLC","Forest Industry","Other Business",72.3501400560224,72.8879551820728,0.537815126050418,FALSE,FALSE,FALSE,FALSE,FALSE,0,FALSE,0,FALSE,"other_sale",TRUE,TRUE,"seller","seller"
"5195","Keweenaw",80,80,"TRG","TRG THRESHOLD TIMBER MICHIGAN III LLC*","Verdant Timber Michigan, LLC","Forest Industry","Forest Industry",81.0167597765363,81.4972067039106,0.480446927374302,FALSE,FALSE,TRUE,FALSE,FALSE,0,FALSE,0,FALSE,"rebrand_same_family",FALSE,TRUE,"keeper","seller"
"21463","Keweenaw",80,NA,"TRG","TRG THRESHOLD TIMBER MICHIGAN III LLC*","non-CFP in 2026","Forest Industry","non-CFP in 2026",75.9891304347826,76.3586956521739,0.369565217391298,FALSE,FALSE,FALSE,TRUE,FALSE,0,FALSE,0,FALSE,"left_cfp",TRUE,TRUE,"seller","seller"
"17999","Keweenaw",80,80,"TRG","TRG THRESHOLD TIMBER MICHIGAN III LLC*","Verdant Timber Michigan, LLC","Forest Industry","Forest Industry",79.2010869565217,79.5625,0.361413043478265,FALSE,FALSE,TRUE,FALSE,FALSE,0,FALSE,0.980094531358647,TRUE,"tnc_heartlands",TRUE,TRUE,"seller","seller"
"5209","Keweenaw",80,80,"TRG","TRG THRESHOLD TIMBER MICHIGAN III LLC*","Verdant Timber Michigan, LLC","Forest Industry","Forest Industry",72.6465753424658,72.3369863013699,-0.30958904109589,FALSE,FALSE,TRUE,FALSE,FALSE,0.995089196405951,TRUE,0,FALSE,"songbird",TRUE,TRUE,"seller","seller"
"18872","Houghton",80,80,"TRG","TRG THRESHOLD TIMBER MICHIGAN II LLC*","Verdant Timber Michigan, LLC","Forest Industry","Forest Industry",75.4527220630372,75.7507163323782,0.297994269340975,FALSE,FALSE,TRUE,FALSE,FALSE,0,FALSE,0,FALSE,"rebrand_same_family",FALSE,TRUE,"keeper","seller"
"21454","Keweenaw",80,80,"TRG","TRG THRESHOLD TIMBER MICHIGAN II LLC*","Nature Conservancy, The","Forest Industry","Other Business",75.375350140056,75.6386554621849,0.263305322128843,FALSE,FALSE,FALSE,FALSE,FALSE,0,FALSE,0.96514420339338,TRUE,"tnc_heartlands",TRUE,TRUE,"seller","seller"
"819","Keweenaw",80,80,"TRG","TRG THRESHOLD TIMBER MICHIGAN III LLC*","Verdant Timber Michigan, LLC","Forest Industry","Forest Industry",77.8898305084746,78.1129943502825,0.223163841807917,FALSE,FALSE,TRUE,FALSE,FALSE,0,FALSE,0,FALSE,"rebrand_same_family",FALSE,TRUE,"keeper","seller"
"17615","Houghton",80,80,"TRG","TRG THRESHOLD TIMBER MICHIGAN II LLC*","Verdant Timber Michigan, LLC","Forest Industry","Forest Industry",80.939226519337,81.121546961326,0.182320441988949,FALSE,FALSE,TRUE,FALSE,FALSE,0,FALSE,0,FALSE,"rebrand_same_family",FALSE,TRUE,"keeper","seller"
"6106","Houghton",80,80,"TRG","TRG THRESHOLD TIMBER MICHIGAN II LLC*","Verdant Timber Michigan, LLC","Forest Industry","Forest Industry",82.427374301676,82.608938547486,0.181564245810051,FALSE,FALSE,TRUE,FALSE,FALSE,0,FALSE,0,FALSE,"rebrand_same_family",FALSE,TRUE,"keeper","seller"
"5260","Keweenaw",80,80,"TRG","TRG THRESHOLD TIMBER MICHIGAN III LLC*","Keweenaw Investment and Development Sites, L.L.C.","Forest Industry","Other Business",72.8005464480874,72.9754098360656,0.174863387978149,FALSE,FALSE,FALSE,FALSE,FALSE,0,FALSE,0,FALSE,"other_sale",TRUE,TRUE,"seller","seller"
"10401","Houghton",80,80,"TRG","TRG THRESHOLD TIMBER MICHIGAN II LLC*","Verdant Timber Michigan, LLC","Forest Industry","Forest Industry",82.1239892183288,82.2695417789757,0.145552560646891,FALSE,FALSE,TRUE,FALSE,FALSE,0,FALSE,0,FALSE,"rebrand_same_family",FALSE,TRUE,"keeper","seller"
"16849","Keweenaw",80,80,"TRG","TRG THRESHOLD TIMBER MICHIGAN III LLC*","Verdant Timber Michigan, LLC","Forest Industry","Forest Industry",73.1393442622951,73.0054644808743,-0.13387978142076,FALSE,FALSE,TRUE,FALSE,FALSE,0,FALSE,0,FALSE,"rebrand_same_family",FALSE,TRUE,"keeper","seller"
"5167","Keweenaw",80,80,"TRG","TRG THRESHOLD TIMBER MICHIGAN III LLC*","Verdant Timber Michigan, LLC","Forest Industry","Forest Industry",79.8710601719198,79.9971346704871,0.126074498567334,FALSE,FALSE,TRUE,FALSE,FALSE,0.999999999999967,TRUE,0,FALSE,"songbird",TRUE,TRUE,"seller","seller"
"21441","Keweenaw",80,80,"TRG","TRG THRESHOLD TIMBER MICHIGAN II LLC*","Nature Conservancy, The","Forest Industry","Other Business",81.0169491525424,81.1045197740113,0.0875706214689274,FALSE,FALSE,FALSE,FALSE,FALSE,0,FALSE,0.9874332233562,TRUE,"tnc_heartlands",TRUE,TRUE,"seller","seller"
"16984","Houghton",80,NA,"TRG","TRG THRESHOLD TIMBER MICHIGAN II LLC*","non-CFP in 2026","Forest Industry","non-CFP in 2026",45.2268907563025,45.2913165266106,0.0644257703081195,FALSE,FALSE,FALSE,TRUE,FALSE,0,FALSE,0,FALSE,"left_cfp",TRUE,TRUE,"seller","seller"
"19016","Keweenaw",80,80,"TRG","TRG THRESHOLD TIMBER MICHIGAN II LLC*","Nature Conservancy, The","Forest Industry","Other Business",77.5041782729805,77.5626740947075,0.0584958217270213,FALSE,FALSE,FALSE,FALSE,FALSE,0,FALSE,1.00000000000002,TRUE,"tnc_heartlands",TRUE,TRUE,"seller","seller"
"6128","Keweenaw",80,80,"TRG","TRG THRESHOLD TIMBER MICHIGAN III LLC*","Verdant Timber Michigan, LLC","Forest Industry","Forest Industry",84.3295454545455,84.3125,-0.0170454545454533,FALSE,FALSE,TRUE,FALSE,FALSE,0,FALSE,0,FALSE,"rebrand_same_family",FALSE,TRUE,"keeper","seller"
"19014","Keweenaw",80,80,"TRG","TRG THRESHOLD TIMBER MICHIGAN II LLC*","Nature Conservancy, The","Forest Industry","Other Business",73.7803617571059,73.7674418604651,-0.0129198966408239,FALSE,FALSE,FALSE,FALSE,FALSE,0,FALSE,0.999999999999968,TRUE,"tnc_heartlands",TRUE,TRUE,"seller","seller"
"6438","Houghton",79.21,NA,"TRG","TRG THRESHOLD TIMBER MICHIGAN II LLC*","non-CFP in 2026","Forest Industry","non-CFP in 2026",79.0311614730878,79.2492917847025,0.218130311614729,FALSE,FALSE,FALSE,TRUE,FALSE,0,FALSE,0,FALSE,"left_cfp",TRUE,TRUE,"seller","seller"
"23304","Keweenaw",78.67,NA,"TRG","TRG THRESHOLD TIMBER MICHIGAN III LLC*","non-CFP in 2026","Forest Industry","non-CFP in 2026",55.1551724137931,57.2097701149425,2.05459770114943,FALSE,FALSE,FALSE,TRUE,FALSE,0,FALSE,0,FALSE,"left_cfp",TRUE,TRUE,"seller","seller"
"17624","Houghton",77.48,77.48,"TRG","TRG THRESHOLD TIMBER MICHIGAN II LLC*","North Woods Conservancy dba Keweenaw Natural Areas, The","Forest Industry","Other",52.72,67.3907692307692,14.6707692307692,FALSE,FALSE,FALSE,FALSE,FALSE,0,FALSE,0,FALSE,"other_sale",TRUE,TRUE,"seller","seller"
"11927","Keweenaw",76.88,76.88,"TRG","TRG THRESHOLD TIMBER MICHIGAN III LLC*","Verdant Timber Michigan, LLC","Forest Industry","Forest Industry",77.2932960893855,82.9944134078212,5.70111731843575,FALSE,FALSE,TRUE,FALSE,FALSE,0,FALSE,0,FALSE,"rebrand_same_family",FALSE,TRUE,"keeper","seller"
"6102","Houghton",75.99,75.99,"TRG","TRG THRESHOLD TIMBER MICHIGAN II LLC*","Verdant Timber Michigan, LLC","Forest Industry","Forest Industry",82.8779069767442,83.3662790697674,0.488372093023258,FALSE,FALSE,TRUE,FALSE,FALSE,0,FALSE,0,FALSE,"rebrand_same_family",FALSE,TRUE,"keeper","seller"
"786","Keweenaw",75.47,75.47,"TRG","TRG THRESHOLD TIMBER MICHIGAN III LLC*","Verdant Timber Michigan, LLC","Forest Industry","Forest Industry",66.2608695652174,67.4202898550725,1.15942028985508,FALSE,FALSE,TRUE,FALSE,FALSE,0,FALSE,0,FALSE,"rebrand_same_family",FALSE,TRUE,"keeper","seller"
"30489","Houghton",75,75,"TRG","TRG THRESHOLD TIMBER MICHIGAN II LLC*","Verdant Timber Michigan, LLC","Forest Industry","Forest Industry",64.7665706051873,72.0778097982709,7.31123919308357,FALSE,FALSE,TRUE,FALSE,FALSE,0,FALSE,0,FALSE,"rebrand_same_family",FALSE,TRUE,"keeper","seller"
"31125","Houghton",73.69,73.69,"TRG","TRG THRESHOLD TIMBER MICHIGAN II LLC*","Verdant Timber Cub, LLC","Forest Industry","Forest Industry",72.6570512820513,59.6923076923077,-12.9647435897436,FALSE,FALSE,TRUE,FALSE,FALSE,0,FALSE,0,FALSE,"rebrand_same_family",FALSE,TRUE,"keeper","seller"
"4914","Houghton",72.8,72.8,"TRG","TRG THRESHOLD TIMBER MICHIGAN II LLC*","Verdant Timber Michigan, LLC","Forest Industry","Forest Industry",75.2810650887574,79.5591715976331,4.27810650887574,FALSE,FALSE,TRUE,FALSE,FALSE,0,FALSE,0,FALSE,"rebrand_same_family",FALSE,TRUE,"keeper","seller"
"28443","Keweenaw",71.45,71.45,"TRG","TRG THRESHOLD TIMBER MICHIGAN III LLC*","Verdant Timber Michigan, LLC","Forest Industry","Forest Industry",68.9810126582279,77.9398734177215,8.95886075949366,FALSE,FALSE,TRUE,FALSE,FALSE,0,FALSE,0,FALSE,"rebrand_same_family",FALSE,TRUE,"keeper","seller"
"23313","Keweenaw",70,70,"TRG","TRG THRESHOLD TIMBER MICHIGAN III LLC*","Verdant Timber Michigan, LLC","Forest Industry","Forest Industry",80.9539473684211,81.2335526315789,0.27960526315789,FALSE,FALSE,TRUE,FALSE,FALSE,0,FALSE,0,FALSE,"rebrand_same_family",FALSE,TRUE,"keeper","seller"
"6173","Keweenaw",69.85,69.85,"TRG","TRG THRESHOLD TIMBER MICHIGAN III LLC*","Verdant Timber Cub, LLC","Forest Industry","Forest Industry",75.2166666666667,79.18,3.96333333333334,FALSE,FALSE,TRUE,FALSE,FALSE,0.999999999999979,TRUE,0,FALSE,"songbird",TRUE,TRUE,"seller","seller"
"795","Keweenaw",69.83,69.83,"TRG","TRG THRESHOLD TIMBER MICHIGAN III LLC*","Verdant Timber Michigan, LLC","Forest Industry","Forest Industry",41.8434504792332,75.7539936102236,33.9105431309904,FALSE,FALSE,TRUE,FALSE,FALSE,0,FALSE,0,FALSE,"rebrand_same_family",FALSE,TRUE,"keeper","seller"
"18909","Houghton",67.5,67.5,"TRG","TRG THRESHOLD TIMBER MICHIGAN II LLC*","North Woods Conservancy dba Keweenaw Natural Areas, The","Forest Industry","Other",43.9366666666667,55.38,11.4433333333333,FALSE,FALSE,FALSE,FALSE,FALSE,0,FALSE,0,FALSE,"other_sale",TRUE,TRUE,"seller","seller"
"17628","Houghton",64.4,64.4,"TRG","TRG THRESHOLD TIMBER MI CUB, INC.*","North Woods Conservancy dba Keweenaw Natural Areas, The","Forest Industry","Other",61.1089108910891,76.4356435643564,15.3267326732673,FALSE,FALSE,FALSE,FALSE,FALSE,0,FALSE,0,FALSE,"other_sale",TRUE,TRUE,"seller","seller"
"29907","Keweenaw",64.25,64.25,"TRG","TRG THRESHOLD TIMBER MICHIGAN III LLC*","Verdant Timber Michigan, LLC","Forest Industry","Forest Industry",76.8910256410256,76.8974358974359,0.0064102564102626,FALSE,FALSE,TRUE,FALSE,FALSE,0,FALSE,0,FALSE,"rebrand_same_family",FALSE,TRUE,"keeper","seller"
"16993","Houghton",60.75,60.75,"TRG","TRG THRESHOLD TIMBER MICHIGAN II LLC*","Verdant Timber Michigan, LLC","Forest Industry","Forest Industry",79.1678832116788,77.6021897810219,-1.56569343065694,FALSE,FALSE,TRUE,FALSE,FALSE,0,FALSE,0,FALSE,"rebrand_same_family",FALSE,TRUE,"keeper","seller"
"31388","Houghton",60.18,60.18,"TRG","TRG THRESHOLD TIMBER MICHIGAN II LLC*","Verdant Timber Michigan, LLC","Forest Industry","Forest Industry",80.7142857142857,79.46875,-1.24553571428571,FALSE,FALSE,TRUE,FALSE,FALSE,0,FALSE,0,FALSE,"rebrand_same_family",FALSE,TRUE,"keeper","seller"
"35195","Houghton",60,60,"TRG","TRG THRESHOLD TIMBER MI CUB, INC.*","Verdant Timber Cub, LLC","Forest Industry","Forest Industry",75.5074626865672,76.1194029850746,0.611940298507463,FALSE,FALSE,TRUE,FALSE,FALSE,0,FALSE,0,FALSE,"rebrand_same_family",FALSE,TRUE,"keeper","seller"
"18322","Houghton",58.76,58.76,"TRG","TRG THRESHOLD TIMBER MICHIGAN II LLC*","Verdant Timber Michigan, LLC","Forest Industry","Forest Industry",72.84,76.9163636363636,4.07636363636364,FALSE,FALSE,TRUE,FALSE,FALSE,0,FALSE,0,FALSE,"rebrand_same_family",FALSE,TRUE,"keeper","seller"
"30385","Keweenaw",57.7,NA,"TRG","TRG THRESHOLD TIMBER MICHIGAN III LLC*","non-CFP in 2026","Forest Industry","non-CFP in 2026",74.1439688715953,74.0739299610895,-0.0700389105058434,FALSE,FALSE,FALSE,TRUE,FALSE,0,FALSE,0,FALSE,"left_cfp",TRUE,TRUE,"seller","seller"
"18905","Houghton",56.85,56.85,"TRG","TRG THRESHOLD TIMBER MICHIGAN II LLC*","North Woods Conservancy dba Keweenaw Natural Areas, The","Forest Industry","Other",1.50704225352113,2.71830985915493,1.2112676056338,FALSE,FALSE,FALSE,FALSE,FALSE,0,FALSE,0,FALSE,"other_sale",TRUE,TRUE,"seller","seller"
"23288","Keweenaw",56.45,56.45,"TRG","TRG THRESHOLD TIMBER MICHIGAN III LLC*","Keweenaw Investment and Development Sites, L.L.C.","Forest Industry","Other Business",66.5089605734767,65.9139784946236,-0.59498207885305,FALSE,FALSE,FALSE,FALSE,FALSE,0,FALSE,0,FALSE,"other_sale",TRUE,TRUE,"seller","seller"
"30301","Keweenaw",56,56,"TRG","TRG THRESHOLD TIMBER MICHIGAN II LLC*","Nature Conservancy, The","Forest Industry","Other Business",61.534435261708,68.8787878787879,7.34435261707988,FALSE,FALSE,FALSE,FALSE,FALSE,0,FALSE,0.951482286538724,TRUE,"tnc_heartlands",TRUE,TRUE,"seller","seller"
"18857","Houghton",54.68,NA,"TRG","TRG THRESHOLD TIMBER MICHIGAN II LLC*","non-CFP in 2026","Forest Industry","non-CFP in 2026",62.3230088495575,59.6504424778761,-2.67256637168142,FALSE,FALSE,FALSE,TRUE,FALSE,0,FALSE,0,FALSE,"left_cfp",TRUE,TRUE,"seller","seller"
"23312","Keweenaw",52.9,52.9,"TRG","TRG THRESHOLD TIMBER MICHIGAN III LLC*","Edochi, LLC","Forest Industry","Other Business",75.1186440677966,74.3220338983051,-0.79661016949153,FALSE,FALSE,FALSE,FALSE,FALSE,0,FALSE,0,FALSE,"other_sale",TRUE,TRUE,"seller","seller"
"33305","Houghton",52.65,52.65,"TRG","TRG THRESHOLD TIMBER MI CUB, INC.*","Verdant Timber Michigan, LLC","Forest Industry","Forest Industry",69.3035714285714,69.2946428571429,-0.0089285714285694,FALSE,FALSE,TRUE,FALSE,FALSE,0,FALSE,0,FALSE,"rebrand_same_family",FALSE,TRUE,"keeper","seller"
"18922","Houghton",45.81,45.81,"TRG","TRG THRESHOLD TIMBER MICHIGAN II LLC*","Martin J Vanderploeg 2001 Revocable Living Trust, dated May 2, 2001","Forest Industry","Trust",46.7179487179487,22.6923076923077,-24.025641025641,TRUE,FALSE,FALSE,FALSE,FALSE,0,FALSE,0,FALSE,"other_sale",TRUE,TRUE,"seller","seller"
"31765","Keweenaw",42.07,42.07,"TRG","TRG THRESHOLD TIMBER MICHIGAN III LLC*","Verdant Timber Michigan, LLC","Forest Industry","Forest Industry",78.9244186046512,79.2674418604651,0.343023255813947,FALSE,FALSE,TRUE,FALSE,FALSE,0.895370374259529,TRUE,0,FALSE,"songbird",TRUE,TRUE,"seller","seller"
"30927","Houghton",41.4,41.4,"TRG","TRG THRESHOLD TIMBER MICHIGAN II LLC*","Blau, Lois A.","Forest Industry","Private Individual(s)",80.8586956521739,80.9565217391304,0.0978260869565304,FALSE,FALSE,FALSE,FALSE,FALSE,0,FALSE,0,FALSE,"other_sale",TRUE,TRUE,"seller","seller"
"32739","Houghton",41.35,41.35,"TRG","TRG THRESHOLD TIMBER MI CUB, INC.*","North Woods Conservancy dba Keweenaw Natural Areas, The","Forest Industry","Other",63.3025641025641,73.2666666666667,9.96410256410256,FALSE,FALSE,FALSE,FALSE,FALSE,0,FALSE,0,FALSE,"other_sale",TRUE,TRUE,"seller","seller"
"5269","Keweenaw",40,40,"TRG","TRG THRESHOLD TIMBER MICHIGAN III LLC*","Verdant Timber Michigan, LLC","Forest Industry","Forest Industry",77.8474576271186,5.28813559322034,-72.5593220338983,TRUE,FALSE,TRUE,FALSE,FALSE,0,FALSE,0,FALSE,"rebrand_same_family",FALSE,TRUE,"keeper","seller"
"22064","Houghton",40,40,"TRG","TRG THRESHOLD TIMBER MICHIGAN II LLC*","Verdant Timber Michigan, LLC","Forest Industry","Forest Industry",83.0170454545455,24.2272727272727,-58.7897727272727,TRUE,FALSE,TRUE,FALSE,FALSE,0,FALSE,0,FALSE,"rebrand_same_family",FALSE,TRUE,"keeper","seller"
"10336","Houghton",40,40,"TRG","TRG THRESHOLD TIMBER MICHIGAN II LLC*","Verdant Timber Michigan, LLC","Forest Industry","Forest Industry",85.1263736263736,35.6703296703297,-49.4560439560439,TRUE,FALSE,TRUE,FALSE,FALSE,0,FALSE,0,FALSE,"rebrand_same_family",FALSE,TRUE,"keeper","seller"
"5264","Keweenaw",40,40,"TRG","TRG THRESHOLD TIMBER MICHIGAN III LLC*","Verdant Timber Cub, LLC","Forest Industry","Forest Industry",39.2316384180791,78.6440677966102,39.4124293785311,FALSE,FALSE,TRUE,FALSE,FALSE,0,FALSE,0,FALSE,"rebrand_same_family",FALSE,TRUE,"keeper","seller"
"779","Keweenaw",40,40,"TRG","TRG THRESHOLD TIMBER MICHIGAN III LLC*","Verdant Timber Cub, LLC","Forest Industry","Forest Industry",39.9885714285714,79.1885714285714,39.2,FALSE,FALSE,TRUE,FALSE,FALSE,0,FALSE,0,FALSE,"rebrand_same_family",FALSE,TRUE,"keeper","seller"
"10333","Houghton",40,40,"TRG","TRG THRESHOLD TIMBER MICHIGAN II LLC*","Verdant Timber Michigan, LLC","Forest Industry","Forest Industry",85.6117647058824,48.6117647058824,-37,TRUE,FALSE,TRUE,FALSE,FALSE,0,FALSE,0,FALSE,"rebrand_same_family",FALSE,TRUE,"keeper","seller"
"5182","Keweenaw",40,40,"TRG","TRG THRESHOLD TIMBER MICHIGAN III LLC*","Verdant Timber Michigan, LLC","Forest Industry","Forest Industry",27.2459016393443,61.6775956284153,34.431693989071,FALSE,FALSE,TRUE,FALSE,FALSE,0,FALSE,0,FALSE,"rebrand_same_family",FALSE,TRUE,"keeper","seller"
"17643","Houghton",40,40,"TRG","TRG THRESHOLD TIMBER MICHIGAN II LLC*","Verdant Timber Michigan, LLC","Forest Industry","Forest Industry",42.8453038674033,76.2817679558011,33.4364640883978,FALSE,FALSE,TRUE,FALSE,FALSE,0,FALSE,0,FALSE,"rebrand_same_family",FALSE,TRUE,"keeper","seller"
"6162","Keweenaw",40,40,"TRG","TRG THRESHOLD TIMBER MICHIGAN III LLC*","Verdant Timber Michigan, LLC","Forest Industry","Forest Industry",79.1340782122905,46.877094972067,-32.2569832402235,TRUE,FALSE,TRUE,FALSE,FALSE,0,FALSE,0,FALSE,"rebrand_same_family",FALSE,TRUE,"keeper","seller"
"5267","Keweenaw",40,40,"TRG","TRG THRESHOLD TIMBER MICHIGAN III LLC*","Verdant Timber Cub, LLC","Forest Industry","Forest Industry",47.3636363636364,78.4318181818182,31.0681818181818,FALSE,FALSE,TRUE,FALSE,FALSE,0,FALSE,0,FALSE,"rebrand_same_family",FALSE,TRUE,"keeper","seller"
"808","Keweenaw",40,40,"TRG","TRG THRESHOLD TIMBER MICHIGAN III LLC*","Verdant Timber Michigan, LLC","Forest Industry","Forest Industry",46.3837837837838,76.7621621621622,30.3783783783784,FALSE,FALSE,TRUE,FALSE,FALSE,0,FALSE,0,FALSE,"rebrand_same_family",FALSE,TRUE,"keeper","seller"
"23295","Keweenaw",40,40,"TRG","TRG THRESHOLD TIMBER MICHIGAN III LLC*","Verdant Timber Cub, LLC","Forest Industry","Forest Industry",41.685393258427,71.8932584269663,30.2078651685393,FALSE,FALSE,TRUE,FALSE,FALSE,0,FALSE,0,FALSE,"rebrand_same_family",FALSE,TRUE,"keeper","seller"
"31987","Houghton",40,40,"TRG","TRG THRESHOLD TIMBER MICHIGAN II LLC*","Verdant Timber Michigan, LLC","Forest Industry","Forest Industry",83.6338797814208,54.2513661202186,-29.3825136612022,TRUE,FALSE,TRUE,FALSE,FALSE,0,FALSE,0,FALSE,"rebrand_same_family",FALSE,TRUE,"keeper","seller"
"783","Keweenaw",40,40,"TRG","TRG THRESHOLD TIMBER MICHIGAN III LLC*","Verdant Timber Michigan, LLC","Forest Industry","Forest Industry",70.4413407821229,41.0670391061453,-29.3743016759777,TRUE,FALSE,TRUE,FALSE,FALSE,0,FALSE,0,FALSE,"rebrand_same_family",FALSE,TRUE,"keeper","seller"
"11907","Keweenaw",40,40,"TRG","TRG THRESHOLD TIMBER MICHIGAN III LLC*","Verdant Timber Michigan, LLC","Forest Industry","Forest Industry",78.586592178771,51.7541899441341,-26.8324022346369,TRUE,FALSE,TRUE,FALSE,FALSE,0,FALSE,0,FALSE,"rebrand_same_family",FALSE,TRUE,"keeper","seller"
"17644","Houghton",40,40,"TRG","TRG THRESHOLD TIMBER MICHIGAN II LLC*","Verdant Timber Michigan, LLC","Forest Industry","Forest Industry",77.3661202185792,53.4699453551913,-23.896174863388,TRUE,FALSE,TRUE,FALSE,FALSE,0,FALSE,0,FALSE,"rebrand_same_family",FALSE,TRUE,"keeper","seller"
"17642","Houghton",40,40,"TRG","TRG THRESHOLD TIMBER MICHIGAN II LLC*","Verdant Timber Michigan, LLC","Forest Industry","Forest Industry",72.2055555555555,51.3333333333333,-20.8722222222222,TRUE,FALSE,TRUE,FALSE,FALSE,0,FALSE,0,FALSE,"rebrand_same_family",FALSE,TRUE,"keeper","seller"
"10385","Houghton",40,40,"TRG","TRG THRESHOLD TIMBER MICHIGAN II LLC*","Martin J Vanderploeg 2001 Revocable Living Trust, dated May 2, 2001","Forest Industry","Trust",60.8097826086956,81.1304347826087,20.3206521739131,FALSE,FALSE,FALSE,FALSE,FALSE,0,FALSE,0,FALSE,"other_sale",TRUE,TRUE,"seller","seller"
"17625","Houghton",40,40,"TRG","TRG THRESHOLD TIMBER MICHIGAN II LLC*","North Woods Conservancy dba Keweenaw Natural Areas, The","Forest Industry","Other",61.3240223463687,79.1564245810056,17.8324022346369,FALSE,FALSE,FALSE,FALSE,FALSE,0,FALSE,0,FALSE,"other_sale",TRUE,TRUE,"seller","seller"
"17641","Houghton",40,40,"TRG","TRG THRESHOLD TIMBER MICHIGAN II LLC*","Verdant Timber Michigan, LLC","Forest Industry","Forest Industry",64.3736263736264,81.1483516483516,16.7747252747253,FALSE,FALSE,TRUE,FALSE,FALSE,0,FALSE,0,FALSE,"rebrand_same_family",FALSE,TRUE,"keeper","seller"
"5205","Keweenaw",40,40,"TRG","TRG THRESHOLD TIMBER MICHIGAN III LLC*","Verdant Timber Michigan, LLC","Forest Industry","Forest Industry",74.1823204419889,57.4419889502762,-16.7403314917127,FALSE,FALSE,TRUE,FALSE,FALSE,0.981957759258787,TRUE,0,FALSE,"songbird",TRUE,TRUE,"seller","seller"
"21448","Keweenaw",40,40,"TRG","TRG THRESHOLD TIMBER MICHIGAN II LLC*","Nature Conservancy, The","Forest Industry","Other Business",43.5730337078652,59.4213483146067,15.8483146067416,FALSE,FALSE,FALSE,FALSE,FALSE,0,FALSE,0.971649687322289,TRUE,"tnc_heartlands",TRUE,TRUE,"seller","seller"
"17637","Houghton",40,40,"TRG","TRG THRESHOLD TIMBER MICHIGAN II LLC*","Verdant Timber Michigan, LLC","Forest Industry","Forest Industry",57.7663043478261,73.0054347826087,15.2391304347826,FALSE,FALSE,TRUE,FALSE,FALSE,0,FALSE,0,FALSE,"rebrand_same_family",FALSE,TRUE,"keeper","seller"
"31159","Keweenaw",40,40,"TRG","TRG THRESHOLD TIMBER MICHIGAN III LLC*","Verdant Timber Michigan, LLC","Forest Industry","Forest Industry",74.9360465116279,60.3604651162791,-14.5755813953488,FALSE,FALSE,TRUE,FALSE,FALSE,0.931494890633445,TRUE,0,FALSE,"songbird",TRUE,TRUE,"seller","seller"
"22024","Keweenaw",40,40,"TRG","TRG THRESHOLD TIMBER MICHIGAN II LLC*","Nature Conservancy, The","Forest Industry","Other Business",61.3259668508287,75.6298342541436,14.3038674033149,FALSE,FALSE,FALSE,FALSE,FALSE,0,FALSE,0.999999999999986,TRUE,"tnc_heartlands",TRUE,TRUE,"seller","seller"
"19711","Keweenaw",40,40,"TRG","TRG THRESHOLD TIMBER MICHIGAN III LLC*","Verdant Timber Michigan, LLC","Forest Industry","Forest Industry",59.9602272727273,73.2386363636364,13.2784090909091,FALSE,FALSE,TRUE,FALSE,FALSE,0,FALSE,0,FALSE,"rebrand_same_family",FALSE,TRUE,"keeper","seller"
"18846","Houghton",40,40,"TRG","TRG THRESHOLD TIMBER MICHIGAN II LLC*","Verdant Timber Cub, LLC","Forest Industry","Forest Industry",66.0446927374302,78.7262569832402,12.6815642458101,FALSE,FALSE,TRUE,FALSE,FALSE,0,FALSE,0,FALSE,"rebrand_same_family",FALSE,TRUE,"keeper","seller"
"4939","Houghton",40,40,"TRG","TRG THRESHOLD TIMBER MICHIGAN II LLC*","Verdant Timber Michigan, LLC","Forest Industry","Forest Industry",63.1899441340782,51.2178770949721,-11.9720670391061,FALSE,FALSE,TRUE,FALSE,FALSE,0,FALSE,0,FALSE,"rebrand_same_family",FALSE,TRUE,"keeper","seller"
"4935","Houghton",40,40,"TRG","TRG THRESHOLD TIMBER MICHIGAN II LLC*","Verdant Timber Michigan, LLC","Forest Industry","Forest Industry",55.5280898876404,43.5786516853933,-11.9494382022472,FALSE,FALSE,TRUE,FALSE,FALSE,0,FALSE,0,FALSE,"rebrand_same_family",FALSE,TRUE,"keeper","seller"
"17675","Houghton",40,NA,"TRG","TRG THRESHOLD TIMBER MICHIGAN II LLC*","non-CFP in 2026","Forest Industry","non-CFP in 2026",46.6648044692737,58.0949720670391,11.4301675977654,FALSE,FALSE,FALSE,TRUE,FALSE,0,FALSE,0,FALSE,"left_cfp",TRUE,TRUE,"seller","seller"
"18911","Houghton",40,40,"TRG","TRG THRESHOLD TIMBER MICHIGAN II LLC*","Verdant Timber Michigan, LLC","Forest Industry","Forest Industry",81.5083798882682,70.4357541899441,-11.072625698324,FALSE,FALSE,TRUE,FALSE,FALSE,0,FALSE,0,FALSE,"rebrand_same_family",FALSE,TRUE,"keeper","seller"
"787","Keweenaw",40,40,"TRG","TRG THRESHOLD TIMBER MICHIGAN III LLC*","Verdant Timber Michigan, LLC","Forest Industry","Forest Industry",78.3076923076923,67.4120879120879,-10.8956043956044,FALSE,FALSE,TRUE,FALSE,FALSE,0,FALSE,0,FALSE,"rebrand_same_family",FALSE,TRUE,"keeper","seller"
"33445","Keweenaw",40,40,"TRG","TRG THRESHOLD TIMBER MICHIGAN III LLC*","Verdant Timber Michigan, LLC","Forest Industry","Forest Industry",61.0882352941176,71,9.91176470588236,FALSE,FALSE,TRUE,FALSE,FALSE,0,FALSE,0,FALSE,"rebrand_same_family",FALSE,TRUE,"keeper","seller"
"35177","Keweenaw",40,40,"TRG","TRG THRESHOLD TIMBER MICHIGAN III LLC*","Nature Conservancy, The","Forest Industry","Other Business",63.5819209039548,73.3785310734463,9.79661016949152,FALSE,FALSE,FALSE,FALSE,FALSE,0,FALSE,0.99999878656113,TRUE,"tnc_heartlands",TRUE,TRUE,"seller","seller"
"19724","Keweenaw",40,40,"TRG","TRG THRESHOLD TIMBER MICHIGAN III LLC*","Verdant Timber Michigan, LLC","Forest Industry","Forest Industry",63.0172413793103,71.8448275862069,8.82758620689655,FALSE,FALSE,TRUE,FALSE,FALSE,0,FALSE,0,FALSE,"rebrand_same_family",FALSE,TRUE,"keeper","seller"
"16845","Keweenaw",40,40,"TRG","TRG THRESHOLD TIMBER MICHIGAN III LLC*","Nature Conservancy, The","Forest Industry","Other Business",49.7709497206704,58.5474860335196,8.77653631284916,FALSE,FALSE,FALSE,FALSE,FALSE,0,FALSE,0.99999999999975,TRUE,"tnc_heartlands",TRUE,TRUE,"seller","seller"
"18878","Houghton",40,40,"TRG","TRG THRESHOLD TIMBER MICHIGAN II LLC*","Sutinen, Michael and Jeff","Forest Industry","Private Individual(s)",46.4775280898876,55.0168539325843,8.53932584269663,FALSE,FALSE,FALSE,FALSE,FALSE,0,FALSE,0,FALSE,"other_sale",TRUE,TRUE,"seller","seller"
"5186","Keweenaw",40,40,"TRG","TRG THRESHOLD TIMBER MICHIGAN III LLC*","Verdant Timber Michigan, LLC","Forest Industry","Forest Industry",74.6277777777778,83.1055555555556,8.47777777777777,FALSE,FALSE,TRUE,FALSE,FALSE,0,FALSE,0,FALSE,"rebrand_same_family",FALSE,TRUE,"keeper","seller"
"6116","Keweenaw",40,40,"TRG","TRG THRESHOLD TIMBER MICHIGAN III LLC*","Verdant Timber Michigan, LLC","Forest Industry","Forest Industry",83.5745856353591,75.6187845303867,-7.95580110497238,FALSE,FALSE,TRUE,FALSE,FALSE,0,FALSE,0,FALSE,"rebrand_same_family",FALSE,TRUE,"keeper","seller"
"6142","Keweenaw",40,40,"TRG","TRG THRESHOLD TIMBER MICHIGAN III LLC*","Verdant Timber Michigan, LLC","Forest Industry","Forest Industry",72.5166666666667,64.9166666666667,-7.59999999999999,FALSE,FALSE,TRUE,FALSE,FALSE,0.999999999999954,TRUE,0,FALSE,"songbird",TRUE,TRUE,"seller","seller"
"5172","Keweenaw",40,40,"TRG","TRG THRESHOLD TIMBER MICHIGAN III LLC*","Verdant Timber Michigan, LLC","Forest Industry","Forest Industry",77.747191011236,70.6797752808989,-7.06741573033707,FALSE,FALSE,TRUE,FALSE,FALSE,0,FALSE,0,FALSE,"rebrand_same_family",FALSE,TRUE,"keeper","seller"
"18873","Houghton",40,40,"TRG","TRG THRESHOLD TIMBER MICHIGAN II LLC*","Verdant Timber Michigan, LLC","Forest Industry","Forest Industry",65.8505747126437,72.7241379310345,6.8735632183908,FALSE,FALSE,TRUE,FALSE,FALSE,0,FALSE,0,FALSE,"rebrand_same_family",FALSE,TRUE,"keeper","seller"
"18917","Houghton",40,40,"TRG","TRG THRESHOLD TIMBER MICHIGAN II LLC*","Verdant Timber Michigan, LLC","Forest Industry","Forest Industry",73.4797687861272,66.8034682080925,-6.67630057803468,FALSE,FALSE,TRUE,FALSE,FALSE,0,FALSE,0,FALSE,"rebrand_same_family",FALSE,TRUE,"keeper","seller"
"16822","Keweenaw",40,40,"TRG","TRG THRESHOLD TIMBER MICHIGAN III LLC*","Verdant Timber Cub, LLC","Forest Industry","Forest Industry",68,74.5139664804469,6.51396648044692,FALSE,FALSE,TRUE,FALSE,FALSE,0.99947890242794,TRUE,0,FALSE,"songbird",TRUE,TRUE,"seller","seller"
"16987","Houghton",40,40,"TRG","TRG THRESHOLD TIMBER MICHIGAN II LLC*","Verdant Timber Cub, LLC","Forest Industry","Forest Industry",45.6966292134831,39.3426966292135,-6.35393258426966,FALSE,FALSE,TRUE,FALSE,FALSE,0,FALSE,0,FALSE,"rebrand_same_family",FALSE,TRUE,"keeper","seller"
"4905","Houghton",40,40,"TRG","TRG THRESHOLD TIMBER MICHIGAN II LLC*","Verdant Timber Michigan, LLC","Forest Industry","Forest Industry",75.1311475409836,81.448087431694,6.31693989071039,FALSE,FALSE,TRUE,FALSE,FALSE,0,FALSE,0,FALSE,"rebrand_same_family",FALSE,TRUE,"keeper","seller"
"5196","Keweenaw",40,40,"TRG","TRG THRESHOLD TIMBER MICHIGAN III LLC*","Verdant Timber Michigan, LLC","Forest Industry","Forest Industry",79.2134831460674,73.247191011236,-5.96629213483146,FALSE,FALSE,TRUE,FALSE,FALSE,0,FALSE,0,FALSE,"rebrand_same_family",FALSE,TRUE,"keeper","seller"
"18849","Houghton",40,40,"TRG","TRG THRESHOLD TIMBER MICHIGAN II LLC*","Verdant Timber Cub, LLC","Forest Industry","Forest Industry",69.7430167597765,75.6815642458101,5.93854748603351,FALSE,FALSE,TRUE,FALSE,FALSE,0,FALSE,0,FALSE,"rebrand_same_family",FALSE,TRUE,"keeper","seller"
"17635","Houghton",40,40,"TRG","TRG THRESHOLD TIMBER MICHIGAN II LLC*","Verdant Timber Michigan, LLC","Forest Industry","Forest Industry",65.4148936170213,59.8829787234043,-5.53191489361702,FALSE,FALSE,TRUE,FALSE,FALSE,0,FALSE,0,FALSE,"rebrand_same_family",FALSE,TRUE,"keeper","seller"
"19629","Houghton",40,40,"TRG","TRG THRESHOLD TIMBER MICHIGAN II LLC*","Verdant Timber Michigan, LLC","Forest Industry","Forest Industry",69.1005586592179,74.586592178771,5.48603351955308,FALSE,FALSE,TRUE,FALSE,FALSE,0,FALSE,0,FALSE,"rebrand_same_family",FALSE,TRUE,"keeper","seller"
"17662","Houghton",40,40,"TRG","TRG THRESHOLD TIMBER MICHIGAN II LLC*","Verdant Timber Michigan, LLC","Forest Industry","Forest Industry",74.2555555555556,79.6888888888889,5.43333333333332,FALSE,FALSE,TRUE,FALSE,FALSE,0,FALSE,0,FALSE,"rebrand_same_family",FALSE,TRUE,"keeper","seller"
"18025","Keweenaw",40,NA,"TRG","TRG THRESHOLD TIMBER MICHIGAN III LLC*","non-CFP in 2026","Forest Industry","non-CFP in 2026",7.62011173184358,2.4804469273743,-5.13966480446927,FALSE,FALSE,FALSE,TRUE,FALSE,0,FALSE,0,FALSE,"left_cfp",TRUE,TRUE,"seller","seller"
"6123","Keweenaw",40,40,"TRG","TRG THRESHOLD TIMBER MICHIGAN III LLC*","Verdant Timber Michigan, LLC","Forest Industry","Forest Industry",75.8685714285714,81.0057142857143,5.13714285714286,FALSE,FALSE,TRUE,FALSE,FALSE,0,FALSE,0,FALSE,"rebrand_same_family",FALSE,TRUE,"keeper","seller"
"11969","Keweenaw",40,40,"TRG","TRG THRESHOLD TIMBER MICHIGAN III LLC*","Verdant Timber Michigan, LLC","Forest Industry","Forest Industry",72.7714285714286,77.6057142857143,4.83428571428571,FALSE,FALSE,TRUE,FALSE,FALSE,0,FALSE,0,FALSE,"rebrand_same_family",FALSE,TRUE,"keeper","seller"
"19754","Keweenaw",40,40,"TRG","TRG THRESHOLD TIMBER MICHIGAN II LLC*","Nature Conservancy, The","Forest Industry","Other Business",73.8150289017341,78.5664739884393,4.7514450867052,FALSE,FALSE,FALSE,FALSE,FALSE,0,FALSE,0.999999999999917,TRUE,"tnc_heartlands",TRUE,TRUE,"seller","seller"
"5266","Keweenaw",40,40,"TRG","TRG THRESHOLD TIMBER MICHIGAN III LLC*","Verdant Timber Cub, LLC","Forest Industry","Forest Industry",76.7359550561798,81.3370786516854,4.60112359550561,FALSE,FALSE,TRUE,FALSE,FALSE,0,FALSE,0,FALSE,"rebrand_same_family",FALSE,TRUE,"keeper","seller"
"11928","Keweenaw",40,40,"TRG","TRG THRESHOLD TIMBER MICHIGAN III LLC*","Verdant Timber Michigan, LLC","Forest Industry","Forest Industry",77.3314917127072,81.9171270718232,4.58563535911603,FALSE,FALSE,TRUE,FALSE,FALSE,0,FALSE,0,FALSE,"rebrand_same_family",FALSE,TRUE,"keeper","seller"
"17661","Houghton",40,40,"TRG","TRG THRESHOLD TIMBER MICHIGAN II LLC*","Verdant Timber Michigan, LLC","Forest Industry","Forest Industry",74.6373626373626,78.6263736263736,3.98901098901098,FALSE,FALSE,TRUE,FALSE,FALSE,0,FALSE,0,FALSE,"rebrand_same_family",FALSE,TRUE,"keeper","seller"
"18903","Houghton",40,40,"TRG","TRG THRESHOLD TIMBER MICHIGAN II LLC*","North Woods Conservancy dba Keweenaw Natural Areas, The","Forest Industry","Other",61.8618784530387,57.9779005524862,-3.88397790055248,FALSE,FALSE,FALSE,FALSE,FALSE,0,FALSE,0,FALSE,"other_sale",TRUE,TRUE,"seller","seller"
"17683","Houghton",40,NA,"TRG","TRG THRESHOLD TIMBER MICHIGAN II LLC*","non-CFP in 2026","Forest Industry","non-CFP in 2026",58.6413043478261,54.8586956521739,-3.78260869565217,FALSE,FALSE,FALSE,TRUE,FALSE,0,FALSE,0,FALSE,"left_cfp",TRUE,TRUE,"seller","seller"
"5241","Keweenaw",40,40,"TRG","TRG THRESHOLD TIMBER MICHIGAN III LLC*","Verdant Timber Michigan, LLC","Forest Industry","Forest Industry",69.1485714285714,72.9085714285714,3.76000000000001,FALSE,FALSE,TRUE,FALSE,FALSE,1.00000000000001,TRUE,0,FALSE,"songbird",TRUE,TRUE,"seller","seller"
"10341","Houghton",40,40,"TRG","TRG THRESHOLD TIMBER MICHIGAN II LLC*","Verdant Timber Michigan, LLC","Forest Industry","Forest Industry",79.3314917127072,83.0386740331492,3.707182320442,FALSE,FALSE,TRUE,FALSE,FALSE,0,FALSE,0,FALSE,"rebrand_same_family",FALSE,TRUE,"keeper","seller"
"5207","Keweenaw",40,NA,"TRG","TRG THRESHOLD TIMBER MICHIGAN III LLC*","non-CFP in 2026","Forest Industry","non-CFP in 2026",68.5604395604396,65.043956043956,-3.51648351648352,FALSE,FALSE,FALSE,TRUE,FALSE,0.99995872733095,TRUE,0,FALSE,"songbird",TRUE,TRUE,"seller","seller"
"4940","Houghton",40,40,"TRG","TRG THRESHOLD TIMBER MICHIGAN II LLC*","Verdant Timber Michigan, LLC","Forest Industry","Forest Industry",68.9166666666667,65.4166666666667,-3.5,FALSE,FALSE,TRUE,FALSE,FALSE,0,FALSE,0,FALSE,"rebrand_same_family",FALSE,TRUE,"keeper","seller"
"18879","Houghton",40,NA,"TRG","TRG THRESHOLD TIMBER MICHIGAN II LLC*","non-CFP in 2026","Forest Industry","non-CFP in 2026",75.8882978723404,72.5053191489362,-3.38297872340426,FALSE,FALSE,FALSE,TRUE,FALSE,0,FALSE,0,FALSE,"left_cfp",TRUE,TRUE,"seller","seller"
"27088","Keweenaw",40,40,"TRG","TRG THRESHOLD TIMBER MICHIGAN II LLC*","Nature Conservancy, The","Forest Industry","Other Business",76.1833333333333,79.3833333333333,3.2,FALSE,FALSE,FALSE,FALSE,FALSE,0,FALSE,0.999999999999977,TRUE,"tnc_heartlands",TRUE,TRUE,"seller","seller"
"19751","Keweenaw",40,40,"TRG","TRG THRESHOLD TIMBER MICHIGAN II LLC*","Nature Conservancy, The","Forest Industry","Other Business",66.7444444444444,69.7833333333333,3.03888888888889,FALSE,FALSE,FALSE,FALSE,FALSE,0,FALSE,0.943284073976238,TRUE,"tnc_heartlands",TRUE,TRUE,"seller","seller"
"21465","Keweenaw",40,40,"TRG","TRG THRESHOLD TIMBER MICHIGAN III LLC*","Keweenaw Investment and Development Sites, L.L.C.","Forest Industry","Other Business",74.623595505618,77.6348314606742,3.01123595505619,FALSE,FALSE,FALSE,FALSE,FALSE,0,FALSE,0,FALSE,"other_sale",TRUE,TRUE,"seller","seller"
"18841","Houghton",40,40,"TRG","TRG THRESHOLD TIMBER MICHIGAN II LLC*","Verdant Timber Michigan, LLC","Forest Industry","Forest Industry",76.7611111111111,79.5666666666667,2.80555555555556,FALSE,FALSE,TRUE,FALSE,FALSE,0,FALSE,0,FALSE,"rebrand_same_family",FALSE,TRUE,"keeper","seller"
"10425","Houghton",40,40,"TRG","TRG THRESHOLD TIMBER MICHIGAN II LLC*","Verdant Timber Michigan, LLC","Forest Industry","Forest Industry",71.9261363636364,69.1306818181818,-2.79545454545455,FALSE,FALSE,TRUE,FALSE,FALSE,0,FALSE,0,FALSE,"rebrand_same_family",FALSE,TRUE,"keeper","seller"
"18852","Houghton",40,40,"TRG","TRG THRESHOLD TIMBER MICHIGAN II LLC*","Verdant Timber Michigan, LLC","Forest Industry","Forest Industry",60.9388888888889,58.5166666666667,-2.42222222222222,FALSE,FALSE,TRUE,FALSE,FALSE,0,FALSE,0,FALSE,"rebrand_same_family",FALSE,TRUE,"keeper","seller"
"23236","Keweenaw",40,40,"TRG","TRG THRESHOLD TIMBER MICHIGAN III LLC*","Gayk, Zachary G.","Forest Industry","Forest Industry",75.2359550561798,77.6348314606742,2.39887640449439,FALSE,FALSE,FALSE,FALSE,FALSE,0,FALSE,0,FALSE,"other_sale",TRUE,TRUE,"seller","seller"
"17978","Keweenaw",40,40,"TRG","TRG THRESHOLD TIMBER MICHIGAN II LLC*","Nature Conservancy, The","Forest Industry","Other Business",80.2402234636871,82.6368715083799,2.39664804469274,FALSE,FALSE,FALSE,FALSE,FALSE,0,FALSE,0.927191787612884,TRUE,"tnc_heartlands",TRUE,TRUE,"seller","seller"
"5200","Keweenaw",40,NA,"TRG","TRG THRESHOLD TIMBER MICHIGAN III LLC*","non-CFP in 2026","Forest Industry","non-CFP in 2026",70.9943502824859,73.2994350282486,2.3050847457627,FALSE,FALSE,FALSE,TRUE,FALSE,1.00000000000006,TRUE,0,FALSE,"songbird",TRUE,TRUE,"seller","seller"
"22050","Keweenaw",40,40,"TRG","TRG THRESHOLD TIMBER MICHIGAN III LLC*","Cole, Edward F.","Forest Industry","Private Individual(s)",74.1573033707865,76.4157303370787,2.25842696629213,FALSE,FALSE,FALSE,FALSE,FALSE,0,FALSE,0,FALSE,"other_sale",TRUE,TRUE,"seller","seller"
"34638","Keweenaw",40,40,"TRG","TRG THRESHOLD TIMBER MICHIGAN III LLC*","Nature Conservancy, The","Forest Industry","Other Business",76.010752688172,78.1666666666667,2.15591397849462,FALSE,FALSE,FALSE,FALSE,FALSE,0,FALSE,0.995935836341902,TRUE,"tnc_heartlands",TRUE,TRUE,"seller","seller"
"18022","Keweenaw",40,40,"TRG","TRG THRESHOLD TIMBER MICHIGAN III LLC*","Verdant Timber Cub, LLC","Forest Industry","Forest Industry",76.3241758241758,78.4725274725275,2.14835164835165,FALSE,FALSE,TRUE,FALSE,FALSE,0.999936404286592,TRUE,0,FALSE,"songbird",TRUE,TRUE,"seller","seller"
"16988","Houghton",40,40,"TRG","TRG THRESHOLD TIMBER MICHIGAN II LLC*","Verdant Timber Cub, LLC","Forest Industry","Forest Industry",75.1277777777778,77.2722222222222,2.14444444444445,FALSE,FALSE,TRUE,FALSE,FALSE,0,FALSE,0,FALSE,"rebrand_same_family",FALSE,TRUE,"keeper","seller"
"19780","Keweenaw",40,40,"TRG","TRG THRESHOLD TIMBER MICHIGAN III LLC*","Edochi, LLC","Forest Industry","Other Business",73.0955056179775,75.2191011235955,2.12359550561798,FALSE,FALSE,FALSE,FALSE,FALSE,0,FALSE,0,FALSE,"other_sale",TRUE,TRUE,"seller","seller"
"19043","Keweenaw",40,40,"TRG","TRG THRESHOLD TIMBER MICHIGAN III LLC*","Verdant Timber Michigan, LLC","Forest Industry","Forest Industry",82.2329545454545,84.2954545454545,2.0625,FALSE,FALSE,TRUE,FALSE,FALSE,0,FALSE,0,FALSE,"rebrand_same_family",FALSE,TRUE,"keeper","seller"
"21468","Keweenaw",40,40,"TRG","TRG THRESHOLD TIMBER MICHIGAN III LLC*","Keweenaw Investment and Development Sites, L.L.C.","Forest Industry","Other Business",73.3913043478261,75.3586956521739,1.96739130434781,FALSE,FALSE,FALSE,FALSE,FALSE,0,FALSE,0,FALSE,"other_sale",TRUE,TRUE,"seller","seller"
"23225","Keweenaw",40,40,"TRG","TRG THRESHOLD TIMBER MICHIGAN III LLC*","Nature Conservancy, The","Forest Industry","Other Business",63.4888888888889,61.5777777777778,-1.91111111111111,FALSE,FALSE,FALSE,FALSE,FALSE,0,FALSE,0.990366727681146,TRUE,"tnc_heartlands",TRUE,TRUE,"seller","seller"
"5262","Keweenaw",40,40,"TRG","TRG THRESHOLD TIMBER MICHIGAN III LLC*","Keweenaw Investment and Development Sites, L.L.C.","Forest Industry","Other Business",79.2444444444444,77.4611111111111,-1.78333333333333,FALSE,FALSE,FALSE,FALSE,FALSE,0,FALSE,0,FALSE,"other_sale",TRUE,TRUE,"seller","seller"
"17677","Houghton",40,40,"TRG","TRG THRESHOLD TIMBER MICHIGAN II LLC*","Verdant Timber Michigan, LLC","Forest Industry","Forest Industry",73.7569060773481,72.0497237569061,-1.70718232044199,FALSE,FALSE,TRUE,FALSE,FALSE,0,FALSE,0,FALSE,"rebrand_same_family",FALSE,TRUE,"keeper","seller"
"4908","Houghton",40,40,"TRG","TRG THRESHOLD TIMBER MICHIGAN II LLC*","Verdant Timber Michigan, LLC","Forest Industry","Forest Industry",81.2359550561798,82.9213483146067,1.68539325842697,FALSE,FALSE,TRUE,FALSE,FALSE,0,FALSE,0,FALSE,"rebrand_same_family",FALSE,TRUE,"keeper","seller"
"29958","Keweenaw",40,40,"TRG","TRG THRESHOLD TIMBER MICHIGAN II LLC*","Nature Conservancy, The","Forest Industry","Other Business",78.2555555555556,79.9333333333333,1.67777777777778,FALSE,FALSE,FALSE,FALSE,FALSE,0,FALSE,0.995909980887168,TRUE,"tnc_heartlands",TRUE,TRUE,"seller","seller"
"19778","Keweenaw",40,40,"TRG","TRG THRESHOLD TIMBER MICHIGAN III LLC*","Edochi, LLC","Forest Industry","Other Business",74.6368715083799,73.0335195530726,-1.60335195530726,FALSE,FALSE,FALSE,FALSE,FALSE,0,FALSE,0,FALSE,"other_sale",TRUE,TRUE,"seller","seller"
"782","Keweenaw",40,40,"TRG","TRG THRESHOLD TIMBER MICHIGAN III LLC*","Verdant Timber Michigan, LLC","Forest Industry","Forest Industry",76.4775280898876,74.9044943820225,-1.57303370786516,FALSE,FALSE,TRUE,FALSE,FALSE,0,FALSE,0,FALSE,"rebrand_same_family",FALSE,TRUE,"keeper","seller"
"19781","Keweenaw",40,40,"TRG","TRG THRESHOLD TIMBER MICHIGAN III LLC*","Verdant Timber Michigan, LLC","Forest Industry","Forest Industry",81.6256983240224,83.1843575418994,1.55865921787709,FALSE,FALSE,TRUE,FALSE,FALSE,0,FALSE,0,FALSE,"rebrand_same_family",FALSE,TRUE,"keeper","seller"
"6130","Keweenaw",40,40,"TRG","TRG THRESHOLD TIMBER MICHIGAN III LLC*","Verdant Timber Michigan, LLC","Forest Industry","Forest Industry",82.6914285714286,84.2114285714286,1.52,FALSE,FALSE,TRUE,FALSE,FALSE,0,FALSE,0,FALSE,"rebrand_same_family",FALSE,TRUE,"keeper","seller"
"5261","Keweenaw",40,40,"TRG","TRG THRESHOLD TIMBER MICHIGAN III LLC*","Keweenaw Investment and Development Sites, L.L.C.","Forest Industry","Other Business",52.2896174863388,53.7377049180328,1.44808743169399,FALSE,FALSE,FALSE,FALSE,FALSE,0,FALSE,0,FALSE,"other_sale",TRUE,TRUE,"seller","seller"
"17645","Houghton",40,40,"TRG","TRG THRESHOLD TIMBER MICHIGAN II LLC*","Verdant Timber Michigan, LLC","Forest Industry","Forest Industry",65.65,64.2166666666667,-1.43333333333334,FALSE,FALSE,TRUE,FALSE,FALSE,0,FALSE,0,FALSE,"rebrand_same_family",FALSE,TRUE,"keeper","seller"
"31763","Keweenaw",40,40,"TRG","TRG THRESHOLD TIMBER MICHIGAN III LLC*","Verdant Timber Michigan, LLC","Forest Industry","Forest Industry",78.2762430939227,79.7016574585635,1.42541436464087,FALSE,FALSE,TRUE,FALSE,FALSE,0,FALSE,0,FALSE,"rebrand_same_family",FALSE,TRUE,"keeper","seller"
"4907","Houghton",40,40,"TRG","TRG THRESHOLD TIMBER MICHIGAN II LLC*","Verdant Timber Michigan, LLC","Forest Industry","Forest Industry",79.804469273743,81.2290502793296,1.4245810055866,FALSE,FALSE,TRUE,FALSE,FALSE,0,FALSE,0,FALSE,"rebrand_same_family",FALSE,TRUE,"keeper","seller"
"19784","Keweenaw",40,NA,"TRG","TRG THRESHOLD TIMBER MICHIGAN III LLC*","non-CFP in 2026","Forest Industry","non-CFP in 2026",73.6312849162011,74.8826815642458,1.2513966480447,FALSE,FALSE,FALSE,TRUE,FALSE,0,FALSE,0,FALSE,"left_cfp",TRUE,TRUE,"seller","seller"
"17987","Keweenaw",40,40,"TRG","TRG THRESHOLD TIMBER MICHIGAN II LLC*","Nature Conservancy, The","Forest Industry","Other Business",76.8248587570621,78.0395480225989,1.21468926553672,FALSE,FALSE,FALSE,FALSE,FALSE,0,FALSE,1.00000000000031,TRUE,"tnc_heartlands",TRUE,TRUE,"seller","seller"
"5191","Keweenaw",40,40,"TRG","TRG THRESHOLD TIMBER MICHIGAN III LLC*","Verdant Timber Michigan, LLC","Forest Industry","Forest Industry",81.6033519553073,82.804469273743,1.20111731843575,FALSE,FALSE,TRUE,FALSE,FALSE,0,FALSE,0,FALSE,"rebrand_same_family",FALSE,TRUE,"keeper","seller"
"5206","Keweenaw",40,40,"TRG","TRG THRESHOLD TIMBER MICHIGAN III LLC*","Verdant Timber Michigan, LLC","Forest Industry","Forest Industry",77.0773480662983,78.2044198895028,1.12707182320442,FALSE,FALSE,TRUE,FALSE,FALSE,1,TRUE,0,FALSE,"songbird",TRUE,TRUE,"seller","seller"
"6119","Keweenaw",40,40,"TRG","TRG THRESHOLD TIMBER MICHIGAN III LLC*","Verdant Timber Michigan, LLC","Forest Industry","Forest Industry",74.9662921348315,76.0730337078652,1.1067415730337,FALSE,FALSE,TRUE,FALSE,FALSE,0,FALSE,0,FALSE,"rebrand_same_family",FALSE,TRUE,"keeper","seller"
"16981","Houghton",40,40,"TRG","TRG THRESHOLD TIMBER MICHIGAN II LLC*","Verdant Timber Cub, LLC","Forest Industry","Forest Industry",71.7388888888889,72.8222222222222,1.08333333333333,FALSE,FALSE,TRUE,FALSE,FALSE,0,FALSE,0,FALSE,"rebrand_same_family",FALSE,TRUE,"keeper","seller"
"820","Keweenaw",40,40,"TRG","TRG THRESHOLD TIMBER MICHIGAN III LLC*","Verdant Timber Michigan, LLC","Forest Industry","Forest Industry",65.8820224719101,64.8539325842697,-1.02808988764046,FALSE,FALSE,TRUE,FALSE,FALSE,0,FALSE,0,FALSE,"rebrand_same_family",FALSE,TRUE,"keeper","seller"
"23303","Keweenaw",40,40,"TRG","TRG THRESHOLD TIMBER MICHIGAN III LLC*","Verdant Timber Michigan, LLC","Forest Industry","Forest Industry",75.2430939226519,74.2154696132597,-1.02762430939227,FALSE,FALSE,TRUE,FALSE,FALSE,0,FALSE,0,FALSE,"rebrand_same_family",FALSE,TRUE,"keeper","seller"
"23275","Keweenaw",40,40,"TRG","TRG THRESHOLD TIMBER MICHIGAN III LLC*","Verdant Timber Michigan, LLC","Forest Industry","Forest Industry",71.2977528089888,72.3202247191011,1.02247191011236,FALSE,FALSE,TRUE,FALSE,FALSE,1.00000000000009,TRUE,0,FALSE,"songbird",TRUE,TRUE,"seller","seller"
"23263","Keweenaw",40,40,"TRG","TRG THRESHOLD TIMBER MICHIGAN III LLC*","Verdant Timber Michigan, LLC","Forest Industry","Forest Industry",73.5561797752809,72.5898876404494,-0.966292134831463,FALSE,FALSE,TRUE,FALSE,FALSE,0.975722630393573,TRUE,0,FALSE,"songbird",TRUE,TRUE,"seller","seller"
"17665","Houghton",40,40,"TRG","TRG THRESHOLD TIMBER MICHIGAN II LLC*","Verdant Timber Michigan, LLC","Forest Industry","Forest Industry",80.8379888268156,81.7988826815643,0.960893854748605,FALSE,FALSE,TRUE,FALSE,FALSE,0,FALSE,0,FALSE,"rebrand_same_family",FALSE,TRUE,"keeper","seller"
"21460","Keweenaw",40,40,"TRG","TRG THRESHOLD TIMBER MICHIGAN II LLC*","Nature Conservancy, The","Forest Industry","Other Business",80.0666666666667,80.9944444444444,0.927777777777777,FALSE,FALSE,FALSE,FALSE,FALSE,0,FALSE,1.00000000000002,TRUE,"tnc_heartlands",TRUE,TRUE,"seller","seller"
"6125","Keweenaw",40,40,"TRG","TRG THRESHOLD TIMBER MICHIGAN III LLC*","Verdant Timber Michigan, LLC","Forest Industry","Forest Industry",81.5568181818182,82.4204545454545,0.86363636363636,FALSE,FALSE,TRUE,FALSE,FALSE,0,FALSE,0,FALSE,"rebrand_same_family",FALSE,TRUE,"keeper","seller"
"4942","Houghton",40,40,"TRG","TRG THRESHOLD TIMBER MICHIGAN II LLC*","Verdant Timber Michigan, LLC","Forest Industry","Forest Industry",81.1034482758621,81.9425287356322,0.839080459770116,FALSE,FALSE,TRUE,FALSE,FALSE,0,FALSE,0,FALSE,"rebrand_same_family",FALSE,TRUE,"keeper","seller"
"5194","Keweenaw",40,40,"TRG","TRG THRESHOLD TIMBER MICHIGAN III LLC*","Verdant Timber Michigan, LLC","Forest Industry","Forest Industry",82.6648044692737,83.4860335195531,0.821229050279328,FALSE,FALSE,TRUE,FALSE,FALSE,0,FALSE,0,FALSE,"rebrand_same_family",FALSE,TRUE,"keeper","seller"
"6140","Keweenaw",40,40,"TRG","TRG THRESHOLD TIMBER MICHIGAN III LLC*","Verdant Timber Cub, LLC","Forest Industry","Forest Industry",79.4915254237288,78.7175141242938,-0.774011299435031,FALSE,FALSE,TRUE,FALSE,FALSE,0.999999999999965,TRUE,0,FALSE,"songbird",TRUE,TRUE,"seller","seller"
"31986","Houghton",40,40,"TRG","TRG THRESHOLD TIMBER MICHIGAN II LLC*","Verdant Timber Michigan, LLC","Forest Industry","Forest Industry",83.3111111111111,84.0722222222222,0.761111111111106,FALSE,FALSE,TRUE,FALSE,FALSE,0,FALSE,0,FALSE,"rebrand_same_family",FALSE,TRUE,"keeper","seller"
"4937","Houghton",40,40,"TRG","TRG THRESHOLD TIMBER MICHIGAN II LLC*","Verdant Timber Michigan, LLC","Forest Industry","Forest Industry",58.3276836158192,59.0847457627119,0.75706214689265,FALSE,FALSE,TRUE,FALSE,FALSE,0,FALSE,0,FALSE,"rebrand_same_family",FALSE,TRUE,"keeper","seller"
"12030","Keweenaw",40,40,"TRG","TRG THRESHOLD TIMBER MICHIGAN III LLC*","Verdant Timber Michigan, LLC","Forest Industry","Forest Industry",83.6777777777778,84.4055555555556,0.727777777777774,FALSE,FALSE,TRUE,FALSE,FALSE,0,FALSE,0,FALSE,"rebrand_same_family",FALSE,TRUE,"keeper","seller"
"31155","Keweenaw",40,40,"TRG","TRG THRESHOLD TIMBER MICHIGAN III LLC*","Verdant Timber Michigan, LLC","Forest Industry","Forest Industry",73.9884393063584,74.7109826589595,0.72254335260115,FALSE,FALSE,TRUE,FALSE,FALSE,0.93990435622858,TRUE,0,FALSE,"songbird",TRUE,TRUE,"seller","seller"
"23289","Keweenaw",40,40,"TRG","TRG THRESHOLD TIMBER MICHIGAN III LLC*","Keweenaw Investment and Development Sites, L.L.C.","Forest Industry","Other Business",69.0989010989011,69.7582417582418,0.659340659340657,FALSE,FALSE,FALSE,FALSE,FALSE,0,FALSE,0,FALSE,"other_sale",TRUE,TRUE,"seller","seller"
"780","Keweenaw",40,40,"TRG","TRG THRESHOLD TIMBER MICHIGAN III LLC*","Verdant Timber Cub, LLC","Forest Industry","Forest Industry",79.5056818181818,80.1590909090909,0.653409090909093,FALSE,FALSE,TRUE,FALSE,FALSE,0,FALSE,0,FALSE,"rebrand_same_family",FALSE,TRUE,"keeper","seller"
"19761","Keweenaw",40,40,"TRG","TRG THRESHOLD TIMBER MICHIGAN III LLC*","Keweenaw Investment and Development Sites, L.L.C.","Forest Industry","Other Business",73.8333333333333,73.3055555555556,-0.527777777777771,FALSE,FALSE,FALSE,FALSE,FALSE,0,FALSE,0,FALSE,"other_sale",TRUE,TRUE,"seller","seller"
"18865","Houghton",40,40,"TRG","TRG THRESHOLD TIMBER MI CUB, INC.*","Verdant Timber Michigan, LLC","Forest Industry","Forest Industry",59.728813559322,59.2090395480226,-0.519774011299432,FALSE,FALSE,TRUE,FALSE,FALSE,0,FALSE,0,FALSE,"rebrand_same_family",FALSE,TRUE,"keeper","seller"
"22042","Keweenaw",40,40,"TRG","TRG THRESHOLD TIMBER MICHIGAN III LLC*","Keweenaw Investment and Development Sites, L.L.C.","Forest Industry","Other Business",75.1714285714286,75.68,0.508571428571429,FALSE,FALSE,FALSE,FALSE,FALSE,0,FALSE,0,FALSE,"other_sale",TRUE,TRUE,"seller","seller"
"18886","Houghton",40,40,"TRG","TRG THRESHOLD TIMBER MICHIGAN II LLC*","Verdant Timber Michigan, LLC","Forest Industry","Forest Industry",84.1564245810056,84.608938547486,0.452513966480453,FALSE,FALSE,TRUE,FALSE,FALSE,0,FALSE,0,FALSE,"rebrand_same_family",FALSE,TRUE,"keeper","seller"
"16989","Houghton",40,40,"TRG","TRG THRESHOLD TIMBER MICHIGAN II LLC*","Verdant Timber Cub, LLC","Forest Industry","Forest Industry",76.6759776536313,77.1117318435754,0.435754189944134,FALSE,FALSE,TRUE,FALSE,FALSE,0,FALSE,0,FALSE,"rebrand_same_family",FALSE,TRUE,"keeper","seller"
"23183","Keweenaw",40,NA,"TRG","TRG THRESHOLD TIMBER MICHIGAN III LLC*","non-CFP in 2026","Forest Industry","non-CFP in 2026",78.6740331491713,78.2430939226519,-0.430939226519328,FALSE,FALSE,FALSE,TRUE,FALSE,0,FALSE,0,FALSE,"left_cfp",TRUE,TRUE,"seller","seller"
"30289","Keweenaw",40,40,"TRG","TRG THRESHOLD TIMBER MICHIGAN II LLC*","Nature Conservancy, The","Forest Industry","Other Business",77.1731843575419,77.5977653631285,0.424581005586589,FALSE,FALSE,FALSE,FALSE,FALSE,0,FALSE,0.960456754642743,TRUE,"tnc_heartlands",TRUE,TRUE,"seller","seller"
"19755","Keweenaw",40,40,"TRG","TRG THRESHOLD TIMBER MICHIGAN II LLC*","Nature Conservancy, The","Forest Industry","Other Business",77.5649717514124,77.9830508474576,0.418079096045204,FALSE,FALSE,FALSE,FALSE,FALSE,0,FALSE,1.00000000000013,TRUE,"tnc_heartlands",TRUE,TRUE,"seller","seller"
"6137","Keweenaw",40,40,"TRG","TRG THRESHOLD TIMBER MICHIGAN III LLC*","Verdant Timber Michigan, LLC","Forest Industry","Forest Industry",83.3444444444444,83.7444444444444,0.399999999999991,FALSE,FALSE,TRUE,FALSE,FALSE,0,FALSE,0,FALSE,"rebrand_same_family",FALSE,TRUE,"keeper","seller"
"6127","Keweenaw",40,40,"TRG","TRG THRESHOLD TIMBER MICHIGAN III LLC*","Verdant Timber Michigan, LLC","Forest Industry","Forest Industry",83.9887005649718,84.3220338983051,0.333333333333329,FALSE,FALSE,TRUE,FALSE,FALSE,0,FALSE,0,FALSE,"rebrand_same_family",FALSE,TRUE,"keeper","seller"
"5177","Keweenaw",40,40,"TRG","TRG THRESHOLD TIMBER MICHIGAN III LLC*","Verdant Timber Michigan, LLC","Forest Industry","Forest Industry",75.072625698324,75.3687150837989,0.296089385474872,FALSE,FALSE,TRUE,FALSE,FALSE,0,FALSE,0,FALSE,"rebrand_same_family",FALSE,TRUE,"keeper","seller"
"10379","Houghton",40,40,"TRG","TRG THRESHOLD TIMBER MICHIGAN II LLC*","Verdant Timber Michigan, LLC","Forest Industry","Forest Industry",73.2146892655367,73.4915254237288,0.276836158192097,FALSE,FALSE,TRUE,FALSE,FALSE,0,FALSE,0,FALSE,"rebrand_same_family",FALSE,TRUE,"keeper","seller"
"18851","Houghton",40,40,"TRG","TRG THRESHOLD TIMBER MICHIGAN II LLC*","Verdant Timber Michigan, LLC","Forest Industry","Forest Industry",75.5,75.7191011235955,0.219101123595507,FALSE,FALSE,TRUE,FALSE,FALSE,0,FALSE,0,FALSE,"rebrand_same_family",FALSE,TRUE,"keeper","seller"
"30925","Houghton",40,40,"TRG","TRG THRESHOLD TIMBER MICHIGAN II LLC*","Verdant Timber Michigan, LLC","Forest Industry","Forest Industry",71.3932584269663,71.6123595505618,0.219101123595493,FALSE,FALSE,TRUE,FALSE,FALSE,0,FALSE,0,FALSE,"rebrand_same_family",FALSE,TRUE,"keeper","seller"
"6145","Keweenaw",40,40,"TRG","TRG THRESHOLD TIMBER MICHIGAN III LLC*","Verdant Timber Michigan, LLC","Forest Industry","Forest Industry",79.4254143646409,79.2375690607735,-0.187845303867405,FALSE,FALSE,TRUE,FALSE,FALSE,1.00000000000017,TRUE,0,FALSE,"songbird",TRUE,TRUE,"seller","seller"
"10378","Houghton",40,40,"TRG","TRG THRESHOLD TIMBER MICHIGAN II LLC*","Verdant Timber Michigan, LLC","Forest Industry","Forest Industry",69.2102272727273,69.0681818181818,-0.142045454545453,FALSE,FALSE,TRUE,FALSE,FALSE,0,FALSE,0,FALSE,"rebrand_same_family",FALSE,TRUE,"keeper","seller"
"5201","Keweenaw",40,40,"TRG","TRG THRESHOLD TIMBER MICHIGAN III LLC*","Verdant Timber Michigan, LLC","Forest Industry","Forest Industry",77.8388888888889,77.9722222222222,0.13333333333334,FALSE,FALSE,TRUE,FALSE,FALSE,1.00000000000013,TRUE,0,FALSE,"songbird",TRUE,TRUE,"seller","seller"
"18844","Houghton",40,40,"TRG","TRG THRESHOLD TIMBER MICHIGAN II LLC*","Verdant Timber Michigan, LLC","Forest Industry","Forest Industry",81.268156424581,81.1675977653631,-0.100558659217882,FALSE,FALSE,TRUE,FALSE,FALSE,0,FALSE,0,FALSE,"rebrand_same_family",FALSE,TRUE,"keeper","seller"
"21442","Keweenaw",40,40,"TRG","TRG THRESHOLD TIMBER MICHIGAN II LLC*","Nature Conservancy, The","Forest Industry","Other Business",77.4555555555555,77.3555555555556,-0.0999999999999943,FALSE,FALSE,FALSE,FALSE,FALSE,0,FALSE,0.999999999999838,TRUE,"tnc_heartlands",TRUE,TRUE,"seller","seller"
"19766","Keweenaw",40,40,"TRG","TRG THRESHOLD TIMBER MICHIGAN III LLC*","Keweenaw Investment and Development Sites, L.L.C.","Forest Industry","Other Business",75.7643678160919,75.7126436781609,-0.051724137931032,FALSE,FALSE,FALSE,FALSE,FALSE,0,FALSE,0,FALSE,"other_sale",TRUE,TRUE,"seller","seller"
"18885","Houghton",40,40,"TRG","TRG THRESHOLD TIMBER MICHIGAN II LLC*","Verdant Timber Michigan, LLC","Forest Industry","Forest Industry",84.0790960451977,84.0282485875706,-0.0508474576271283,FALSE,FALSE,TRUE,FALSE,FALSE,0,FALSE,0,FALSE,"rebrand_same_family",FALSE,TRUE,"keeper","seller"
"6104","Houghton",39.56,39.56,"TRG","TRG THRESHOLD TIMBER MICHIGAN II LLC*","Verdant Timber Michigan, LLC","Forest Industry","Forest Industry",81.1775147928994,82.1538461538462,0.976331360946759,FALSE,FALSE,TRUE,FALSE,FALSE,0,FALSE,0,FALSE,"rebrand_same_family",FALSE,TRUE,"keeper","seller"
"16819","Keweenaw",39.49,39.49,"TRG","TRG THRESHOLD TIMBER MICHIGAN III LLC*","Verdant Timber Cub, LLC","Forest Industry","Forest Industry",75.7722222222222,79.8611111111111,4.08888888888889,FALSE,FALSE,TRUE,FALSE,FALSE,1.00000000000022,TRUE,0,FALSE,"songbird",TRUE,TRUE,"seller","seller"
"16818","Keweenaw",39.4,39.4,"TRG","TRG THRESHOLD TIMBER MICHIGAN III LLC*","Verdant Timber Cub, LLC","Forest Industry","Forest Industry",79.4388888888889,80.8388888888889,1.40000000000001,FALSE,FALSE,TRUE,FALSE,FALSE,0.999999999999874,TRUE,0,FALSE,"songbird",TRUE,TRUE,"seller","seller"
"17664","Houghton",38.99,38.99,"TRG","TRG THRESHOLD TIMBER MICHIGAN II LLC*","Verdant Timber Michigan, LLC","Forest Industry","Forest Industry",78.2346368715084,81.0837988826816,2.84916201117318,FALSE,FALSE,TRUE,FALSE,FALSE,0,FALSE,0,FALSE,"rebrand_same_family",FALSE,TRUE,"keeper","seller"
"21467","Keweenaw",38.75,38.75,"TRG","TRG THRESHOLD TIMBER MICHIGAN III LLC*","Keweenaw Investment and Development Sites, L.L.C.","Forest Industry","Other Business",69.7906976744186,69.7209302325581,-0.0697674418604635,FALSE,FALSE,FALSE,FALSE,FALSE,0,FALSE,0,FALSE,"other_sale",TRUE,TRUE,"seller","seller"
"6103","Houghton",38.69,38.69,"TRG","TRG THRESHOLD TIMBER MICHIGAN II LLC*","Verdant Timber Michigan, LLC","Forest Industry","Forest Industry",78.6923076923077,76.414201183432,-2.27810650887574,FALSE,FALSE,TRUE,FALSE,FALSE,0,FALSE,0,FALSE,"rebrand_same_family",FALSE,TRUE,"keeper","seller"
"4915","Houghton",38.5,38.5,"TRG","TRG THRESHOLD TIMBER MICHIGAN II LLC*","Verdant Timber Michigan, LLC","Forest Industry","Forest Industry",75.6759776536313,80.391061452514,4.71508379888269,FALSE,FALSE,TRUE,FALSE,FALSE,0,FALSE,0,FALSE,"rebrand_same_family",FALSE,TRUE,"keeper","seller"
"18958","Houghton",38.2,38.2,"TRG","TRG THRESHOLD TIMBER MICHIGAN II LLC*","Verdant Timber Michigan, LLC","Forest Industry","Forest Industry",52.6453488372093,52.4186046511628,-0.226744186046517,FALSE,FALSE,TRUE,FALSE,FALSE,0,FALSE,0,FALSE,"rebrand_same_family",FALSE,TRUE,"keeper","seller"
"17626","Houghton",37.7,37.7,"TRG","TRG THRESHOLD TIMBER MICHIGAN II LLC*","North Woods Conservancy dba Keweenaw Natural Areas, The","Forest Industry","Other",72.6624203821656,82.5859872611465,9.92356687898089,FALSE,FALSE,FALSE,FALSE,FALSE,0,FALSE,0,FALSE,"other_sale",TRUE,TRUE,"seller","seller"
"18907","Houghton",37.1,37.1,"TRG","TRG THRESHOLD TIMBER MICHIGAN II LLC*","North Woods Conservancy dba Keweenaw Natural Areas, The","Forest Industry","Other",63.0112359550562,79.2640449438202,16.252808988764,FALSE,FALSE,FALSE,FALSE,FALSE,0,FALSE,0,FALSE,"other_sale",TRUE,TRUE,"seller","seller"
"5271","Keweenaw",36.87,36.87,"TRG","TRG THRESHOLD TIMBER MICHIGAN III LLC*","Verdant Timber Michigan, LLC","Forest Industry","Forest Industry",69.0180722891566,75.3674698795181,6.34939759036145,FALSE,FALSE,TRUE,FALSE,FALSE,0,FALSE,0,FALSE,"rebrand_same_family",FALSE,TRUE,"keeper","seller"
"16982","Houghton",35.9,35.9,"TRG","TRG THRESHOLD TIMBER MICHIGAN II LLC*","Verdant Timber Michigan, LLC","Forest Industry","Forest Industry",72.6103896103896,73.6623376623377,1.05194805194806,FALSE,FALSE,TRUE,FALSE,FALSE,0,FALSE,0,FALSE,"rebrand_same_family",FALSE,TRUE,"keeper","seller"
"19759","Keweenaw",35.55,35.55,"TRG","TRG THRESHOLD TIMBER MICHIGAN III LLC*","Keweenaw Investment and Development Sites, L.L.C.","Forest Industry","Other Business",74.4251497005988,76.185628742515,1.76047904191616,FALSE,FALSE,FALSE,FALSE,FALSE,0,FALSE,0,FALSE,"other_sale",TRUE,TRUE,"seller","seller"
"35670","Houghton",35.5,35.5,"TRG","TRG THRESHOLD TIMBER MICHIGAN II LLC*","Verdant Timber Michigan, LLC","Forest Industry","Forest Industry",56.4567901234568,57.962962962963,1.50617283950617,FALSE,FALSE,TRUE,FALSE,FALSE,0,FALSE,0,FALSE,"rebrand_same_family",FALSE,TRUE,"keeper","seller"
"16855","Keweenaw",35.42,35.42,"TRG","TRG THRESHOLD TIMBER MICHIGAN III LLC*","Verdant Timber Michigan, LLC","Forest Industry","Forest Industry",77.2179487179487,73.6538461538462,-3.56410256410255,FALSE,FALSE,TRUE,FALSE,FALSE,0,FALSE,0,FALSE,"rebrand_same_family",FALSE,TRUE,"keeper","seller"
"17627","Houghton",35,35,"TRG","TRG THRESHOLD TIMBER MICHIGAN II LLC*","North Woods Conservancy dba Keweenaw Natural Areas, The","Forest Industry","Other",49.3181818181818,76.4636363636364,27.1454545454545,FALSE,FALSE,FALSE,FALSE,FALSE,0,FALSE,0,FALSE,"other_sale",TRUE,TRUE,"seller","seller"
"18868","Houghton",35,35,"TRG","TRG THRESHOLD TIMBER MICHIGAN II LLC*","Verdant Timber Michigan, LLC","Forest Industry","Forest Industry",39.1962025316456,24.4746835443038,-14.7215189873418,FALSE,FALSE,TRUE,FALSE,FALSE,0,FALSE,0,FALSE,"rebrand_same_family",FALSE,TRUE,"keeper","seller"
"17654","Houghton",34.58,34.58,"TRG","TRG THRESHOLD TIMBER MICHIGAN II LLC*","Verdant Timber Michigan, LLC","Forest Industry","Forest Industry",78.9423076923077,81.1474358974359,2.2051282051282,FALSE,FALSE,TRUE,FALSE,FALSE,0,FALSE,0,FALSE,"rebrand_same_family",FALSE,TRUE,"keeper","seller"
"5193","Keweenaw",34.15,34.15,"TRG","TRG THRESHOLD TIMBER MICHIGAN III LLC*","Verdant Timber Michigan, LLC","Forest Industry","Forest Industry",78.5341614906832,80.3975155279503,1.86335403726707,FALSE,FALSE,TRUE,FALSE,FALSE,0,FALSE,0,FALSE,"rebrand_same_family",FALSE,TRUE,"keeper","seller"
"33920","Houghton",33.92,33.92,"TRG","TRG THRESHOLD TIMBER MICHIGAN II LLC*","Verdant Timber Michigan, LLC","Forest Industry","Forest Industry",81.438202247191,81.7808988764045,0.342696629213478,FALSE,FALSE,TRUE,FALSE,FALSE,0,FALSE,0,FALSE,"rebrand_same_family",FALSE,TRUE,"keeper","seller"
"807","Keweenaw",33.9,NA,"TRG","TRG THRESHOLD TIMBER MICHIGAN III LLC*","non-CFP in 2026","Forest Industry","non-CFP in 2026",70.2058823529412,72.7941176470588,2.58823529411765,FALSE,FALSE,FALSE,TRUE,FALSE,0.508311685819658,TRUE,0,FALSE,"songbird",TRUE,TRUE,"seller","seller"
"18908","Houghton",33.7,33.7,"TRG","TRG THRESHOLD TIMBER MICHIGAN II LLC*","North Woods Conservancy dba Keweenaw Natural Areas, The","Forest Industry","Other",73.6038961038961,80.8571428571429,7.25324675324676,FALSE,FALSE,FALSE,FALSE,FALSE,0,FALSE,0,FALSE,"other_sale",TRUE,TRUE,"seller","seller"
"3393","Houghton",32.5,32.5,"TRG","TRG THRESHOLD TIMBER MICHIGAN II LLC*","Verdant Timber Michigan, LLC","Forest Industry","Forest Industry",81.8432835820896,82.2238805970149,0.380597014925371,FALSE,FALSE,TRUE,FALSE,FALSE,0,FALSE,0,FALSE,"rebrand_same_family",FALSE,TRUE,"keeper","seller"
"22044","Keweenaw",31.6,31.6,"TRG","TRG THRESHOLD TIMBER MICHIGAN III LLC*","Keweenaw Investment and Development Sites, L.L.C.","Forest Industry","Other Business",70.9714285714286,73.5642857142857,2.59285714285714,FALSE,FALSE,FALSE,FALSE,FALSE,0,FALSE,0,FALSE,"other_sale",TRUE,TRUE,"seller","seller"
"23260","Keweenaw",31.13,31.13,"TRG","TRG THRESHOLD TIMBER MICHIGAN III LLC*","Verdant Timber Cub, LLC","Forest Industry","Forest Industry",78.1052631578947,78.7218045112782,0.616541353383454,FALSE,FALSE,TRUE,FALSE,FALSE,0.975621871565849,TRUE,0,FALSE,"songbird",TRUE,TRUE,"seller","seller"
"19782","Keweenaw",30.75,30.75,"TRG","TRG THRESHOLD TIMBER MICHIGAN III LLC*","Verdant Timber Michigan, LLC","Forest Industry","Forest Industry",79.6975308641975,81.7716049382716,2.07407407407408,FALSE,FALSE,TRUE,FALSE,FALSE,0,FALSE,0,FALSE,"rebrand_same_family",FALSE,TRUE,"keeper","seller"
"18860","Houghton",30,NA,"TRG","TRG THRESHOLD TIMBER MICHIGAN II LLC*","non-CFP in 2026","Forest Industry","non-CFP in 2026",79.2074074074074,80.637037037037,1.42962962962963,FALSE,FALSE,FALSE,TRUE,FALSE,0,FALSE,0,FALSE,"left_cfp",TRUE,TRUE,"seller","seller"
"6172","Keweenaw",29.84,29.84,"TRG","TRG THRESHOLD TIMBER MICHIGAN III LLC*","Verdant Timber Cub, LLC","Forest Industry","Forest Industry",75.8099173553719,77.5289256198347,1.71900826446281,FALSE,FALSE,TRUE,FALSE,FALSE,1.00000000000014,TRUE,0,FALSE,"songbird",TRUE,TRUE,"seller","seller"
"32411","Keweenaw",27.6,27.6,"TRG","TRG THRESHOLD TIMBER MICHIGAN III LLC*","Cole, Edward F.","Forest Industry","Private Individual(s)",77.9927536231884,76.6666666666667,-1.32608695652173,FALSE,FALSE,FALSE,FALSE,FALSE,0,FALSE,0,FALSE,"other_sale",TRUE,TRUE,"seller","seller"
"33918","Houghton",26.92,26.92,"TRG","TRG THRESHOLD TIMBER MICHIGAN II LLC*","Verdant Timber Michigan, LLC","Forest Industry","Forest Industry",81.6535433070866,80.9842519685039,-0.669291338582667,FALSE,FALSE,TRUE,FALSE,FALSE,0,FALSE,0,FALSE,"rebrand_same_family",FALSE,TRUE,"keeper","seller"
"33922","Houghton",25.97,25.97,"TRG","TRG THRESHOLD TIMBER MICHIGAN II LLC*","Verdant Timber Michigan, LLC","Forest Industry","Forest Industry",80.1030927835052,80.4639175257732,0.360824742268036,FALSE,FALSE,TRUE,FALSE,FALSE,0,FALSE,0,FALSE,"rebrand_same_family",FALSE,TRUE,"keeper","seller"
"19746","Keweenaw",25,25,"TRG","TRG THRESHOLD TIMBER MICHIGAN II LLC*","Nature Conservancy, The","Forest Industry","Other Business",68.9122807017544,69.9385964912281,1.02631578947368,FALSE,FALSE,FALSE,FALSE,FALSE,0,FALSE,0.999999999999675,TRUE,"tnc_heartlands",TRUE,TRUE,"seller","seller"
"18906","Houghton",24.58,24.58,"TRG","TRG THRESHOLD TIMBER MICHIGAN II LLC*","North Woods Conservancy dba Keweenaw Natural Areas, The","Forest Industry","Other",2.88135593220339,2.42372881355932,-0.457627118644067,FALSE,FALSE,FALSE,FALSE,FALSE,0,FALSE,0,FALSE,"other_sale",TRUE,TRUE,"seller","seller"
"18898","Houghton",22.72,22.72,"TRG","TRG THRESHOLD TIMBER MICHIGAN II LLC*","Verdant Timber Michigan, LLC","Forest Industry","Forest Industry",64.7264150943396,66.0188679245283,1.29245283018868,FALSE,FALSE,TRUE,FALSE,FALSE,0,FALSE,0,FALSE,"rebrand_same_family",FALSE,TRUE,"keeper","seller"
"23291","Keweenaw",20.37,20.37,"TRG","TRG THRESHOLD TIMBER MICHIGAN III LLC*","Keweenaw Investment and Development Sites, L.L.C.","Forest Industry","Other Business",63.2571428571429,63.4095238095238,0.152380952380952,FALSE,FALSE,FALSE,FALSE,FALSE,0,FALSE,0,FALSE,"other_sale",TRUE,TRUE,"seller","seller"
"30573","Houghton",20.3,20.3,"TRG","TRG THRESHOLD TIMBER MICHIGAN II LLC*","Martin J Vanderploeg 2001 Revocable Living Trust, dated May 2, 2001","Forest Industry","Trust",83.5894736842105,84.1894736842105,0.599999999999994,FALSE,FALSE,FALSE,FALSE,FALSE,0,FALSE,0,FALSE,"other_sale",TRUE,TRUE,"seller","seller"
"18843","Houghton",20.26,20.26,"TRG","TRG THRESHOLD TIMBER MICHIGAN II LLC*","Verdant Timber Michigan, LLC","Forest Industry","Forest Industry",80.6043956043956,80.7472527472527,0.142857142857139,FALSE,FALSE,TRUE,FALSE,FALSE,0,FALSE,0,FALSE,"rebrand_same_family",FALSE,TRUE,"keeper","seller"
"18913","Houghton",20,20,"TRG","TRG THRESHOLD TIMBER MICHIGAN II LLC*","Verdant Timber Michigan, LLC","Forest Industry","Forest Industry",83.8913043478261,47.8152173913044,-36.0760869565217,TRUE,FALSE,TRUE,FALSE,FALSE,0,FALSE,0,FALSE,"rebrand_same_family",FALSE,TRUE,"keeper","seller"
"20655","Keweenaw",20,20,"TRG","TRG THRESHOLD TIMBER MICHIGAN III LLC*","Verdant Timber Michigan, LLC","Forest Industry","Forest Industry",83.3870967741936,51.4408602150538,-31.9462365591398,TRUE,FALSE,TRUE,FALSE,FALSE,0.968830460893138,TRUE,0,FALSE,"songbird",TRUE,TRUE,"seller","seller"
"18914","Houghton",20,20,"TRG","TRG THRESHOLD TIMBER MICHIGAN II LLC*","Verdant Timber Michigan, LLC","Forest Industry","Forest Industry",76.3777777777778,52.5666666666667,-23.8111111111111,TRUE,FALSE,TRUE,FALSE,FALSE,0,FALSE,0,FALSE,"rebrand_same_family",FALSE,TRUE,"keeper","seller"
"18919","Houghton",20,20,"TRG","TRG THRESHOLD TIMBER MICHIGAN II LLC*","Verdant Timber Michigan, LLC","Forest Industry","Forest Industry",58.1505376344086,78.7849462365591,20.6344086021505,FALSE,FALSE,TRUE,FALSE,FALSE,0,FALSE,0,FALSE,"rebrand_same_family",FALSE,TRUE,"keeper","seller"
"19727","Keweenaw",20,20,"TRG","TRG THRESHOLD TIMBER MICHIGAN III LLC*","Verdant Timber Michigan, LLC","Forest Industry","Forest Industry",74.7977528089888,56.1123595505618,-18.685393258427,FALSE,FALSE,TRUE,FALSE,FALSE,0,FALSE,0,FALSE,"rebrand_same_family",FALSE,TRUE,"keeper","seller"
"19691","Keweenaw",20,20,"TRG","TRG THRESHOLD TIMBER MICHIGAN III LLC*","Verdant Timber Michigan, LLC","Forest Industry","Forest Industry",80.0459770114943,64.6551724137931,-15.3908045977011,FALSE,FALSE,TRUE,FALSE,FALSE,0,FALSE,0,FALSE,"rebrand_same_family",FALSE,TRUE,"keeper","seller"
"20646","Houghton",20,20,"TRG","TRG THRESHOLD TIMBER MICHIGAN II LLC*","Verdant Timber Michigan, LLC","Forest Industry","Forest Industry",53.6774193548387,68.7096774193548,15.0322580645161,FALSE,FALSE,TRUE,FALSE,FALSE,0,FALSE,0,FALSE,"rebrand_same_family",FALSE,TRUE,"keeper","seller"
"18920","Houghton",20,20,"TRG","TRG THRESHOLD TIMBER MICHIGAN II LLC*","Verdant Timber Michigan, LLC","Forest Industry","Forest Industry",73.7191011235955,63.7865168539326,-9.93258426966293,FALSE,FALSE,TRUE,FALSE,FALSE,0,FALSE,0,FALSE,"rebrand_same_family",FALSE,TRUE,"keeper","seller"
"18918","Houghton",20,20,"TRG","TRG THRESHOLD TIMBER MICHIGAN II LLC*","Verdant Timber Michigan, LLC","Forest Industry","Forest Industry",61.9204545454545,52.0795454545455,-9.84090909090909,FALSE,FALSE,TRUE,FALSE,FALSE,0,FALSE,0,FALSE,"rebrand_same_family",FALSE,TRUE,"keeper","seller"
"18916","Houghton",20,20,"TRG","TRG THRESHOLD TIMBER MICHIGAN II LLC*","Verdant Timber Michigan, LLC","Forest Industry","Forest Industry",78.9770114942529,69.2183908045977,-9.75862068965517,FALSE,FALSE,TRUE,FALSE,FALSE,0,FALSE,0,FALSE,"rebrand_same_family",FALSE,TRUE,"keeper","seller"
"22051","Keweenaw",20,20,"TRG","TRG THRESHOLD TIMBER MICHIGAN III LLC*","Cole, Edward F.","Forest Industry","Private Individual(s)",69.816091954023,76.8390804597701,7.02298850574712,FALSE,FALSE,FALSE,FALSE,FALSE,0,FALSE,0,FALSE,"other_sale",TRUE,TRUE,"seller","seller"
"19706","Keweenaw",20,20,"TRG","TRG THRESHOLD TIMBER MICHIGAN III LLC*","Verdant Timber Michigan, LLC","Forest Industry","Forest Industry",77.1685393258427,82.4044943820225,5.23595505617978,FALSE,FALSE,TRUE,FALSE,FALSE,0,FALSE,0,FALSE,"rebrand_same_family",FALSE,TRUE,"keeper","seller"
"19624","Houghton",20,20,"TRG","TRG THRESHOLD TIMBER MICHIGAN II LLC*","Verdant Timber Michigan, LLC","Forest Industry","Forest Industry",69.3483146067416,74.4719101123596,5.12359550561798,FALSE,FALSE,TRUE,FALSE,FALSE,0,FALSE,0,FALSE,"rebrand_same_family",FALSE,TRUE,"keeper","seller"
"18902","Houghton",20,20,"TRG","TRG THRESHOLD TIMBER MICHIGAN II LLC*","Martin J Vanderploeg 2001 Revocable Living Trust, dated May 2, 2001","Forest Industry","Trust",73.4431818181818,77.8409090909091,4.39772727272728,FALSE,FALSE,FALSE,FALSE,FALSE,0,FALSE,0,FALSE,"other_sale",TRUE,TRUE,"seller","seller"
"19725","Keweenaw",20,20,"TRG","TRG THRESHOLD TIMBER MICHIGAN III LLC*","Verdant Timber Michigan, LLC","Forest Industry","Forest Industry",80.685393258427,84.4157303370787,3.73033707865169,FALSE,FALSE,TRUE,FALSE,FALSE,0,FALSE,0,FALSE,"rebrand_same_family",FALSE,TRUE,"keeper","seller"
"19712","Keweenaw",20,20,"TRG","TRG THRESHOLD TIMBER MICHIGAN III LLC*","Verdant Timber Michigan, LLC","Forest Industry","Forest Industry",80.6091954022989,84.2758620689655,3.66666666666667,FALSE,FALSE,TRUE,FALSE,FALSE,0,FALSE,0,FALSE,"rebrand_same_family",FALSE,TRUE,"keeper","seller"
"19606","Houghton",20,20,"TRG","TRG THRESHOLD TIMBER MICHIGAN II LLC*","Verdant Timber Michigan, LLC","Forest Industry","Forest Industry",80.752808988764,78.123595505618,-2.62921348314607,FALSE,FALSE,TRUE,FALSE,FALSE,0,FALSE,0,FALSE,"rebrand_same_family",FALSE,TRUE,"keeper","seller"
"19719","Keweenaw",20,20,"TRG","TRG THRESHOLD TIMBER MICHIGAN III LLC*","Verdant Timber Michigan, LLC","Forest Industry","Forest Industry",72.6739130434783,70.7391304347826,-1.93478260869566,FALSE,FALSE,TRUE,FALSE,FALSE,0.999999999999908,TRUE,0,FALSE,"songbird",TRUE,TRUE,"seller","seller"
"19696","Keweenaw",20,20,"TRG","TRG THRESHOLD TIMBER MICHIGAN III LLC*","Verdant Timber Michigan, LLC","Forest Industry","Forest Industry",80.6136363636364,82.4659090909091,1.85227272727273,FALSE,FALSE,TRUE,FALSE,FALSE,0,FALSE,0,FALSE,"rebrand_same_family",FALSE,TRUE,"keeper","seller"
"19610","Houghton",20,20,"TRG","TRG THRESHOLD TIMBER MICHIGAN II LLC*","Verdant Timber Michigan, LLC","Forest Industry","Forest Industry",79.6593406593407,80.8901098901099,1.23076923076923,FALSE,FALSE,TRUE,FALSE,FALSE,0,FALSE,0,FALSE,"rebrand_same_family",FALSE,TRUE,"keeper","seller"
"19722","Keweenaw",20,20,"TRG","TRG THRESHOLD TIMBER MICHIGAN III LLC*","Verdant Timber Michigan, LLC","Forest Industry","Forest Industry",83.4712643678161,84.6436781609195,1.17241379310344,FALSE,FALSE,TRUE,FALSE,FALSE,0,FALSE,0,FALSE,"rebrand_same_family",FALSE,TRUE,"keeper","seller"
"18895","Houghton",20,20,"TRG","TRG THRESHOLD TIMBER MICHIGAN II LLC*","Verdant Timber Michigan, LLC","Forest Industry","Forest Industry",82.6703296703297,83.8131868131868,1.14285714285715,FALSE,FALSE,TRUE,FALSE,FALSE,0,FALSE,0,FALSE,"rebrand_same_family",FALSE,TRUE,"keeper","seller"
"21455","Keweenaw",20,20,"TRG","TRG THRESHOLD TIMBER MICHIGAN II LLC*","Nature Conservancy, The","Forest Industry","Other Business",76.5,77.546511627907,1.04651162790698,FALSE,FALSE,FALSE,FALSE,FALSE,0,FALSE,0.999999999999708,TRUE,"tnc_heartlands",TRUE,TRUE,"seller","seller"
"19700","Keweenaw",20,20,"TRG","TRG THRESHOLD TIMBER MICHIGAN III LLC*","Verdant Timber Michigan, LLC","Forest Industry","Forest Industry",85.2527472527473,86.2637362637363,1.01098901098901,FALSE,FALSE,TRUE,FALSE,FALSE,0,FALSE,0,FALSE,"rebrand_same_family",FALSE,TRUE,"keeper","seller"
"19739","Keweenaw",20,20,"TRG","TRG THRESHOLD TIMBER MICHIGAN II LLC*","Nature Conservancy, The","Forest Industry","Other Business",80.0989010989011,80.989010989011,0.890109890109898,FALSE,FALSE,FALSE,FALSE,FALSE,0,FALSE,0.985528020096904,TRUE,"tnc_heartlands",TRUE,TRUE,"seller","seller"
"19710","Keweenaw",20,20,"TRG","TRG THRESHOLD TIMBER MICHIGAN III LLC*","Verdant Timber Michigan, LLC","Forest Industry","Forest Industry",74.1333333333333,74.8444444444444,0.711111111111109,FALSE,FALSE,TRUE,FALSE,FALSE,0,FALSE,0,FALSE,"rebrand_same_family",FALSE,TRUE,"keeper","seller"
"20644","Houghton",20,20,"TRG","TRG THRESHOLD TIMBER MICHIGAN II LLC*","Verdant Timber Michigan, LLC","Forest Industry","Forest Industry",77.8152173913043,78.4891304347826,0.673913043478265,FALSE,FALSE,TRUE,FALSE,FALSE,0,FALSE,0,FALSE,"rebrand_same_family",FALSE,TRUE,"keeper","seller"
"19608","Houghton",20,20,"TRG","TRG THRESHOLD TIMBER MICHIGAN II LLC*","Verdant Timber Michigan, LLC","Forest Industry","Forest Industry",81.8666666666667,82.4777777777778,0.611111111111114,FALSE,FALSE,TRUE,FALSE,FALSE,0,FALSE,0,FALSE,"rebrand_same_family",FALSE,TRUE,"keeper","seller"
"18876","Houghton",20,20,"TRG","TRG THRESHOLD TIMBER MICHIGAN II LLC*","Verdant Timber Michigan, LLC","Forest Industry","Forest Industry",78.1348314606742,78.685393258427,0.550561797752806,FALSE,FALSE,TRUE,FALSE,FALSE,0,FALSE,0,FALSE,"rebrand_same_family",FALSE,TRUE,"keeper","seller"
"18900","Houghton",20,20,"TRG","TRG THRESHOLD TIMBER MICHIGAN II LLC*","Verdant Timber Michigan, LLC","Forest Industry","Forest Industry",82.8333333333333,83.2666666666667,0.433333333333337,FALSE,FALSE,TRUE,FALSE,FALSE,0,FALSE,0,FALSE,"rebrand_same_family",FALSE,TRUE,"keeper","seller"
"19695","Keweenaw",20,20,"TRG","TRG THRESHOLD TIMBER MICHIGAN III LLC*","Verdant Timber Michigan, LLC","Forest Industry","Forest Industry",77.4117647058823,77,-0.411764705882348,FALSE,FALSE,TRUE,FALSE,FALSE,0,FALSE,0,FALSE,"rebrand_same_family",FALSE,TRUE,"keeper","seller"
"19779","Keweenaw",20,20,"TRG","TRG THRESHOLD TIMBER MICHIGAN III LLC*","Edochi, LLC","Forest Industry","Other Business",75.5795454545455,75.2272727272727,-0.35227272727272,FALSE,FALSE,FALSE,FALSE,FALSE,0,FALSE,0,FALSE,"other_sale",TRUE,TRUE,"seller","seller"
"18856","Houghton",20,20,"TRG","TRG THRESHOLD TIMBER MICHIGAN II LLC*","Verdant Timber Michigan, LLC","Forest Industry","Forest Industry",42.8255813953488,42.4883720930233,-0.337209302325576,FALSE,FALSE,TRUE,FALSE,FALSE,0,FALSE,0,FALSE,"rebrand_same_family",FALSE,TRUE,"keeper","seller"
"19704","Keweenaw",20,20,"TRG","TRG THRESHOLD TIMBER MICHIGAN III LLC*","Verdant Timber Michigan, LLC","Forest Industry","Forest Industry",71.3953488372093,71.2325581395349,-0.16279069767441,FALSE,FALSE,TRUE,FALSE,FALSE,0,FALSE,0,FALSE,"rebrand_same_family",FALSE,TRUE,"keeper","seller"
"19698","Keweenaw",20,20,"TRG","TRG THRESHOLD TIMBER MICHIGAN III LLC*","Verdant Timber Michigan, LLC","Forest Industry","Forest Industry",80.4883720930233,80.6395348837209,0.151162790697668,FALSE,FALSE,TRUE,FALSE,FALSE,0,FALSE,0,FALSE,"rebrand_same_family",FALSE,TRUE,"keeper","seller"
"19035","Keweenaw",20,20,"TRG","TRG THRESHOLD TIMBER MICHIGAN II LLC*","Nature Conservancy, The","Forest Industry","Other Business",66.632183908046,66.5632183908046,-0.0689655172413808,FALSE,FALSE,FALSE,FALSE,FALSE,0,FALSE,1.00000000000037,TRUE,"tnc_heartlands",TRUE,TRUE,"seller","seller"
"19693","Keweenaw",20,20,"TRG","TRG THRESHOLD TIMBER MICHIGAN III LLC*","Verdant Timber Michigan, LLC","Forest Industry","Forest Industry",73.0888888888889,73.1111111111111,0.0222222222222257,FALSE,FALSE,TRUE,FALSE,FALSE,0,FALSE,0,FALSE,"rebrand_same_family",FALSE,TRUE,"keeper","seller"
